type,key,label,candidateCount,sampleAnswers
contains_letters,contains_letters:ahp,A と H と P をすべて含む単語,19824,"abbotship, abbotships, papaphobist, phthisiophobia, posthabit, sitiophobia, sitophobia, stasiphobia, stasophobia, abepithymia, amphibiety, abigailship"
contains_letters,contains_letters:chr,C と H と R をすべて含む単語,19756,"abbroachment, carbomethene, chronobarometer, abdominohysterectomy, abdominothoracic, rhabdomantic, abhorrence, archbeacon, bronchorrhea, nonbreach, orobanchaceae, orobanche"
contains_letters,contains_letters:cpt,C と P と T をすべて含む単語,19709,"abiotrophic, batrachophobia, ophiobatrachia, trichopathophobia, trichophobia, ableptical, battlepiece, biplicate, ableptically, acceptability, peccability, absorptance"
contains_letters,contains_letters:hu,H と U をすべて含む単語,19580,"abelmoschus, ablepharous, sphaerobolus, ablepharus, pearlbush, ablush, subhall, abouchement, abought, abranchious, branchiosaur, branchiosauria"
contains_letters,contains_letters:any,A と N と Y をすべて含む単語,19564,"abactinally, cannibality, incitability, abandonedly, abdominally, abdominocystic, abdominohysterectomy, abdominohysterotomy, abdominoscopy, abeyance, abeyancy, abeyances"
contains_letters,contains_letters:hy,H と Y をすべて含む単語,19477,"abayah, bahay, abashedly, shadbelly, abashlessly, bashyle, abdominohysterectomy, abdominohysterotomy, abepithymia, amphibiety, abernethy, abhenry"
contains_letters,contains_letters:rv,R と V をすべて含む単語,19430,"aardvark, aardvarks, aardwolves, abbrev, beaver, bebrave, bereave, bereaver, berreave, brave, braver, breva"
contains_letters,contains_letters:rty,R と T と Y をすべて含む単語,19357,"abbreviately, irretrievability, irretrievably, rebarbatively, retrievability, retrievably, revealability, revelability, revivability, travelability, travellability, verbality"
contains_letters,contains_letters:clu,C と L と U をすべて含む単語,19217,"abaculi, abulic, albiculi, baculi, cabilliau, cubical, cubicula, abaculus, baculus, subclass, subclausal, subucula"
contains_letters,contains_letters:ehp,E と H と P をすべて含む単語,19061,"abepithymia, amphibiety, ablepharia, ablepharon, balanophore, blepharoblennorrhea, ablepharous, sphaerobolus, ablepharus, pearlbush, absenteeship, academicianship"
contains_letters,contains_letters:eny,E と N と Y をすべて含む単語,18974,"abandonedly, abdominohysterectomy, abdominohysterotomy, abeyance, abeyancy, abeyances, abeyancies, biscayen, abeyant, abernethy, aberrancy, cranberry"
contains_letters,contains_letters:ben,B と E と N をすべて含む単語,18935,"abacinate, abietinic, antecabinet, antitabetic, bennettitaceae, betacaine, cabinet, abadengo, bondage, dogbane, abaisance, becassine"
contains_letters,contains_letters:acd,A と C と D をすべて含む単語,18892,"abdicable, bacillicide, cablelaid, decidable, abdicant, abdicate, abdicated, batidaceae, diabetic, abdicates, diabetics, abdicating"
contains_letters,contains_letters:bes,B と E と S をすべて含む単語,18858,"abacuses, because, besauce, subcase, subcause, subcauses, succubae, abaisance, becassine, beisance, benincasa, bienseance"
contains_letters,contains_letters:dh,D と H をすべて含む単語,18854,"aahed, ahead, deadhead, deadheaded, hade, haded, haed, head, headed, ababdeh, beehead, beeheaded"
contains_letters,contains_letters:dlo,D と L と O をすべて含む単語,18813,"aardwolf, floorward, forwardal, waldorf, wolfward, aardwolves, abandonable, ballooned, belladonna, bladebone, bondable, denebola"
contains_letters,contains_letters:lnp,L と N と P をすべて含む単語,18788,"ablepharon, balanophore, blepharoblennorrhea, absorptional, proabolitionist, acalephan, acephalan, encephala, epencephal, epencephala, neencephala, paleencephala"
contains_letters,contains_letters:lry,L と R と Y をすべて含む単語,18741,"abbreviately, irretrievability, irretrievably, rebarbatively, retrievability, retrievably, revealability, revelability, revivability, travelability, travellability, verbality"
contains_letters,contains_letters:bil,B と I と L をすべて含む単語,18621,"abacli, baccilla, baccilli, baccillla, bacilli, balaic, biblical, cabalic, abacterial, bacterial, bicalcarate, calibrate"
contains_letters,contains_letters:dst,D と S と T をすべて含む単語,18480,"abandonments, abastard, bastaard, bastard, bastarda, bastards, tabards, abastardize, bastardize, bastardized, bastardizes, abatised"
contains_letters,contains_letters:dln,D と L と N をすべて含む単語,18461,"abalienated, alabandite, bidental, bidentalia, bidential, bilineated, debilitant, dentilabial, detainable, teindable, abandonable, ballooned"
contains_letters,contains_letters:lny,L と N と Y をすべて含む単語,18452,"abactinally, cannibality, incitability, abandonedly, abdominally, aberrantly, abhorrently, abidingly, dabblingly, abiogenetically, biogenetically, congealability"
contains_letters,contains_letters:hnt,H と N と T をすべて含む単語,18443,"abashment, abashments, bashment, abbroachment, carbomethene, chronobarometer, abdominohysterectomy, abdominohysterotomy, abdominothoracic, rhabdomantic, abernethy, abhorrent"
contains_letters,contains_letters:hlo,H と L と O をすべて含む単語,18399,"abelmoschus, abhominable, abhorrently, abhorrible, abyssolith, ablepharon, balanophore, blepharoblennorrhea, ablepharous, sphaerobolus, abolish, halibios"
contains_letters,contains_letters:cg,C と G をすべて含む単語,18278,"abdicating, abducing, abducting, unabdicating, abencerrages, abiogenetic, cabotinage, geobotanic, iceboating, abiogenetical, biogenetical, geobotanical"
contains_letters,contains_letters:dep,D と E と P をすべて含む単語,18277,"abdominoposterior, abdominoscope, abruptedly, academicianship, acalephoid, acidophile, cephalodia, cephaloid, cephalopodic, dolichocephal, dolichocephali, dolichocephalic"
contains_letters,contains_letters:noy,N と O と Y をすべて含む単語,18276,"abandonedly, abdominally, abdominocystic, abdominohysterectomy, abdominohysterotomy, abdominoscopy, abhorrency, abhorrently, abiogenetically, biogenetically, congealability, geobotanically"
contains_letters,contains_letters:av,A と V をすべて含む単語,18228,"aardvark, aardvarks, aardwolves, aasvogel, aasvogels, lovages, abave, abbevillian, bevillain, enviable, inviable, veniable"
contains_letters,contains_letters:ags,A と G と S をすべて含む単語,18188,"aasvogel, aasvogels, lovages, abasgi, bigas, gabbais, abashing, banishing, bashing, abasing, baggings, basing"
contains_letters,contains_letters:eiv,E と I と V をすべて含む単語,18140,"abbevillian, bevillain, enviable, inviable, veniable, abbreviatable, avertible, irretrievable, liberative, retrievable, triverbal, triverbial"
contains_letters,contains_letters:cht,C と H と T をすべて含む単語,18094,"abbroachment, carbomethene, chronobarometer, abdominohysterectomy, abdominothoracic, rhabdomantic, abichite, bathetic, thebaic, abiotrophic, batrachophobia, ophiobatrachia"
contains_letters,contains_letters:abn,A と B と N をすべて含む単語,18093,"abacinate, abietinic, antecabinet, antitabetic, bennettitaceae, betacaine, cabinet, abacination, abaction, anabiotic, antibiotic, antitobacco"
contains_letters,contains_letters:hnr,H と N と R をすべて含む単語,17911,"abbroachment, carbomethene, chronobarometer, abdominohysterectomy, abdominohysterotomy, abdominothoracic, rhabdomantic, abernethy, abhenry, abhenries, bairnishness, banisher"
contains_letters,contains_letters:my,M と Y をすべて含む単語,17895,"abdominally, abdominocystic, abdominohysterectomy, abdominohysterotomy, abdominoscopy, abepithymia, amphibiety, abysm, abysms, ambassy, abysmal, abysmally"
contains_letters,contains_letters:cps,C と P と S をすべて含む単語,17883,"abdominoscope, abdominoscopy, aberroscope, baroscope, abyssopelagic, absorptance, absorptiometric, academicianship, acalephes, acalephs, cachespell, chapeless"
contains_letters,contains_letters:isy,I と S と Y をすべて含む単語,17847,"abdominocystic, abdominohysterectomy, abdominohysterotomy, abdominoscopy, abeyancies, biscayen, abyssinia, abyssinian, abyssinians, bisayan, abyssobenthonic, abyssolith"
contains_letters,contains_letters:bir,B と I と R をすべて含む単語,17831,"abacterial, bacterial, bicalcarate, calibrate, calibrater, celibataire, irretraceable, irretractable, liberatrice, recalibrate, recitable, retractible"
contains_letters,contains_letters:bin,B と I と N をすべて含む単語,17825,"abacinate, abietinic, antecabinet, antitabetic, bennettitaceae, betacaine, cabinet, abacination, abaction, anabiotic, antibiotic, antitobacco"
contains_letters,contains_letters:diu,D と I と U をすべて含む単語,17807,"abdominous, subdomains, abducing, abducting, unabdicating, abduction, abductions, audubonistic, discubation, subindication, abecedarium, abecedarius"
contains_letters,contains_letters:emu,E と M と U をすべて含む単語,17774,"abecedarium, abelmoschus, abelmusk, abjurement, abnumerable, blubberman, enumerable, lumberman, manurable, membranula, membranule, numberable"
contains_letters,contains_letters:ciy,C と I と Y をすべて含む単語,17705,"abactinally, cannibality, incitability, abdominocystic, abdominohysterectomy, abdominoscopy, abeyancies, biscayen, abiogenetically, biogenetically, congealability, geobotanically"
contains_letters,contains_letters:af,A と F をすべて含む単語,17685,"aardwolf, floorward, forwardal, waldorf, wolfward, abaff, afb, baff, fab, faba, abaft, aftaba"
contains_letters,contains_letters:grt,G と R と T をすべて含む単語,17595,"abbreviating, reabbreviating, reverberating, revibrating, verbenating, verbigerating, aberrating, annabergite, antirebating, bantering, bartering, battering"
contains_letters,contains_letters:psu,P と S と U をすべて含む単語,17576,"abaptistum, ablepharous, sphaerobolus, ablepharus, pearlbush, abruptest, butterpaste, perturbatress, abruptiones, perturbations, petrobrusian, subapprobatiness"
contains_letters,contains_letters:uy,U と Y をすべて含む単語,17557,"abyssus, abjuratory, ablutionary, tintinnabulatory, unorbitally, aboundingly, abruptedly, abruptly, absyrtus, subtray, subturbary, absolutely"
contains_letters,contains_letters:lmt,L と M と T をすべて含む単語,17535,"abdominogenital, abiliment, bailment, bilaminate, imbalmment, inimitable, lamentabile, libament, maintainable, ablastemic, acclimatisable, amicabilities"
contains_letters,contains_letters:bet,B と E と T をすべて含む単語,17494,"abacate, baccate, abacinate, abietinic, antecabinet, antitabetic, bennettitaceae, betacaine, cabinet, abacterial, bacterial, bicalcarate"
contains_letters,contains_letters:pru,P と R と U をすべて含む単語,17470,"ablepharous, sphaerobolus, ablepharus, pearlbush, abrupt, abruptedly, abrupter, perturbate, abruptest, butterpaste, perturbatress, abruptio"
contains_letters,contains_letters:cdo,C と D と O をすべて含む単語,17466,"abdication, bandicoot, nonabdication, abdications, bandicoots, disboscation, abdicator, bactritoid, diabrotic, diabrotica, abdominocardiac, abdominocentesis"
contains_letters,contains_letters:hns,H と N と S をすべて含む単語,17262,"abashedness, headbands, abashing, banishing, bashing, abashment, abashments, bashment, abdominohysterectomy, abdominohysterotomy, abhenries, bairnishness"
contains_letters,contains_letters:beo,B と E と O をすべて含む単語,17250,"abadejo, jobade, abadengo, bondage, dogbane, abalienation, anabolite, ballottine, balneation, bonetail, inobtainable, intonable"
contains_letters,contains_letters:erv,E と R と V をすべて含む単語,17231,"aardwolves, abbrev, beaver, bebrave, bereave, bereaver, berreave, brave, braver, breva, everbearer, abbreviatable"
contains_letters,contains_letters:got,G と O と T をすべて含む単語,17230,"abdominogenital, abiogenesist, abiogenist, abnegations, geobotanist, obsignate, abiogenetic, cabotinage, geobotanic, iceboating, abiogenetical, biogenetical"
contains_letters,contains_letters:dru,D と R と U をすべて含む単語,17159,"abductor, abductores, subcordate, abductors, abecedarium, abecedarius, carburised, decarburise, decarburised, subcarbide, aberduvine, abjudicator"
contains_letters,contains_letters:lms,L と M と S をすべて含む単語,17155,"abdominales, bidimensional, nonadmissible, nonadmissibleness, abdominals, abdominovesical, vesicoabdominal, abelmoschus, abelmosk, abelmosks, smokable, smokables"
contains_letters,contains_letters:lmn,L と M と N をすべて含む単語,17143,"abdominal, abdominalia, abdominalian, abdominales, bidimensional, nonadmissible, nonadmissibleness, abdominally, abdominals, abdominogenital, abdominovaginal, vaginoabdominal"
contains_letters,contains_letters:hpr,H と P と R をすべて含む単語,17123,"abiotrophy, abiotrophic, batrachophobia, ophiobatrachia, trichopathophobia, trichophobia, ablepharia, ablepharon, balanophore, blepharoblennorrhea, ablepharous, sphaerobolus"
contains_letters,contains_letters:emp,E と M と P をすべて含む単語,17080,"abampere, parabema, abamperes, absampere, preembarrass, abdominoposterior, abdominoscope, abepithymia, amphibiety, absorptiometer, absorptiometric, academicianship"
contains_letters,contains_letters:abt,A と B と T をすべて含む単語,17035,"abacate, baccate, abacinate, abietinic, antecabinet, antitabetic, bennettitaceae, betacaine, cabinet, abacination, abaction, anabiotic"
contains_letters,contains_letters:acy,A と C と Y をすべて含む単語,16968,"abacay, abbacy, baccy, cabby, abactinally, cannibality, incitability, abbotcy, tobaccoy, abdominocystic, abdominohysterectomy, abdominoscopy"
contains_letters,contains_letters:nv,N と V をすべて含む単語,16942,"abbevillian, bevillain, enviable, inviable, veniable, abbreviating, reabbreviating, reverberating, revibrating, verbenating, verbigerating, abbreviation"
contains_letters,contains_letters:fn,F と N をすべて含む単語,16938,"abortifacient, birefraction, febricitation, refabrication, absorbefacient, sorbefacient, abusefulness, balefulness, banefulness, unaffableness, unfeasable, unfeasableness"
contains_letters,contains_letters:fo,F と O をすべて含む単語,16933,"aardwolf, floorward, forwardal, waldorf, wolfward, abortifacient, birefraction, febricitation, refabrication, aboveproof, absorbefacient, sorbefacient"
contains_letters,contains_letters:dem,D と E と M をすべて含む単語,16868,"abandonment, abodement, nonabandonment, abandonments, abdomen, bemoaned, endamoeba, endamoebae, abdomens, embadomonas, endamoebas, abdominales"
contains_letters,contains_letters:cmr,C と M と R をすべて含む単語,16820,"abbroachment, carbomethene, chronobarometer, abdominocardiac, abdominohysterectomy, abdominothoracic, rhabdomantic, abecedarium, abnormalcy, abnormalcies, scribbleomania, abrahamic"
contains_letters,contains_letters:coy,C と O と Y をすべて含む単語,16820,"abbotcy, tobaccoy, abdominocystic, abdominohysterectomy, abdominoscopy, abhorrency, abiogenetically, biogenetically, congealability, geobotanically, abiologically, biologically"
contains_letters,contains_letters:imp,I と M と P をすべて含む単語,16794,"abaptistum, abdominoposterior, abdominoscope, abdominoscopy, abepithymia, amphibiety, absorptiometer, absorptiometric, absumption, academicianship, acampsia, scampi"
contains_letters,contains_letters:osy,O と S と Y をすべて含む単語,16771,"abdominocystic, abdominohysterectomy, abdominohysterotomy, abdominoscopy, abyssobenthonic, abyssolith, abyssopelagic, abscondedly, decasyllabon, nondecasyllable, absolutely, beauteously"
contains_letters,contains_letters:abs,A と B と S をすべて含む単語,16733,"abacas, cabas, cabasa, cabs, casaba, casabas, cassaba, cassabas, scab, scabs, abacisci, abasic"
contains_letters,contains_letters:imu,I と M と U をすべて含む単語,16714,"abaptistum, abdominous, subdomains, abecedarium, abomasusi, absinthium, absolutism, automobilism, automobilist, automobilists, abstemious, abstemiously"
contains_letters,contains_letters:clp,C と L と P をすべて含む単語,16705,"abapical, abyssopelagic, ableptical, battlepiece, biplicate, ableptically, acceptability, peccability, acaleph, acalepha, acalephae, acalephe"
contains_letters,contains_letters:esy,E と S と Y をすべて含む単語,16698,"abasedly, syllabled, abashedly, shadbelly, abashlessly, bashyle, abbeys, abyes, abysses, absey, esbay, abbeystead"
contains_letters,contains_letters:ov,O と V をすべて含む単語,16697,"aardwolves, aasvogel, aasvogels, lovages, abbreviation, nonabortive, reverberation, revibration, verberation, vertebration, abbreviations, abortiveness"
contains_letters,contains_letters:nty,N と T と Y をすべて含む単語,16686,"abactinally, cannibality, incitability, abdominocystic, abdominohysterectomy, abdominohysterotomy, abeyant, abernethy, aberrantly, abhorrently, abiogenetically, biogenetically"
contains_letters,contains_letters:gp,G と P をすべて含む単語,16683,"abigailship, abyssopelagic, acanthopterygian, acanthopterygii, chiropterygian, hyperorthognathic, ichthyopterygian, rehypothecating, accelerograph, calcographer, cephalograph, chalcographer"
contains_letters,contains_letters:glo,G と L と O をすべて含む単語,16661,"aasvogel, aasvogels, lovages, abdominogenital, abdominovaginal, vaginoabdominal, abiogenetical, biogenetical, geobotanical, incogitable, abiogenetically, biogenetically"
contains_letters,contains_letters:fl,F と L をすべて含む単語,16626,"aardwolf, floorward, forwardal, waldorf, wolfward, abuseful, suffusable, abusefully, abusefulness, balefulness, banefulness, unaffableness"
contains_letters,contains_letters:dlr,D と L と R をすべて含む単語,16571,"aardwolf, floorward, forwardal, waldorf, wolfward, aardwolves, abnormalised, bandolerismo, abnormalized, modernizable, abradable, balder"
contains_letters,contains_letters:cmt,C と M と T をすべて含む単語,16553,"abbroachment, carbomethene, chronobarometer, abdominocentesis, disembocation, abdominocystic, abdominohysterectomy, abdominothoracic, rhabdomantic, ablastemic, acclimatisable, amicabilities"
contains_letters,contains_letters:ipu,I と P と U をすべて含む単語,16528,"abaptistum, abruptio, tubipora, abruption, unapprobation, abruptiones, perturbations, petrobrusian, subapprobatiness, superobstinate, superobstinateness, turbinatostipitate"
contains_letters,contains_letters:bc,B と C をすべて含む単語,16516,"abac, abaca, abc, bac, bacaba, bacca, caaba, cab, caba, cabaa, abacay, abbacy"
contains_letters,contains_letters:dg,D と G をすべて含む単語,16448,"abadengo, bondage, dogbane, abandoning, aboding, bignoniad, nonabiding, abbogada, abogado, dagoba, abdicating, abdominogenital"
contains_letters,contains_letters:lsy,L と S と Y をすべて含む単語,16353,"abasedly, syllabled, abashedly, shadbelly, abashlessly, bashyle, abysmal, abysmally, balsamy, abyssal, ballsy, basally"
contains_letters,contains_letters:cnp,C と N と P をすべて含む単語,16325,"abdominoscope, abdominoscopy, absorptance, academicianship, acalephan, acephalan, encephala, epencephal, epencephala, neencephala, paleencephala, phalaecean"
contains_letters,contains_letters:gh,G と H をすべて含む単語,16252,"aahing, anhinga, anigh, ghain, ghanaian, ghanian, hagging, hanging, aargh, aarrgh, aarrghh, agrah"
contains_letters,contains_letters:lmr,L と M と R をすべて含む単語,16217,"abnormal, abnormalcy, abnormalcies, scribbleomania, abnormalise, ameliorableness, nonliberalism, salmonberries, semibaronial, abnormalised, bandolerismo, abnormalising"
contains_letters,contains_letters:cdr,C と D と R をすべて含む単語,16174,"abdicator, bactritoid, diabrotic, diabrotica, abdominocardiac, abdominohysterectomy, abdominothoracic, rhabdomantic, abductor, abductores, subcordate, abductors"
contains_letters,contains_letters:mop,M と O と P をすべて含む単語,16174,"abdominoposterior, abdominoscope, abdominoscopy, absorptiometer, absorptiometric, absumption, acanthopomatous, accompanable, companable, accompany, capnomancy, company"
contains_letters,contains_letters:gos,G と O と S をすべて含む単語,16135,"aasvogel, aasvogels, lovages, abiogeneses, abiogenesis, begonias, biogenase, abiogenesist, abiogenist, abnegations, geobotanist, obsignate"
contains_letters,contains_letters:grs,G と R と S をすべて含む単語,16098,"abencerrages, abnegators, bargestone, abnormalising, mislaboring, aboriginals, laborings, aborigines, bergsonian, orangeberries, reabsorbing, rosenbergia"
contains_letters,contains_letters:adu,A と D と U をすべて含む単語,16069,"abandum, mbunda, abdominous, subdomains, abduce, abduced, abducens, abundances, unabscessed, unscabbed, abducent, unabducted"
contains_letters,contains_letters:asy,A と S と Y をすべて含む単語,16066,"abasedly, syllabled, abashedly, shadbelly, abashlessly, bashyle, abbeys, abyes, abysses, absey, esbay, abbeystead"
contains_letters,contains_letters:abo,A と B と O をすべて含む単語,16051,"abacination, abaction, anabiotic, antibiotic, antitobacco, botanic, botanica, cabotin, cibation, nonbotanic, abacot, abboccato"
contains_letters,contains_letters:bis,B と I と S をすべて含む単語,16038,"abacisci, abasic, abcissa, absciss, abscissa, abscissas, bacis, basic, basics, bibasic, caccabis, scabia"
contains_letters,contains_letters:gm,G と M をすべて含む単語,15999,"abdominogenital, abdominovaginal, vaginoabdominal, abnormalising, mislaboring, abnormalizing, abominating, ambitioning, bombinating, abridgement, abridgment, abridgements"
contains_letters,contains_letters:fs,F と S をすべて含む単語,15899,"abfarads, absfarad, absorbefacient, sorbefacient, abuseful, suffusable, abusefully, abusefulness, balefulness, banefulness, unaffableness, unfeasable"
contains_letters,contains_letters:cdn,C と D と N をすべて含む単語,15877,"abdicant, abdicating, abdication, bandicoot, nonabdication, abdications, bandicoots, disboscation, abdominocardiac, abdominocentesis, disembocation, abdominocystic"
contains_letters,contains_letters:hps,H と P と S をすべて含む単語,15861,"abbotship, abbotships, papaphobist, phthisiophobia, posthabit, sitiophobia, sitophobia, stasiphobia, stasophobia, abigailship, ablepharous, sphaerobolus"
contains_letters,contains_letters:bit,B と I と T をすべて含む単語,15822,"abacinate, abietinic, antecabinet, antitabetic, bennettitaceae, betacaine, cabinet, abacination, abaction, anabiotic, antibiotic, antitobacco"
contains_letters,contains_letters:chs,C と H と S をすべて含む単語,15805,"abdominohysterectomy, abelmoschus, abhorrences, abyssobenthonic, ablewhackets, abrachias, baccharis, crabbish, abranchialism, abranchious, branchiosaur, branchiosauria"
contains_letters,contains_letters:ek,E と K をすべて含む単語,15749,"abelmosk, abelmosks, smokable, smokables, smokeable, abelmusk, abhiseka, bakshishes, ablewhackets, abococket, abovedeck, absarokite"
contains_letters,contains_letters:dy,D と Y をすべて含む単語,15729,"abandonedly, abasedly, syllabled, abashedly, shadbelly, abbeystead, abbeystede, bestayed, abditory, abdominally, abdominocystic, abdominohysterectomy"
contains_letters,contains_letters:hlt,H と L と T をすべて含む単語,15711,"abhorrently, abyssolith, ablewhackets, abolishment, abolishments, nonestablishment, absinthial, absinthol, biathlons, nihilobstat, absinthole, nonhabitableness"
contains_letters,contains_letters:nry,N と R と Y をすべて含む単語,15679,"abdominohysterectomy, abdominohysterotomy, abernethy, aberrancy, cranberry, aberrantly, abhenry, abhenrys, abshenry, abhorrency, abhorrently, ablutionary"
contains_letters,contains_letters:amu,A と M と U をすべて含む単語,15645,"abandum, mbunda, abaptistum, abcoulomb, columba, abdominous, subdomains, abecedarium, abelmoschus, abelmusk, abjurement, abnormous"
contains_letters,contains_letters:dsu,D と S と U をすべて含む単語,15596,"abdominous, subdomains, abducens, abundances, unabscessed, unscabbed, abducentes, subaduncate, substanced, unsubstanced, abduces, abductions"
contains_letters,contains_letters:amp,A と M と P をすべて含む単語,15577,"abamp, abampere, parabema, abamperes, absampere, preembarrass, abamps, abaptistum, abdominoposterior, abdominoscope, abdominoscopy, abepithymia"
contains_letters,contains_letters:ft,F と T をすべて含む単語,15555,"abaft, aftaba, baft, bafta, abortifacient, birefraction, febricitation, refabrication, absorbefacient, sorbefacient, acetabuliferous, cobaltiferous"
contains_letters,contains_letters:opy,O と P と Y をすべて含む単語,15473,"abdominoscopy, abiotrophy, abyssopelagic, absorptively, absorptivity, acanthopterygian, acanthopterygii, chiropterygian, hyperorthognathic, ichthyopterygian, rehypothecating, accompany"
contains_letters,contains_letters:cly,C と L と Y をすべて含む単語,15446,"abactinally, cannibality, incitability, abiogenetically, biogenetically, congealability, geobotanically, abiologically, biologically, abiotically, allocability, biocatalytic"
contains_letters,contains_letters:gnu,G と N と U をすべて含む単語,15440,"abducing, abducting, unabdicating, abiogenous, basigenous, abjudging, abjudicating, abjuring, abounding, unabandoning, aboundingly, aboveground"
contains_letters,contains_letters:opu,O と P と U をすべて含む単語,15378,"ablepharous, sphaerobolus, abruptio, tubipora, abruption, unapprobation, abruptiones, perturbations, petrobrusian, subapprobatiness, superobstinate, superobstinateness"
contains_letters,contains_letters:bio,B と I と O をすべて含む単語,15355,"abacination, abaction, anabiotic, antibiotic, antitobacco, botanic, botanica, cabotin, cibation, nonbotanic, abalation, ablation"
contains_letters,contains_letters:cmn,C と M と N をすべて含む単語,15278,"abbroachment, carbomethene, chronobarometer, abdominocardiac, abdominocentesis, disembocation, abdominocystic, abdominohysterectomy, abdominoscope, abdominoscopy, abdominothoracic, rhabdomantic"
contains_letters,contains_letters:dls,D と L と S をすべて含む単語,15275,"aardwolves, abasedly, syllabled, abashedly, shadbelly, abdominales, bidimensional, nonadmissible, nonadmissibleness, abdominals, abdominovesical, vesicoabdominal"
contains_letters,contains_letters:efr,E と F と R をすべて含む単語,15275,"abortifacient, birefraction, febricitation, refabrication, aboveproof, absorbefacient, sorbefacient, acetabuliferous, cobaltiferous, acetabuliform, acetifier, actifier"
contains_letters,contains_letters:hpt,H と P と T をすべて含む単語,15224,"abbotship, abbotships, papaphobist, phthisiophobia, posthabit, sitiophobia, sitophobia, stasiphobia, stasophobia, abepithymia, amphibiety, abiotrophy"
contains_letters,contains_letters:sty,S と T と Y をすべて含む単語,15214,"abbeystead, abbeystede, bestayed, abdominocystic, abdominohysterectomy, abdominohysterotomy, abyssobenthonic, abyssolith, absently, absentmindedly, absyrtus, subtray"
contains_letters,contains_letters:dip,D と I と P をすべて含む単語,15154,"abdominoposterior, abdominoscope, abdominoscopy, academicianship, acalephoid, acidophile, cephalodia, cephaloid, cephalopodic, dolichocephal, dolichocephali, dolichocephalic"
contains_letters,contains_letters:tv,T と V をすべて含む単語,15140,"abbreviatable, avertible, irretrievable, liberative, retrievable, triverbal, triverbial, veritable, vertebrarterial, vibratile, abbreviate, aberrative"
contains_letters,contains_letters:cgi,C と G と I をすべて含む単語,15071,"abdicating, abducing, abducting, unabdicating, abiogenetic, cabotinage, geobotanic, iceboating, abiogenetical, biogenetical, geobotanical, incogitable"
contains_letters,contains_letters:chn,C と H と N をすべて含む単語,15014,"abbroachment, carbomethene, chronobarometer, abdominohysterectomy, abdominothoracic, rhabdomantic, abhorrence, archbeacon, bronchorrhea, nonbreach, orobanchaceae, orobanche"
contains_letters,contains_letters:apu,A と P と U をすべて含む単語,15000,"abaptistum, ablepharous, sphaerobolus, ablepharus, pearlbush, abrupt, abruptedly, abrupter, perturbate, abruptest, butterpaste, perturbatress"
contains_letters,contains_letters:bor,B と O と R をすべて含む単語,14975,"abactor, acrobat, babracot, cartboot, corroborator, tobaccoroot, abandoner, bandore, bareboned, broaden, broadened, broadener"
contains_letters,contains_letters:dim,D と I と M をすべて含む単語,14925,"abdomina, bondmaid, abdominal, abdominalia, abdominalian, abdominales, bidimensional, nonadmissible, nonadmissibleness, abdominally, abdominals, abdominoanterior"
contains_letters,contains_letters:cey,C と E と Y をすべて含む単語,14922,"abdominohysterectomy, abecedary, abeyance, abeyancy, abeyances, abeyancies, biscayen, aberrancy, cranberry, abhorrency, abiogenetically, biogenetically"
contains_letters,contains_letters:sv,S と V をすべて含む単語,14916,"aardvarks, aardwolves, aasvogel, aasvogels, lovages, abbreviates, abstersive, reabbreviates, vibrates, abbreviations, abortiveness, inobservant"
contains_letters,contains_letters:msu,M と S と U をすべて含む単語,14912,"abaptistum, abdominous, subdomains, abelmoschus, abelmusk, abnormous, submanor, abomasum, abomasus, abomasusi, abscoulomb, submucosal"
contains_letters,contains_letters:mnu,M と N と U をすべて含む単語,14903,"abandum, mbunda, abdominous, subdomains, abjurement, abnormous, submanor, abnumerable, blubberman, enumerable, lumberman, manurable"
contains_letters,contains_letters:hls,H と L と S をすべて含む単語,14894,"abashedly, shadbelly, abashless, bashless, belash, beslash, heelballs, shabble, abashlessly, bashyle, abelmoschus, abigailship"
contains_letters,contains_letters:cty,C と T と Y をすべて含む単語,14891,"abactinally, cannibality, incitability, abbotcy, tobaccoy, abdominocystic, abdominohysterectomy, abiogenetically, biogenetically, congealability, geobotanically, abiotically"
contains_letters,contains_letters:beu,B と E と U をすべて含む単語,14778,"abacuses, because, besauce, subcase, subcause, subcauses, succubae, abattue, bateau, batteau, battue, battute"
contains_letters,contains_letters:cms,C と M と S をすべて含む単語,14726,"abbacomes, camboose, abdominocentesis, disembocation, abdominocystic, abdominohysterectomy, abdominoscope, abdominoscopy, abdominovesical, vesicoabdominal, abelmoschus, ablastemic"
contains_letters,contains_letters:dou,D と O と U をすべて含む単語,14649,"abdominous, subdomains, abduction, abductions, audubonistic, discubation, subindication, abductor, abductores, subcordate, abductors, abjudication"
contains_letters,contains_letters:npu,N と P と U をすべて含む単語,14554,"abruption, unapprobation, abruptiones, perturbations, petrobrusian, subapprobatiness, superobstinate, superobstinateness, turbinatostipitate, unabsorptiness, abruptness, subapparent"
contains_letters,contains_letters:bd,B と D をすべて含む単語,14536,"ababdeh, beehead, beeheaded, behead, beheaded, dahabeah, abada, abd, bad, dab, dabb, dabba"
contains_letters,contains_letters:giu,G と I と U をすべて含む単語,14523,"abducing, abducting, unabdicating, abigeus, abiogenous, basigenous, abjudging, abjudicating, abjuring, abounding, unabandoning, aboundingly"
contains_letters,contains_letters:efi,E と F と I をすべて含む単語,14517,"abortifacient, birefraction, febricitation, refabrication, absorbefacient, sorbefacient, acecaffin, acecaffine, affiance, caffein, caffeina, caffeine"
contains_letters,contains_letters:dlt,D と L と T をすべて含む単語,14452,"abalienated, alabandite, bidental, bidentalia, bidential, bilineated, debilitant, dentilabial, detainable, teindable, abdominogenital, ablactated"
contains_letters,contains_letters:mpr,M と P と R をすべて含む単語,14367,"abampere, parabema, abamperes, absampere, preembarrass, abdominoposterior, absorptiometer, absorptiometric, accompanier, comparcioner, picrocarmine, accomplisher"
contains_letters,contains_letters:ahm,A と H と M をすべて含む単語,14283,"abashment, abashments, bashment, abbroachment, carbomethene, chronobarometer, abdominohysterectomy, abdominohysterotomy, abdominothoracic, rhabdomantic, abelmoschus, abepithymia"
contains_letters,contains_letters:glr,G と L と R をすべて含む単語,14252,"abnormalising, mislaboring, abnormalizing, aboriginal, algarrobin, laboring, aboriginality, nonobligatory, nonobligatorily, obligationary, aboriginally, laboringly"
contains_letters,contains_letters:bln,B と L と N をすべて含む単語,14222,"abactinal, albicant, nabalitic, abactinally, cannibality, incitability, abalation, ablation, abolition, albation, balloonation, battalion"
contains_letters,contains_letters:mou,M と O と U をすべて含む単語,14220,"abcoulomb, columba, abdominous, subdomains, abelmoschus, abnormous, submanor, abomasum, abomasus, abomasusi, abouchement, abrotanum"
contains_letters,contains_letters:rsy,R と S と Y をすべて含む単語,14208,"abdominohysterectomy, abdominohysterotomy, abhenrys, abshenry, abrasively, absyrtus, subtray, subturbary, absolutory, barratrously, absolvatory, absolvitory"
contains_letters,contains_letters:ehm,E と H と M をすべて含む単語,14203,"abashment, abashments, bashment, abbroachment, carbomethene, chronobarometer, abdominohysterectomy, abdominohysterotomy, abelmoschus, abepithymia, amphibiety, abhominable"
contains_letters,contains_letters:ew,E と W をすべて含む単語,14192,"aardwolves, ablewhackets, acheweed, chawed, acknew, wacken, acknowledge, acknowledged, acknowledgeable, acknowledgedly, acknowledgement, acknowledgment"
contains_letters,contains_letters:gst,G と S と T をすべて含む単語,14183,"abiogenesist, abiogenist, abnegations, geobotanist, obsignate, ablegates, bagatelles, ballastage, stageable, abnegates, abnegators, bargestone"
contains_letters,contains_letters:mru,M と R と U をすべて含む単語,14147,"abecedarium, abjurement, abnormous, submanor, abnumerable, blubberman, enumerable, lumberman, manurable, membranula, membranule, numberable"
contains_letters,contains_letters:aev,A と E と V をすべて含む単語,14143,"aardwolves, aasvogel, aasvogels, lovages, abave, abbevillian, bevillain, enviable, inviable, veniable, abbrev, beaver"
contains_letters,contains_letters:env,E と N と V をすべて含む単語,14138,"abbevillian, bevillain, enviable, inviable, veniable, abbreviating, reabbreviating, reverberating, revibrating, verbenating, verbigerating, abbreviation"
contains_letters,contains_letters:adm,A と D と M をすべて含む単語,14121,"abandonment, abodement, nonabandonment, abandonments, abandum, mbunda, abdom, baboodom, domba, abdomen, bemoaned, endamoeba"
contains_letters,contains_letters:hlr,H と L と R をすべて含む単語,14119,"abhorrently, abhorrible, ablepharia, ablepharon, balanophore, blepharoblennorrhea, ablepharous, sphaerobolus, ablepharus, pearlbush, abolisher, abolishers"
contains_letters,contains_letters:dtu,D と T と U をすべて含む単語,14113,"abducent, unabducted, abducentes, subaduncate, substanced, unsubstanced, abduct, abducted, abducting, unabdicating, abduction, abductions"
contains_letters,contains_letters:blr,B と L と R をすべて含む単語,14093,"abacterial, bacterial, bicalcarate, calibrate, calibrater, celibataire, irretraceable, irretractable, liberatrice, recalibrate, recitable, retractible"
contains_letters,contains_letters:ipy,I と P と Y をすべて含む単語,14062,"abdominoscopy, abepithymia, amphibiety, abiotrophy, abyssopelagic, ableptically, acceptability, peccability, absorptively, absorptivity, acanthopterygian, acanthopterygii"
contains_letters,contains_letters:lv,L と V をすべて含む単語,14062,"aardwolves, aasvogel, aasvogels, lovages, abbevillian, bevillain, enviable, inviable, veniable, abbreviatable, avertible, irretrievable"
contains_letters,contains_letters:apy,A と P と Y をすべて含む単語,14050,"abdominoscopy, abepithymia, amphibiety, abiotrophy, abyssopelagic, ablepsy, appeasably, ableptically, acceptability, peccability, abruptedly, abruptly"
contains_letters,contains_letters:chl,C と H と L をすべて含む単語,14011,"abelmoschus, ablach, albahaca, cabbalah, ablewhackets, abranchial, branchial, abranchialism, acacatechol, alcohate, alcoholate, cachalote"
contains_letters,contains_letters:ptu,P と T と U をすべて含む単語,14005,"abaptistum, abrupt, abruptedly, abrupter, perturbate, abruptest, butterpaste, perturbatress, abruptio, tubipora, abruption, unapprobation"
contains_letters,contains_letters:him,H と I と M をすべて含む単語,13968,"abdominohysterectomy, abdominohysterotomy, abdominothoracic, rhabdomantic, abepithymia, amphibiety, abhominable, abolishment, abolishments, nonestablishment, abrahamic, brahmachari"
contains_letters,contains_letters:cry,C と R と Y をすべて含む単語,13879,"abdominohysterectomy, abecedary, aberrancy, cranberry, abhorrency, abnormalcy, absorbancy, snobocracy, absorbency, nonabsorbency, abstractedly, abstractively"
contains_letters,contains_letters:cdt,C と D と T をすべて含む単語,13877,"abdicant, abdicate, abdicated, batidaceae, diabetic, abdicates, diabetics, abdicating, abdication, bandicoot, nonabdication, abdications"
contains_letters,contains_letters:gy,G と Y をすべて含む単語,13874,"abidingly, dabblingly, abying, babying, baying, byganging, abiogenetically, biogenetically, congealability, geobotanically, abiogeny, abiology"
contains_letters,contains_letters:blo,B と L と O をすべて含む単語,13858,"abalation, ablation, abolition, albation, balloonation, battalion, biliation, binational, bitonal, boltonia, libation, libational"
contains_letters,contains_letters:epy,E と P と Y をすべて含む単語,13792,"abepithymia, amphibiety, abyssopelagic, ablepsy, appeasably, ableptically, acceptability, peccability, abruptedly, absorptively, acalypterae, acalyptratae"
contains_letters,contains_letters:brs,B と R と S をすべて含む単語,13737,"abaiser, barbarise, barberries, barriers, bearberries, braies, braise, braises, brasier, brasiers, brasserie, brasseries"
contains_letters,contains_letters:eov,E と O と V をすべて含む単語,13735,"aardwolves, aasvogel, aasvogels, lovages, abbreviation, nonabortive, reverberation, revibration, verberation, vertebration, abbreviations, abortiveness"
contains_letters,contains_letters:hmo,H と M と O をすべて含む単語,13727,"abbroachment, carbomethene, chronobarometer, abdominohysterectomy, abdominohysterotomy, abdominothoracic, rhabdomantic, abelmoschus, abhominable, abmho, abohm, boomah"
contains_letters,contains_letters:deh,D と E と H をすべて含む単語,13664,"aahed, ahead, deadhead, deadheaded, hade, haded, haed, head, headed, ababdeh, beehead, beeheaded"
contains_letters,contains_letters:bls,B と L と S をすべて含む単語,13657,"abaculus, baculus, subclass, subclausal, subucula, abalones, asbolane, ballones, ballonnes, bassanello, bonsela, booleans"
contains_letters,contains_letters:lpu,L と P と U をすべて含む単語,13635,"ablepharous, sphaerobolus, ablepharus, pearlbush, abruptedly, abruptly, acanthocephalous, anthocephalous, cephalanthous, ctenocephalus, haplocaulescent, leontocephalous"
contains_letters,contains_letters:bno,B と N と O をすべて含む単語,13544,"abacination, abaction, anabiotic, antibiotic, antitobacco, botanic, botanica, cabotin, cibation, nonbotanic, abaddon, abandon"
contains_letters,contains_letters:adp,A と D と P をすべて含む単語,13456,"abdominoposterior, abdominoscope, abdominoscopy, abruptedly, academicianship, acalephoid, acidophile, cephalodia, cephaloid, cephalopodic, dolichocephal, dolichocephali"
contains_letters,contains_letters:mtu,M と T と U をすべて含む単語,13445,"abaptistum, abjurement, abouchement, abrotanum, obumbrant, absinthium, absolutism, automobilism, automobilist, automobilists, abstemious, abstemiously"
contains_letters,contains_letters:dpr,D と P と R をすべて含む単語,13431,"abdominoposterior, abruptedly, acetylperoxide, acetylphenylhydrazine, achondroplasia, achondroplastic, chondroplastic, plastochondria, acidoproteolytic, cyclopteridae, copperytailed, dactylopteridae"
contains_letters,contains_letters:brt,B と R と T をすべて含む単語,13423,"abacterial, bacterial, bicalcarate, calibrate, calibrater, celibataire, irretraceable, irretractable, liberatrice, recalibrate, recitable, retractible"
contains_letters,contains_letters:ak,A と K をすべて含む単語,13407,"aardvark, aardvarks, aback, back, caback, abaka, babka, baka, kaaba, kab, kabab, kabaka"
contains_letters,contains_letters:dop,D と O と P をすべて含む単語,13399,"abdominoposterior, abdominoscope, abdominoscopy, acalephoid, acidophile, cephalodia, cephaloid, cephalopodic, dolichocephal, dolichocephali, dolichocephalic, ophicephalidae"
contains_letters,contains_letters:glt,G と L と T をすべて含む単語,13379,"abalienating, batteling, belating, bigential, bitangential, bleating, ignitable, intangible, langbanite, langbeinite, tableting, tabletting"
contains_letters,contains_letters:irv,I と R と V をすべて含む単語,13346,"abbreviatable, avertible, irretrievable, liberative, retrievable, triverbal, triverbial, veritable, vertebrarterial, vibratile, abbreviate, aberrative"
contains_letters,contains_letters:bnr,B と N と R をすべて含む単語,13309,"abandoner, bandore, bareboned, broaden, broadened, broadener, deadborn, dearborn, endboard, nonbearded, nonbranded, reabandon"
contains_letters,contains_letters:pry,P と R と Y をすべて含む単語,13264,"abiotrophy, abruptedly, abruptly, absorptively, absorptivity, acalypterae, acalyptratae, acalyptrate, calypter, calypterae, calyptraea, calyptratae"
contains_letters,contains_letters:dlu,D と L と U をすべて含む単語,13210,"ablude, belaud, belauded, bluebead, deludable, laudable, abluted, bullated, tabulated, tubulated, aboundingly, abruptedly"
contains_letters,contains_letters:inv,I と N と V をすべて含む単語,13198,"abbevillian, bevillain, enviable, inviable, veniable, abbreviating, reabbreviating, reverberating, revibrating, verbenating, verbigerating, abbreviation"
contains_letters,contains_letters:ik,I と K をすべて含む単語,13176,"abhiseka, bakshishes, abkari, bakairi, karbi, abkhasian, abnaki, aboudikro, abricock, absarokite, strikeboat, achakzai"
contains_letters,contains_letters:egu,E と G と U をすべて含む単語,13166,"abigeus, abiogenous, basigenous, abjudge, abjudged, abjugate, aboveground, abusage, besague, subage, accentuating, antieugenic"
contains_letters,contains_letters:lpy,L と P と Y をすべて含む単語,13104,"abyssopelagic, ablepsy, appeasably, ableptically, acceptability, peccability, abruptedly, abruptly, absorptively, acalypha, acalypterae, acalyptratae"
contains_letters,contains_letters:chp,C と H と P をすべて含む単語,13004,"abiotrophic, batrachophobia, ophiobatrachia, trichopathophobia, trichophobia, academicianship, acaleph, acalepha, acalephae, acalephe, acephal, acephala"
contains_letters,contains_letters:etv,E と T と V をすべて含む単語,13000,"abbreviatable, avertible, irretrievable, liberative, retrievable, triverbal, triverbial, veritable, vertebrarterial, vibratile, abbreviate, aberrative"
contains_letters,contains_letters:clm,C と L と M をすべて含む単語,12994,"abcoulomb, columba, abdominovesical, vesicoabdominal, abelmoschus, ablastemic, acclimatisable, amicabilities, bimetallistic, blastematic, blastemic, cembalist"
contains_letters,contains_letters:hoy,H と O と Y をすべて含む単語,12932,"abdominohysterectomy, abdominohysterotomy, abhorrency, abhorrently, abiotrophy, abyssobenthonic, abyssolith, acantholysis, antischolastically, cantholysis, cytochalasin, nonscholastically"
contains_letters,contains_letters:fu,F と U をすべて含む単語,12923,"abuseful, suffusable, abusefully, abusefulness, balefulness, banefulness, unaffableness, unfeasable, unfeasableness, acetabuliferous, cobaltiferous, acetabuliform"
contains_letters,contains_letters:mpt,M と P と T をすべて含む単語,12853,"abaptistum, abdominoposterior, abepithymia, amphibiety, absorptiometer, absorptiometric, absumption, acanthopomatous, accompanyist, mastotympanic, monosymptomatic, monosynaptic"
contains_letters,contains_letters:blt,B と L と T をすべて含む単語,12839,"abacterial, bacterial, bicalcarate, calibrate, calibrater, celibataire, irretraceable, irretractable, liberatrice, recalibrate, recitable, retractible"
contains_letters,contains_letters:bos,B と O と S をすべて含む単語,12815,"abalones, asbolane, ballones, ballonnes, bassanello, bonsela, booleans, eslabon, losableness, nonassessable, nonlosable, nonsalable"
contains_letters,contains_letters:mps,M と P と S をすべて含む単語,12797,"abamperes, absampere, preembarrass, abamps, abaptistum, abdominoposterior, abdominoscope, abdominoscopy, absorptiometer, absorptiometric, absumption, academicianship"
contains_letters,contains_letters:gls,G と L と S をすべて含む単語,12783,"aasvogel, aasvogels, lovages, abigails, gibbals, abigailship, abyssopelagic, ablegates, bagatelles, ballastage, stageable, ablings"
contains_letters,contains_letters:nsy,N と S と Y をすべて含む単語,12771,"abdominocystic, abdominohysterectomy, abdominohysterotomy, abdominoscopy, abeyances, abeyancies, biscayen, abhenrys, abshenry, abyssinia, abyssinian, abyssinians"
contains_letters,contains_letters:bm,B と M をすべて含む単語,12763,"abama, amb, amba, bam, mab, maba, mamba, abamp, abampere, parabema, abamperes, absampere"
contains_letters,contains_letters:aiv,A と I と V をすべて含む単語,12757,"abbevillian, bevillain, enviable, inviable, veniable, abbreviatable, avertible, irretrievable, liberative, retrievable, triverbal, triverbial"
contains_letters,contains_letters:cds,C と D と S をすべて含む単語,12604,"abdicates, diabetics, abdications, bandicoots, disboscation, abdominocentesis, disembocation, abdominocystic, abdominohysterectomy, abdominoscope, abdominoscopy, abdominovesical"
contains_letters,contains_letters:fir,F と I と R をすべて含む単語,12604,"abortifacient, birefraction, febricitation, refabrication, absorbefacient, sorbefacient, acariform, aciform, arciform, cariform, coraciiform, formica"
contains_letters,contains_letters:abu,A と B と U をすべて含む単語,12594,"ababua, abu, babu, babua, buba, bubba, abaciscus, sabicu, abaculi, abulic, albiculi, baculi"
contains_letters,contains_letters:pty,P と T と Y をすべて含む単語,12594,"abepithymia, amphibiety, abiotrophy, ableptically, acceptability, peccability, abruptedly, abruptly, absorptively, absorptivity, acalypterae, acalyptratae"
contains_letters,contains_letters:esv,E と S と V をすべて含む単語,12590,"aardwolves, aasvogel, aasvogels, lovages, abbreviates, abstersive, reabbreviates, vibrates, abbreviations, abortiveness, inobservant, inobservantness"
contains_letters,contains_letters:cgn,C と G と N をすべて含む単語,12546,"abdicating, abducing, abducting, unabdicating, abencerrages, abiogenetic, cabotinage, geobotanic, iceboating, abiogenetical, biogenetical, geobotanical"
contains_letters,contains_letters:cny,C と N と Y をすべて含む単語,12526,"abactinally, cannibality, incitability, abdominocystic, abdominohysterectomy, abdominoscopy, abeyance, abeyancy, abeyances, abeyancies, biscayen, aberrancy"
contains_letters,contains_letters:hlp,H と L と P をすべて含む単語,12521,"abigailship, ablepharia, ablepharon, balanophore, blepharoblennorrhea, ablepharous, sphaerobolus, ablepharus, pearlbush, acaleph, acalepha, acalephae"
contains_letters,contains_letters:dmo,D と M と O をすべて含む単語,12451,"abandonment, abodement, nonabandonment, abandonments, abdom, baboodom, domba, abdomen, bemoaned, endamoeba, endamoebae, abdomens"
contains_letters,contains_letters:hln,H と L と N をすべて含む単語,12450,"abhominable, abhorrently, ablepharon, balanophore, blepharoblennorrhea, abolishing, abolishment, abolishments, nonestablishment, abranchial, branchial, abranchialism"
contains_letters,contains_letters:bot,B と O と T をすべて含む単語,12374,"abacination, abaction, anabiotic, antibiotic, antitobacco, botanic, botanica, cabotin, cibation, nonbotanic, abacot, abboccato"
contains_letters,contains_letters:gip,G と I と P をすべて含む単語,12294,"abigailship, abyssopelagic, acanthopterygian, acanthopterygii, chiropterygian, hyperorthognathic, ichthyopterygian, rehypothecating, acceptilating, palingenetic, plantaginaceae, accepting"
contains_letters,contains_letters:acg,A と C と G をすべて含む単語,12259,"abdicating, abducing, abducting, unabdicating, abencerrages, abiogenetic, cabotinage, geobotanic, iceboating, abiogenetical, biogenetical, geobotanical"
contains_letters,contains_letters:fin,F と I と N をすべて含む単語,12202,"abortifacient, birefraction, febricitation, refabrication, absorbefacient, sorbefacient, acecaffin, acecaffine, affiance, caffein, caffeina, caffeine"
contains_letters,contains_letters:hnp,H と N と P をすべて含む単語,12153,"ablepharon, balanophore, blepharoblennorrhea, absenteeship, academicianship, acalephan, acephalan, encephala, epencephal, epencephala, neencephala, paleencephala"
contains_letters,contains_letters:ehu,E と H と U をすべて含む単語,12129,"abelmoschus, ablepharous, sphaerobolus, ablepharus, pearlbush, abouchement, acanthaceous, autochthones, autochthonousness, ceanothus, cenanthous, oecanthus"
contains_letters,contains_letters:lmu,L と M と U をすべて含む単語,12112,"abcoulomb, columba, abelmoschus, abelmusk, abnumerable, blubberman, enumerable, lumberman, manurable, membranula, membranule, numberable"
contains_letters,contains_letters:itv,I と T と V をすべて含む単語,12027,"abbreviatable, avertible, irretrievable, liberative, retrievable, triverbal, triverbial, veritable, vertebrarterial, vibratile, abbreviate, aberrative"
contains_letters,contains_letters:blu,B と L と U をすべて含む単語,12004,"abaculi, abulic, albiculi, baculi, cabilliau, cubical, cubicula, abaculus, baculus, subclass, subclausal, subucula"
contains_letters,contains_letters:bns,B と N と S をすべて含む単語,11980,"abaisance, becassine, beisance, benincasa, bienseance, cannabises, scabbiness, scabine, abalones, asbolane, ballones, ballonnes"
contains_letters,contains_letters:ahy,A と H と Y をすべて含む単語,11978,"abayah, bahay, abashedly, shadbelly, abashlessly, bashyle, abdominohysterectomy, abdominohysterotomy, abepithymia, amphibiety, abernethy, abhenry"
contains_letters,contains_letters:adh,A と D と H をすべて含む単語,11902,"aahed, ahead, deadhead, deadheaded, hade, haded, haed, head, headed, ababdeh, beehead, beeheaded"
contains_letters,contains_letters:abc,A と B と C をすべて含む単語,11838,"abac, abaca, abc, bac, bacaba, bacca, caaba, cab, caba, cabaa, abacay, abbacy"
contains_letters,contains_letters:cgo,C と G と O をすべて含む単語,11815,"abiogenetic, cabotinage, geobotanic, iceboating, abiogenetical, biogenetical, geobotanical, incogitable, abiogenetically, biogenetically, congealability, geobotanically"
contains_letters,contains_letters:deg,D と E と G をすべて含む単語,11782,"abadengo, bondage, dogbane, abdominogenital, abedge, badge, badged, bagged, begad, debadge, debag, debagged"
contains_letters,contains_letters:moy,M と O と Y をすべて含む単語,11776,"abdominally, abdominocystic, abdominohysterectomy, abdominohysterotomy, abdominoscopy, abmodality, bimodality, myliobatid, myliobatoid, moldability, abnormalcy, abnormality"
contains_letters,contains_letters:bst,B と S と T をすべて含む単語,11774,"abacist, ascitb, catabasis, sabbatic, abandonments, abantes, absent, absentee, absentees, absentness, absents, bannets"
contains_letters,contains_letters:bsu,B と S と U をすべて含む単語,11748,"abaciscus, sabicu, abaculus, baculus, subclass, subclausal, subucula, abacus, aucubas, cubas, scuba, scubas"
contains_letters,contains_letters:hsu,H と S と U をすべて含む単語,11741,"abelmoschus, ablepharous, sphaerobolus, ablepharus, pearlbush, ablush, subhall, abranchious, branchiosaur, branchiosauria, branchiosaurian, branchiosaurus"
contains_letters,contains_letters:efn,E と F と N をすべて含む単語,11736,"abortifacient, birefraction, febricitation, refabrication, absorbefacient, sorbefacient, abusefulness, balefulness, banefulness, unaffableness, unfeasable, unfeasableness"
contains_letters,contains_letters:luy,L と U と Y をすべて含む単語,11734,"ablutionary, tintinnabulatory, unorbitally, aboundingly, abruptedly, abruptly, absolutely, beauteously, subabsolutely, absolutistically, tautosyllabic, absolutory"
contains_letters,contains_letters:bnt,B と N と T をすべて含む単語,11718,"abacinate, abietinic, antecabinet, antitabetic, bennettitaceae, betacaine, cabinet, abacination, abaction, anabiotic, antibiotic, antitobacco"
contains_letters,contains_letters:hiy,H と I と Y をすべて含む単語,11712,"abdominohysterectomy, abdominohysterotomy, abepithymia, amphibiety, abhinaya, abiotrophy, abyssobenthonic, abyssolith, abthainry, acantholysis, antischolastically, cantholysis"
contains_letters,contains_letters:gru,G と R と U をすべて含む単語,11698,"abjuring, aboveground, aburagiri, guariba, accourage, courage, courager, accoutering, angioneurotic, counteracting, counteragitate, counteragitation"
contains_letters,contains_letters:bnu,B と N と U をすべて含む単語,11683,"abandum, mbunda, abarticulation, acinotubular, carbunculation, contributional, contributorial, lubrication, lubricational, lucubration, nonlubricant, orbiculation"
contains_letters,contains_letters:ks,K と S をすべて含む単語,11636,"aardvarks, abakas, abask, babkas, bask, basks, kababs, kabakas, kabs, abelmosk, abelmosks, smokable"
contains_letters,contains_letters:gim,G と I と M をすべて含む単語,11621,"abdominogenital, abdominovaginal, vaginoabdominal, abnormalising, mislaboring, abnormalizing, abominating, ambitioning, bombinating, abridgement, abridgment, abridgements"
contains_letters,contains_letters:bru,B と R と U をすべて含む単語,11603,"abarticular, biarticular, bicultural, cucurbital, abarticulation, acinotubular, carbunculation, contributional, contributorial, lubrication, lubricational, lucubration"
contains_letters,contains_letters:cdl,C と D と L をすべて含む単語,11597,"abdicable, bacillicide, cablelaid, decidable, abdominovesical, vesicoabdominal, ablactated, delectable, detectable, abscondedly, decasyllabon, nondecasyllable"
contains_letters,contains_letters:elv,E と L と V をすべて含む単語,11533,"aardwolves, aasvogel, aasvogels, lovages, abbevillian, bevillain, enviable, inviable, veniable, abbreviatable, avertible, irretrievable"
contains_letters,contains_letters:dgi,D と G と I をすべて含む単語,11510,"abandoning, aboding, bignoniad, nonabiding, abdicating, abdominogenital, abdominovaginal, vaginoabdominal, abducing, abducting, unabdicating, abiding"
contains_letters,contains_letters:agu,A と G と U をすべて含む単語,11472,"abducing, abducting, unabdicating, abigeus, abiogenous, basigenous, abjudge, abjudged, abjudging, abjudicating, abjugate, abjuring"
contains_letters,contains_letters:biu,B と I と U をすべて含む単語,11460,"abaciscus, sabicu, abaculi, abulic, albiculi, baculi, cabilliau, cubical, cubicula, abaptistum, abarticular, biarticular"
contains_letters,contains_letters:hmr,H と M と R をすべて含む単語,11456,"abbroachment, carbomethene, chronobarometer, abdominohysterectomy, abdominohysterotomy, abdominothoracic, rhabdomantic, abraham, brahm, brahma, bramah, abrahamic"
contains_letters,contains_letters:aef,A と E と F をすべて含む単語,11455,"abortifacient, birefraction, febricitation, refabrication, aboveproof, absorbefacient, sorbefacient, abuseful, suffusable, abusefully, abusefulness, balefulness"
contains_letters,contains_letters:ghi,G と H と I をすべて含む単語,11358,"aahing, anhinga, anigh, ghain, ghanaian, ghanian, hagging, hanging, abashing, banishing, bashing, abeigh"
contains_letters,contains_letters:efl,E と F と L をすべて含む単語,11355,"abuseful, suffusable, abusefully, abusefulness, balefulness, banefulness, unaffableness, unfeasable, unfeasableness, acetabuliferous, cobaltiferous, acetabuliform"
contains_letters,contains_letters:for,F と O と R をすべて含む単語,11352,"aardwolf, floorward, forwardal, waldorf, wolfward, abortifacient, birefraction, febricitation, refabrication, aboveproof, absorbefacient, sorbefacient"
contains_letters,contains_letters:hmt,H と M と T をすべて含む単語,11348,"abashment, abashments, bashment, abbroachment, carbomethene, chronobarometer, abdominohysterectomy, abdominohysterotomy, abdominothoracic, rhabdomantic, abepithymia, amphibiety"
contains_letters,contains_letters:iov,I と O と V をすべて含む単語,11318,"abbreviation, nonabortive, reverberation, revibration, verberation, vertebration, abbreviations, abortiveness, inobservant, inobservantness, inobservation, nonabortiveness"
contains_letters,contains_letters:efs,E と F と S をすべて含む単語,11315,"absorbefacient, sorbefacient, abuseful, suffusable, abusefully, abusefulness, balefulness, banefulness, unaffableness, unfeasable, unfeasableness, acetabuliferous"
contains_letters,contains_letters:dhi,D と H と I をすべて含む単語,11306,"abdominohysterectomy, abdominohysterotomy, abdominothoracic, rhabdomantic, abolished, abrahamidae, hammerbird, absinthiated, inhabitedness, academicianship, acalephoid, acidophile"
contains_letters,contains_letters:amy,A と M と Y をすべて含む単語,11292,"abdominally, abdominocystic, abdominohysterectomy, abdominohysterotomy, abdominoscopy, abepithymia, amphibiety, abysm, abysms, ambassy, abysmal, abysmally"
contains_letters,contains_letters:orv,O と R と V をすべて含む単語,11289,"aardwolves, abbreviation, nonabortive, reverberation, revibration, verberation, vertebration, abbreviations, abortiveness, inobservant, inobservantness, inobservation"
contains_letters,contains_letters:ehy,E と H と Y をすべて含む単語,11279,"abashedly, shadbelly, abashlessly, bashyle, abdominohysterectomy, abdominohysterotomy, abepithymia, amphibiety, abernethy, abhenry, abhenrys, abshenry"
contains_letters,contains_letters:dmn,D と M と N をすべて含む単語,11260,"abandonment, abodement, nonabandonment, abandonments, abandum, mbunda, abdomen, bemoaned, endamoeba, endamoebae, abdomens, embadomonas"
contains_letters,contains_letters:dps,D と P と S をすべて含む単語,11225,"abdominoposterior, abdominoscope, abdominoscopy, academicianship, acanthopodous, accomplished, dolichocephalism, achondroplasia, achondroplastic, chondroplastic, plastochondria, acidaspis"
contains_letters,contains_letters:iz,I と Z をすべて含む単語,11213,"abastardize, bastardize, bastardized, bastardizes, abiezer, arabize, barbarize, bizarre, bizarrerie, braize, brazier, rebarbarize"
contains_letters,contains_letters:csy,C と S と Y をすべて含む単語,11160,"abdominocystic, abdominohysterectomy, abdominoscopy, abeyances, abeyancies, biscayen, abyssobenthonic, abyssopelagic, abscondedly, decasyllabon, nondecasyllable, absolutistically"
contains_letters,contains_letters:bde,B と D と E をすべて含む単語,11084,"ababdeh, beehead, beeheaded, behead, beheaded, dahabeah, abadejo, jobade, abadengo, bondage, dogbane, abadite"
contains_letters,contains_letters:dmr,D と M と R をすべて含む単語,11049,"abdominoanterior, brominated, debrominate, debromination, demembration, monobrominated, abdominocardiac, abdominohysterectomy, abdominohysterotomy, abdominoposterior, abdominothoracic, rhabdomantic"
contains_letters,contains_letters:kr,K と R をすべて含む単語,11028,"aardvark, aardvarks, abkar, arkab, bakra, baraka, bark, kabar, kbar, abkari, bakairi, karbi"
contains_letters,contains_letters:ceg,C と E と G をすべて含む単語,10996,"abencerrages, abiogenetic, cabotinage, geobotanic, iceboating, abiogenetical, biogenetical, geobotanical, incogitable, abiogenetically, biogenetically, congealability"
contains_letters,contains_letters:imy,I と M と Y をすべて含む単語,10996,"abdominally, abdominocystic, abdominohysterectomy, abdominohysterotomy, abdominoscopy, abepithymia, amphibiety, abmodality, bimodality, myliobatid, myliobatoid, moldability"
contains_letters,contains_letters:bce,B と C と E をすべて含む単語,10977,"abacate, baccate, abacinate, abietinic, antecabinet, antitabetic, bennettitaceae, betacaine, cabinet, abacterial, bacterial, bicalcarate"
contains_letters,contains_letters:eft,E と F と T をすべて含む単語,10967,"abortifacient, birefraction, febricitation, refabrication, absorbefacient, sorbefacient, acetabuliferous, cobaltiferous, acetabuliform, acetify, efficacity, acetification"
contains_letters,contains_letters:isv,I と S と V をすべて含む単語,10958,"abbreviates, abstersive, reabbreviates, vibrates, abbreviations, abortiveness, inobservant, inobservantness, inobservation, nonabortiveness, nonobservation, observantine"
contains_letters,contains_letters:hty,H と T と Y をすべて含む単語,10928,"abdominohysterectomy, abdominohysterotomy, abepithymia, amphibiety, abernethy, abhorrently, abiotrophy, abyssobenthonic, abyssolith, abthainry, acantholysis, antischolastically"
contains_letters,contains_letters:rw,R と W をすべて含む単語,10928,"aardwolf, floorward, forwardal, waldorf, wolfward, aardwolves, acknowledger, reacknowledge, reacknowledged, acknowledgers, acrawl, crawl"
contains_letters,contains_letters:agp,A と G と P をすべて含む単語,10902,"abigailship, abyssopelagic, acanthopterygian, acanthopterygii, chiropterygian, hyperorthognathic, ichthyopterygian, rehypothecating, accelerograph, calcographer, cephalograph, chalcographer"
contains_letters,contains_letters:mnp,M と N と P をすべて含む単語,10865,"abdominoposterior, abdominoscope, abdominoscopy, absumption, academicianship, acanthopomatous, accompanable, companable, accompany, capnomancy, company, copyman"
contains_letters,contains_letters:arv,A と R と V をすべて含む単語,10859,"aardvark, aardvarks, aardwolves, abbrev, beaver, bebrave, bereave, bereaver, berreave, brave, braver, breva"
contains_letters,contains_letters:efo,E と F と O をすべて含む単語,10843,"abortifacient, birefraction, febricitation, refabrication, aboveproof, absorbefacient, sorbefacient, acetabuliferous, cobaltiferous, acetabuliform, acetification, affectation"
contains_letters,contains_letters:agm,A と G と M をすべて含む単語,10824,"abdominogenital, abdominovaginal, vaginoabdominal, abnormalising, mislaboring, abnormalizing, abominating, ambitioning, bombinating, abridgement, abridgment, abridgements"
contains_letters,contains_letters:dgn,D と G と N をすべて含む単語,10802,"abadengo, bondage, dogbane, abandoning, aboding, bignoniad, nonabiding, abdicating, abdominogenital, abdominovaginal, vaginoabdominal, abducing"
contains_letters,contains_letters:psy,P と S と Y をすべて含む単語,10774,"abdominoscopy, abyssopelagic, ablepsy, appeasably, absorptively, absorptivity, acatalepsy, catalepsy, ptyalectases, accessaryship, erysiphaceae, hypercrisia"
contains_letters,contains_letters:hry,H と R と Y をすべて含む単語,10767,"abdominohysterectomy, abdominohysterotomy, abernethy, abhenry, abhenrys, abshenry, abhorrency, abhorrently, abiotrophy, abthainry, acanthopterygian, acanthopterygii"
contains_letters,contains_letters:hms,H と M と S をすべて含む単語,10748,"abashment, abashments, bashment, abdominohysterectomy, abdominohysterotomy, abelmoschus, abmhos, abohms, absmho, absohm, abolishment, abolishments"
contains_letters,contains_letters:aw,A と W をすべて含む単語,10747,"aardwolf, floorward, forwardal, waldorf, wolfward, aardwolves, ablewhackets, ablow, ballow, balow, blowball, bowla"
contains_letters,contains_letters:kn,K と N をすべて含む単語,10675,"abkhasian, abnaki, achkan, chank, ackman, ackmen, acknew, wacken, acknow, acknown, acknowing, acknowledge"
contains_letters,contains_letters:afi,A と F と I をすべて含む単語,10646,"abortifacient, birefraction, febricitation, refabrication, absorbefacient, sorbefacient, acariform, aciform, arciform, cariform, coraciiform, formica"
contains_letters,contains_letters:emy,E と M と Y をすべて含む単語,10636,"abdominohysterectomy, abdominohysterotomy, abepithymia, amphibiety, absentmindedly, abstemiously, academy, academically, cyamelid, cyamelide, decimally, medallically"
contains_letters,contains_letters:dho,D と H と O をすべて含む単語,10615,"abdominohysterectomy, abdominohysterotomy, abdominothoracic, rhabdomantic, abhorred, broadhead, deborah, harbored, headboard, abodah, abolished, acalephoid"
contains_letters,contains_letters:dhr,D と H と R をすべて含む単語,10597,"abdominohysterectomy, abdominohysterotomy, abdominothoracic, rhabdomantic, abhorred, broadhead, deborah, harbored, headboard, abrahamidae, hammerbird, acanthomeridae"
contains_letters,contains_letters:dnp,D と N と P をすべて含む単語,10562,"abdominoposterior, abdominoscope, abdominoscopy, academicianship, acanthopod, acanthopodous, accompanied, companied, companioned, compendia, pandemoniac, pandemonic"
contains_letters,contains_letters:ez,E と Z をすべて含む単語,10474,"abastardize, bastardize, bastardized, bastardizes, abaze, baze, bezazz, ezba, abiezer, arabize, barbarize, bizarre"
contains_letters,contains_letters:fis,F と I と S をすべて含む単語,10422,"absorbefacient, sorbefacient, acetabuliferous, cobaltiferous, acetifies, faciest, fasciate, satisfice, testificate, acidiferous, ascidiferous, radiciferous"
contains_letters,contains_letters:bci,B と C と I をすべて含む単語,10384,"abacaxi, abaci, cabiai, abacinate, abietinic, antecabinet, antitabetic, bennettitaceae, betacaine, cabinet, abacination, abaction"
contains_letters,contains_letters:gop,G と O と P をすべて含む単語,10383,"abyssopelagic, acanthopterygian, acanthopterygii, chiropterygian, hyperorthognathic, ichthyopterygian, rehypothecating, accelerograph, calcographer, cephalograph, chalcographer, chapelgoer"
contains_letters,contains_letters:afr,A と F と R をすべて含む単語,10369,"aardwolf, floorward, forwardal, waldorf, wolfward, abfarad, abfarads, absfarad, abortifacient, birefraction, febricitation, refabrication"
contains_letters,contains_letters:gsu,G と S と U をすべて含む単語,10355,"abigeus, abiogenous, basigenous, abusage, besague, subage, abusing, bubingas, unabasing, unbiasing, unbiassing, accursing"
contains_letters,contains_letters:lmp,L と M と P をすべて含む単語,10348,"accompanable, companable, accompanimental, anticomplement, cleptomania, cleptomaniac, coemptional, compellation, complacential, complementation, complimental, complimentation"
contains_letters,contains_letters:ahu,A と H と U をすべて含む単語,10339,"abelmoschus, ablepharous, sphaerobolus, ablepharus, pearlbush, ablush, subhall, abouchement, abought, abranchious, branchiosaur, branchiosauria"
contains_letters,contains_letters:gpr,G と P と R をすべて含む単語,10298,"acanthopterygian, acanthopterygii, chiropterygian, hyperorthognathic, ichthyopterygian, rehypothecating, accelerograph, calcographer, cephalograph, chalcographer, chapelgoer, acridophagus"
contains_letters,contains_letters:egp,E と G と P をすべて含む単語,10273,"abyssopelagic, acanthopterygian, acanthopterygii, chiropterygian, hyperorthognathic, ichthyopterygian, rehypothecating, accelerograph, calcographer, cephalograph, chalcographer, chapelgoer"
contains_letters,contains_letters:gmn,G と M と N をすべて含む単語,10268,"abdominogenital, abdominovaginal, vaginoabdominal, abnormalising, mislaboring, abnormalizing, abominating, ambitioning, bombinating, abridgement, abridgment, abridgements"
contains_letters,contains_letters:fit,F と I と T をすべて含む単語,10265,"abortifacient, birefraction, febricitation, refabrication, absorbefacient, sorbefacient, acetabuliferous, cobaltiferous, acetabuliform, acetify, efficacity, acetification"
contains_letters,contains_letters:ilv,I と L と V をすべて含む単語,10236,"abbevillian, bevillain, enviable, inviable, veniable, abbreviatable, avertible, irretrievable, liberative, retrievable, triverbal, triverbial"
contains_letters,contains_letters:hpy,H と P と Y をすべて含む単語,10232,"abepithymia, amphibiety, abiotrophy, acalypha, acanthopterygian, acanthopterygii, chiropterygian, hyperorthognathic, ichthyopterygian, rehypothecating, accessaryship, erysiphaceae"
contains_letters,contains_letters:bh,B と H をすべて含む単語,10175,"ababdeh, beehead, beeheaded, behead, beheaded, dahabeah, abayah, bahay, abarthrosis, abash, bash, hashab"
contains_letters,contains_letters:cpu,C と P と U をすべて含む単語,10175,"acanthocarpous, acanthophorous, anthocarpous, acanthocephalous, anthocephalous, cephalanthous, ctenocephalus, haplocaulescent, leontocephalous, notencephalus, stenocephalous, acanthopodous"
contains_letters,contains_letters:by,B と Y をすべて含む単語,10152,"abacay, abbacy, baccy, cabby, abactinally, cannibality, incitability, abay, abby, aby, babby, baby"
contains_letters,contains_letters:hru,H と R と U をすべて含む単語,10141,"ablepharous, sphaerobolus, ablepharus, pearlbush, abranchious, branchiosaur, branchiosauria, branchiosaurian, branchiosaurus, branchiurous, acanthocarpous, acanthophorous"
contains_letters,contains_letters:ow,O と W をすべて含む単語,10139,"aardwolf, floorward, forwardal, waldorf, wolfward, aardwolves, ablow, ballow, balow, blowball, bowla, lowball"
contains_letters,contains_letters:fio,F と I と O をすべて含む単語,10125,"abortifacient, birefraction, febricitation, refabrication, absorbefacient, sorbefacient, acariform, aciform, arciform, cariform, coraciiform, formica"
contains_letters,contains_letters:agh,A と G と H をすべて含む単語,10121,"aahing, anhinga, anigh, ghain, ghanaian, ghanian, hagging, hanging, aargh, aarrgh, aarrghh, agrah"
contains_letters,contains_letters:gnp,G と N と P をすべて含む単語,10115,"acanthopterygian, acanthopterygii, chiropterygian, hyperorthognathic, ichthyopterygian, rehypothecating, acceptilating, palingenetic, plantaginaceae, accepting, pageantic, pangenetic"
contains_letters,contains_letters:hou,H と O と U をすべて含む単語,10087,"abelmoschus, ablepharous, sphaerobolus, abouchement, abought, abranchious, branchiosaur, branchiosauria, branchiosaurian, branchiosaurus, branchiurous, acanthaceous"
contains_letters,contains_letters:fil,F と I と L をすべて含む単語,10067,"acetabuliferous, cobaltiferous, acetabuliform, acetylfluoride, acidifiable, edificable, acinacifoliate, affectional, calefaction, felicitation, flectional, fontinalaceae"
contains_letters,contains_letters:egm,E と G と M をすべて含む単語,10058,"abdominogenital, abridgement, abridgment, abridgements, abridgments, academising, damascening, dimagnesic, academizing, accommodatingness, domesticating, gonadectomies"
contains_letters,contains_letters:dey,D と E と Y をすべて含む単語,10034,"abandonedly, abasedly, syllabled, abashedly, shadbelly, abbeystead, abbeystede, bestayed, abdominohysterectomy, abdominohysterotomy, abecedary, abridgedly"
contains_letters,contains_letters:diy,D と I と Y をすべて含む単語,10029,"abditory, abdominally, abdominocystic, abdominohysterectomy, abdominohysterotomy, abdominoscopy, abidingly, dabblingly, abmodality, bimodality, myliobatid, myliobatoid"
contains_letters,contains_letters:anv,A と N と V をすべて含む単語,10003,"abbevillian, bevillain, enviable, inviable, veniable, abbreviating, reabbreviating, reverberating, revibrating, verbenating, verbigerating, abbreviation"
contains_letters,contains_letters:cdu,C と D と U をすべて含む単語,9971,"abduce, abduced, abducens, abundances, unabscessed, unscabbed, abducent, unabducted, abducentes, subaduncate, substanced, unsubstanced"
contains_letters,contains_letters:nuy,N と U と Y をすべて含む単語,9950,"ablutionary, tintinnabulatory, unorbitally, aboundingly, abundancy, abundantly, unabundantly, acalycinous, conclusionally, unoccasionally, unsalaciously, unsocially"
contains_letters,contains_letters:sw,S と W をすべて含む単語,9912,"aardwolves, ablewhackets, abwatts, acknowledgements, acknowledgments, acknowledgers, acknowledges, adrowse, redowas, swearword, advowsance, advowson"
contains_letters,contains_letters:gou,G と O と U をすべて含む単語,9824,"abiogenous, basigenous, abought, abounding, unabandoning, aboundingly, aboveground, accounting, auctioning, cautioning, outacting, accourage"
contains_letters,contains_letters:cgr,C と G と R をすべて含む単語,9792,"abencerrages, abortogenic, bacteriogenic, abreacting, acerbating, brecciating, cerebrating, crabeating, abstracting, abstricting, transcribing, acanthopterygian"
contains_letters,contains_letters:nrv,N と R と V をすべて含む単語,9778,"abbreviating, reabbreviating, reverberating, revibrating, verbenating, verbigerating, abbreviation, nonabortive, reverberation, revibration, verberation, vertebration"
contains_letters,contains_letters:dms,D と M と S をすべて含む単語,9748,"abandonments, abdomens, embadomonas, endamoebas, abdominales, bidimensional, nonadmissible, nonadmissibleness, abdominals, abdominocentesis, disembocation, abdominocystic"
contains_letters,contains_letters:hly,H と L と Y をすべて含む単語,9731,"abashedly, shadbelly, abashlessly, bashyle, abhorrently, abyssolith, acalypha, acantholysis, antischolastically, cantholysis, cytochalasin, nonscholastically"
contains_letters,contains_letters:btu,B と T と U をすべて含む単語,9729,"abaptistum, abarticular, biarticular, bicultural, cucurbital, abarticulation, acinotubular, carbunculation, contributional, contributorial, lubrication, lubricational"
contains_letters,contains_letters:gho,G と H と O をすべて含む単語,9684,"abhorring, harboring, abolishing, abought, acanthology, acanthological, anthological, chilognath, chilognatha, chilognathan, gnathonical, thanatological"
contains_letters,contains_letters:mty,M と T と Y をすべて含む単語,9679,"abdominocystic, abdominohysterectomy, abdominohysterotomy, abepithymia, amphibiety, abmodality, bimodality, myliobatid, myliobatoid, moldability, abnormality, abnormity"
contains_letters,contains_letters:atv,A と T と V をすべて含む単語,9678,"abbreviatable, avertible, irretrievable, liberative, retrievable, triverbal, triverbial, veritable, vertebrarterial, vibratile, abbreviate, aberrative"
contains_letters,contains_letters:cf,C と F をすべて含む単語,9676,"abortifacient, birefraction, febricitation, refabrication, absorbefacient, sorbefacient, acariform, aciform, arciform, cariform, coraciiform, formica"
contains_letters,contains_letters:hiu,H と I と U をすべて含む単語,9675,"abranchious, branchiosaur, branchiosauria, branchiosaurian, branchiosaurus, branchiurous, absinthium, acanthuridae, reauthenticated, unarchitected, acanthuthi, anacahuita"
contains_letters,contains_letters:glu,G と L と U をすべて含む単語,9649,"aboundingly, abuilding, landlubbing, unblading, acculturating, antiliturgic, antiliturgical, articulating, circulating, curtailing, granulitic, liturgician"
contains_letters,contains_letters:dpt,D と P と T をすべて含む単語,9610,"abdominoposterior, abruptedly, acanthopod, acanthopodous, accepted, acceptedly, clypeated, playacted, platydactyle, acceptilated, capitaled, epideictical"
contains_letters,contains_letters:uv,U と V をすべて含む単語,9609,"abbreviature, attributive, breviature, aberduvine, abevacuation, abjunctive, unabjective, abluvion, aboveground, abreuvoir, absolutive, abusive"
contains_letters,contains_letters:ruy,R と U と Y をすべて含む単語,9594,"abjuratory, ablutionary, tintinnabulatory, unorbitally, abruptedly, abruptly, absyrtus, subtray, subturbary, absolutory, barratrously, abstrusely"
contains_letters,contains_letters:npy,N と P と Y をすべて含む単語,9579,"abdominoscopy, acanthopterygian, acanthopterygii, chiropterygian, hyperorthognathic, ichthyopterygian, rehypothecating, acceptancy, appetency, patency, acceptingly, epigenetically"
contains_letters,contains_letters:euy,E と U と Y をすべて含む単語,9560,"abruptedly, absolutely, beauteously, subabsolutely, abstemiously, abstrusely, abulyeit, abusedly, abusefully, abusively, acalyculate, acutely"
contains_letters,contains_letters:iuy,I と U と Y をすべて含む単語,9559,"ablutionary, tintinnabulatory, unorbitally, aboundingly, absolutistically, tautosyllabic, abstemiously, abstrusity, absurdity, distributary, abulyeit, abusively"
contains_letters,contains_letters:gtu,G と T と U をすべて含む単語,9553,"abducting, unabdicating, abjudicating, abjugate, abought, abutting, antibug, intubating, intubatting, tabuing, unabating, unabutting"
contains_letters,contains_letters:ko,K と O をすべて含む単語,9537,"abelmosk, abelmosks, smokable, smokables, smokeable, ablock, ballock, blackcock, colback, abococket, aboudikro, abovedeck"
contains_letters,contains_letters:cpy,C と P と Y をすべて含む単語,9523,"abdominoscopy, abyssopelagic, ableptically, acceptability, peccability, acalypha, acalypterae, acalyptratae, acalyptrate, calypter, calypterae, calyptraea"
contains_letters,contains_letters:nov,N と O と V をすべて含む単語,9501,"abbreviation, nonabortive, reverberation, revibration, verberation, vertebration, abbreviations, abortiveness, inobservant, inobservantness, inobservation, nonabortiveness"
contains_letters,contains_letters:hnu,H と N と U をすべて含む単語,9471,"abouchement, abranchious, branchiosaur, branchiosauria, branchiosaurian, branchiosaurus, branchiurous, absinthium, acanthaceous, autochthones, autochthonousness, ceanothus"
contains_letters,contains_letters:cv,C と V をすべて含む単語,9455,"abdicative, abdominovesical, vesicoabdominal, abevacuation, abjective, abjunctive, unabjective, abovedeck, abstractive, abstractively, serviceability, abstractiveness"
contains_letters,contains_letters:lmy,L と M と Y をすべて含む単語,9454,"abdominally, abysmal, abysmally, balsamy, abmodality, bimodality, myliobatid, myliobatoid, moldability, abnormalcy, abnormality, abnormally"
contains_letters,contains_letters:egh,E と G と H をすべて含む単語,9441,"abeigh, abiegh, abthanage, acanthopterygian, acanthopterygii, chiropterygian, hyperorthognathic, ichthyopterygian, rehypothecating, accelerograph, calcographer, cephalograph"
contains_letters,contains_letters:ady,A と D と Y をすべて含む単語,9422,"abandonedly, abasedly, syllabled, abashedly, shadbelly, abbeystead, abbeystede, bestayed, abditory, abdominally, abdominocystic, abdominohysterectomy"
contains_letters,contains_letters:adg,A と D と G をすべて含む単語,9400,"abadengo, bondage, dogbane, abandoning, aboding, bignoniad, nonabiding, abbogada, abogado, dagoba, abdicating, abdominogenital"
contains_letters,contains_letters:htu,H と T と U をすべて含む単語,9378,"abouchement, abought, absinthium, acanthaceous, autochthones, autochthonousness, ceanothus, cenanthous, oecanthus, acanthocarpous, acanthophorous, anthocarpous"
contains_letters,contains_letters:iw,I と W をすべて含む単語,9378,"achomawi, acknowing, acknowledging, aeroview, afterswarming, afterwhile, afterwisdom, afterwise, afterwrist, wastrife, afterwit, fairwater"
contains_letters,contains_letters:rtv,R と T と V をすべて含む単語,9366,"abbreviatable, avertible, irretrievable, liberative, retrievable, triverbal, triverbial, veritable, vertebrarterial, vibratile, abbreviate, aberrative"
contains_letters,contains_letters:kl,K と L をすべて含む単語,9293,"abelmosk, abelmosks, smokable, smokables, smokeable, abelmusk, ablewhackets, ablock, ballock, blackcock, colback, acknowledge"
contains_letters,contains_letters:auy,A と U と Y をすべて含む単語,9283,"abyssus, abjuratory, ablutionary, tintinnabulatory, unorbitally, aboundingly, abruptedly, abruptly, absyrtus, subtray, subturbary, absolutely"
contains_letters,contains_letters:fnr,F と N と R をすべて含む単語,9271,"abortifacient, birefraction, febricitation, refabrication, absorbefacient, sorbefacient, acinaciform, aciniform, aminoformic, cancriform, caniniform, cariniform"
contains_letters,contains_letters:chm,C と H と M をすべて含む単語,9244,"abbroachment, carbomethene, chronobarometer, abdominohysterectomy, abdominothoracic, rhabdomantic, abelmoschus, abouchement, abrahamic, brahmachari, brahmaic, brahmic"
contains_letters,contains_letters:dmt,D と M と T をすべて含む単語,9232,"abandonment, abodement, nonabandonment, abandonments, abdominoanterior, brominated, debrominate, debromination, demembration, monobrominated, abdominocentesis, disembocation"
contains_letters,contains_letters:giy,G と I と Y をすべて含む単語,9195,"abidingly, dabblingly, abying, babying, baying, byganging, abiogenetically, biogenetically, congealability, geobotanically, abiogeny, abiology"
contains_letters,contains_letters:bcr,B と C と R をすべて含む単語,9176,"abacterial, bacterial, bicalcarate, calibrate, calibrater, celibataire, irretraceable, irretractable, liberatrice, recalibrate, recitable, retractible"
contains_letters,contains_letters:frt,F と R と T をすべて含む単語,9175,"abortifacient, birefraction, febricitation, refabrication, absorbefacient, sorbefacient, acetabuliferous, cobaltiferous, acetabuliform, acetifier, actifier, affricate"
contains_letters,contains_letters:bou,B と O と U をすべて含む単語,9156,"abarticulation, acinotubular, carbunculation, contributional, contributorial, lubrication, lubricational, lucubration, nonlubricant, orbiculation, abatjour, abatjours"
contains_letters,contains_letters:ghn,G と H と N をすべて含む単語,9138,"aahing, anhinga, anigh, ghain, ghanaian, ghanian, hagging, hanging, abashing, banishing, bashing, abhorring"
contains_letters,contains_letters:rsv,R と S と V をすべて含む単語,9115,"aardvarks, aardwolves, abbreviates, abstersive, reabbreviates, vibrates, abbreviations, abortiveness, inobservant, inobservantness, inobservation, nonabortiveness"
contains_letters,contains_letters:tuy,T と U と Y をすべて含む単語,9101,"abjuratory, ablutionary, tintinnabulatory, unorbitally, abruptedly, abruptly, absyrtus, subtray, subturbary, absolutely, beauteously, subabsolutely"
contains_letters,contains_letters:suy,S と U と Y をすべて含む単語,9098,"abyssus, absyrtus, subtray, subturbary, absolutely, beauteously, subabsolutely, absolutistically, tautosyllabic, absolutory, barratrously, abstemiously"
contains_letters,contains_letters:cmu,C と M と U をすべて含む単語,9097,"abcoulomb, columba, abecedarium, abelmoschus, abouchement, abscoulomb, submucosal, academus, camused, muscade, acanthopomatous, acaridomatium"
contains_letters,contains_letters:bg,B と G をすべて含む単語,9073,"abadengo, bondage, dogbane, abalienating, batteling, belating, bigential, bitangential, bleating, ignitable, intangible, langbanite"
contains_letters,contains_letters:az,A と Z をすべて含む単語,9061,"abastardize, bastardize, bastardized, bastardizes, abaze, baze, bezazz, ezba, abbozzo, bazoo, boza, abiezer"
contains_letters,contains_letters:chy,C と H と Y をすべて含む単語,9046,"abdominohysterectomy, abhorrency, abyssobenthonic, acalypha, acantholysis, antischolastically, cantholysis, cytochalasin, nonscholastically, stylonychia, acanthology, acanthopterygian"
contains_letters,contains_letters:ouy,O と U と Y をすべて含む単語,9046,"abjuratory, ablutionary, tintinnabulatory, unorbitally, aboundingly, absolutely, beauteously, subabsolutely, absolutistically, tautosyllabic, absolutory, barratrously"
contains_letters,contains_letters:mry,M と R と Y をすべて含む単語,9006,"abdominohysterectomy, abdominohysterotomy, abnormalcy, abnormality, abnormally, myrobalan, abnormity, acclamatory, clamatory, acetylmethylcarbinol, acetimetry, mycteria"
contains_letters,contains_letters:alv,A と L と V をすべて含む単語,9001,"aardwolves, aasvogel, aasvogels, lovages, abbevillian, bevillain, enviable, inviable, veniable, abbreviatable, avertible, irretrievable"
contains_letters,contains_letters:gmo,G と M と O をすべて含む単語,8990,"abdominogenital, abdominovaginal, vaginoabdominal, abnormalising, mislaboring, abnormalizing, abominating, ambitioning, bombinating, accommodating, antidogmatic, coadmitting"
contains_letters,contains_letters:hmn,H と M と N をすべて含む単語,8988,"abashment, abashments, bashment, abbroachment, carbomethene, chronobarometer, abdominohysterectomy, abdominohysterotomy, abdominothoracic, rhabdomantic, abhominable, abolishment"
contains_letters,contains_letters:nw,N と W をすべて含む単語,8977,"acknew, wacken, acknow, acknown, acknowing, acknowledge, acknowledged, acknowledgeable, acknowledgedly, acknowledgement, acknowledgment, nonacknowledgment"
contains_letters,contains_letters:dlp,D と L と P をすべて含む単語,8969,"abruptedly, acalephoid, acidophile, cephalodia, cephaloid, cephalopodic, dolichocephal, dolichocephali, dolichocephalic, ophicephalidae, ophicephaloid, pedophiliac"
contains_letters,contains_letters:aft,A と F と T をすべて含む単語,8944,"abaft, aftaba, baft, bafta, abortifacient, birefraction, febricitation, refabrication, absorbefacient, sorbefacient, acetabuliferous, cobaltiferous"
contains_letters,contains_letters:ghr,G と H と R をすべて含む単語,8944,"aargh, aarrgh, aarrghh, agrah, argh, hagar, abhorring, harboring, acanthopterygian, acanthopterygii, chiropterygian, hyperorthognathic"
contains_letters,contains_letters:afl,A と F と L をすべて含む単語,8928,"aardwolf, floorward, forwardal, waldorf, wolfward, abuseful, suffusable, abusefully, abusefulness, balefulness, banefulness, unaffableness"
contains_letters,contains_letters:afn,A と F と N をすべて含む単語,8925,"abortifacient, birefraction, febricitation, refabrication, absorbefacient, sorbefacient, abusefulness, balefulness, banefulness, unaffableness, unfeasable, unfeasableness"
contains_letters,contains_letters:cmp,C と M と P をすべて含む単語,8898,"abdominoscope, abdominoscopy, absorptiometric, academicianship, acampsia, scampi, spasmic, acanthopomatous, accompanable, companable, accompany, capnomancy"
contains_letters,contains_letters:hsy,H と S と Y をすべて含む単語,8886,"abashedly, shadbelly, abashlessly, bashyle, abdominohysterectomy, abdominohysterotomy, abhenrys, abshenry, abyssobenthonic, abyssolith, acantholysis, antischolastically"
contains_letters,contains_letters:abd,A と B と D をすべて含む単語,8882,"ababdeh, beehead, beeheaded, behead, beheaded, dahabeah, abada, abd, bad, dab, dabb, dabba"
contains_letters,contains_letters:bco,B と C と O をすべて含む単語,8856,"abacination, abaction, anabiotic, antibiotic, antitobacco, botanic, botanica, cabotin, cibation, nonbotanic, abacot, abboccato"
contains_letters,contains_letters:doy,D と O と Y をすべて含む単語,8843,"abandonedly, abditory, abdominally, abdominocystic, abdominohysterectomy, abdominohysterotomy, abdominoscopy, abmodality, bimodality, myliobatid, myliobatoid, moldability"
contains_letters,contains_letters:cgl,C と G と L をすべて含む単語,8841,"abiogenetical, biogenetical, geobotanical, incogitable, abiogenetically, biogenetically, congealability, geobotanically, abiological, bibliological, biological, globical"
contains_letters,contains_letters:bcl,B と C と L をすべて含む単語,8829,"abacli, baccilla, baccilli, baccillla, bacilli, balaic, biblical, cabalic, abacterial, bacterial, bicalcarate, calibrate"
contains_letters,contains_letters:ck,C と K をすべて含む単語,8825,"aback, back, caback, ablewhackets, ablock, ballock, blackcock, colback, abococket, abovedeck, abricock, achakzai"
contains_letters,contains_letters:aov,A と O と V をすべて含む単語,8815,"aardwolves, aasvogel, aasvogels, lovages, abbreviation, nonabortive, reverberation, revibration, verberation, vertebration, abbreviations, abortiveness"
contains_letters,contains_letters:ntv,N と T と V をすべて含む単語,8814,"abbreviating, reabbreviating, reverberating, revibrating, verbenating, verbigerating, abbreviation, nonabortive, reverberation, revibration, verberation, vertebration"
contains_letters,contains_letters:frs,F と R と S をすべて含む単語,8773,"abfarads, absfarad, absorbefacient, sorbefacient, acetabuliferous, cobaltiferous, acidiferous, ascidiferous, radiciferous, acidifiers, cafardise, decrassified"
contains_letters,contains_letters:bem,B と E と M をすべて含む単語,8721,"abampere, parabema, abamperes, absampere, preembarrass, abandonment, abodement, nonabandonment, abandonments, abasement, abasements, abatements"
contains_letters,contains_letters:dly,D と L と Y をすべて含む単語,8664,"abandonedly, abasedly, syllabled, abashedly, shadbelly, abdominally, abidingly, dabblingly, abmodality, bimodality, myliobatid, myliobatoid"
contains_letters,contains_letters:efu,E と F と U をすべて含む単語,8659,"abuseful, suffusable, abusefully, abusefulness, balefulness, banefulness, unaffableness, unfeasable, unfeasableness, acetabuliferous, cobaltiferous, acetabuliform"
contains_letters,contains_letters:dgr,D と G と R をすべて含む単語,8625,"aboardage, bargeboard, bodrage, bordage, bordrage, broadgage, daggerboard, garderobe, aboveground, abrading, abridging, barding"
contains_letters,contains_letters:df,D と F をすべて含む単語,8598,"aardwolf, floorward, forwardal, waldorf, wolfward, abfarad, abfarads, absfarad, acetified, edificate, facticide, acetylfluoride"
contains_letters,contains_letters:fno,F と N と O をすべて含む単語,8588,"abortifacient, birefraction, febricitation, refabrication, absorbefacient, sorbefacient, acetification, affectation, affection, affectionate, cinefaction, enfatico"
contains_letters,contains_letters:eiz,E と I と Z をすべて含む単語,8572,"abastardize, bastardize, bastardized, bastardizes, abiezer, arabize, barbarize, bizarre, bizarrerie, braize, brazier, rebarbarize"
contains_letters,contains_letters:dhs,D と H と S をすべて含む単語,8530,"abashed, bashed, bedash, beheads, beshade, dahabeahs, shabbed, abashedly, shadbelly, abashedness, headbands, abdominohysterectomy"
contains_letters,contains_letters:gly,G と L と Y をすべて含む単語,8516,"abidingly, dabblingly, abiogenetically, biogenetically, congealability, geobotanically, abiology, abiologically, biologically, abyssopelagic, aboriginality, nonobligatory"
contains_letters,contains_letters:dhn,D と H と N をすべて含む単語,8510,"abashedness, headbands, abdominohysterectomy, abdominohysterotomy, abdominothoracic, rhabdomantic, absinthiated, inhabitedness, academicianship, acanthad, acanthocladous, cladanthous"
contains_letters,contains_letters:cgt,C と G と T をすべて含む単語,8502,"abdicating, abducting, unabdicating, abiogenetic, cabotinage, geobotanic, iceboating, abiogenetical, biogenetical, geobotanical, incogitable, abiogenetically"
contains_letters,contains_letters:otv,O と T と V をすべて含む単語,8449,"abbreviation, nonabortive, reverberation, revibration, verberation, vertebration, abbreviations, abortiveness, inobservant, inobservantness, inobservation, nonabortiveness"
contains_letters,contains_letters:gny,G と N と Y をすべて含む単語,8426,"abidingly, dabblingly, abying, babying, baying, byganging, abiogenetically, biogenetically, congealability, geobotanically, abiogeny, aboriginality"
contains_letters,contains_letters:bp,B と P をすべて含む単語,8398,"abamp, abampere, parabema, abamperes, absampere, preembarrass, abamps, abapical, abaptiston, obstipant, obstipation, spoonbait"
contains_letters,contains_letters:dry,D と R と Y をすべて含む単語,8376,"abditory, abdominohysterectomy, abdominohysterotomy, abecedary, abridgedly, abruptedly, absorbedly, abstractedly, absurdity, distributary, absurdly, subdurally"
contains_letters,contains_letters:abm,A と B と M をすべて含む単語,8288,"abama, amb, amba, bam, mab, maba, mamba, abamp, abampere, parabema, abamperes, absampere"
contains_letters,contains_letters:hmp,H と M と P をすべて含む単語,8266,"abepithymia, amphibiety, academicianship, acanthopomatous, accompliceship, accomplishes, hemophiliacs, isocephalism, mesocephalic, mesocephalism, scaphocephalism, semiphilosophical"
contains_letters,contains_letters:goy,G と O と Y をすべて含む単語,8258,"abiogenetically, biogenetically, congealability, geobotanically, abiogeny, abiology, abiologically, biologically, abyssopelagic, aboriginality, nonobligatory, nonobligatorily"
contains_letters,contains_letters:mny,M と N と Y をすべて含む単語,8197,"abdominally, abdominocystic, abdominohysterectomy, abdominohysterotomy, abdominoscopy, abnormalcy, abnormality, abnormally, myrobalan, abnormity, abominability, innominability"
contains_letters,contains_letters:agy,A と G と Y をすべて含む単語,8190,"abidingly, dabblingly, abying, babying, baying, byganging, abiogenetically, biogenetically, congealability, geobotanically, abiogeny, abiology"
contains_letters,contains_letters:bdi,B と D と I をすべて含む単語,8190,"abadia, abidi, adib, ibad, abadite, babbitted, baited, ibadite, tabbied, abaised, abaissed, abbasside"
contains_letters,contains_letters:gmr,G と M と R をすべて含む単語,8185,"abnormalising, mislaboring, abnormalizing, abridgement, abridgment, abridgements, abridgments, achromatising, chronogrammatist, macrognathism, achromatizing, acrogamy"
contains_letters,contains_letters:ght,G と H と T をすべて含む単語,8171,"abought, absinthiating, abthanage, acanthology, acanthological, anthological, chilognath, chilognatha, chilognathan, gnathonical, thanatological, acanthopterygian"
contains_letters,contains_letters:flr,F と L と R をすべて含む単語,8124,"aardwolf, floorward, forwardal, waldorf, wolfward, acetabuliferous, cobaltiferous, acetabuliform, acetylfluoride, acriflavin, acriflavine, infraclavicle"
contains_letters,contains_letters:eik,E と I と K をすべて含む単語,8090,"abhiseka, bakshishes, absarokite, strikeboat, acknowledging, adiadochokinesia, adiadochokinesis, diadochokinesia, diadochokinesis, adiadokokinesi, adiadokokinesia, diadkokinesia"
contains_letters,contains_letters:ex,E と X をすべて含む単語,8077,"abaxile, exilable, aboideaux, aboiteaux, accusatrixes, acetylperoxide, acetoxyl, acetoxyls, acetoxim, acetoxime, toxaemic, toxicaemia"
contains_letters,contains_letters:erw,E と R と W をすべて含む単語,8018,"aardwolves, acknowledger, reacknowledge, reacknowledged, acknowledgers, adderwort, deadwort, waterdoe, waterwood, adrowse, redowas, swearword"
contains_letters,contains_letters:fnt,F と N と T をすべて含む単語,7999,"abortifacient, birefraction, febricitation, refabrication, absorbefacient, sorbefacient, acetification, affectation, affection, affectionate, cinefaction, enfatico"
contains_letters,contains_letters:kt,K と T をすべて含む単語,7982,"ablewhackets, abococket, absarokite, strikeboat, acknowledgement, acknowledgment, nonacknowledgment, acknowledgements, acknowledgments, ackton, nattock, nocktat"
contains_letters,contains_letters:osv,O と S と V をすべて含む単語,7961,"aardwolves, aasvogel, aasvogels, lovages, abbreviations, abortiveness, inobservant, inobservantness, inobservation, nonabortiveness, nonobservation, observantine"
contains_letters,contains_letters:ekr,E と K と R をすべて含む単語,7907,"absarokite, strikeboat, acker, acreak, caker, carcake, cracker, crake, craker, creak, creaker, racker"
contains_letters,contains_letters:fot,F と O と T をすべて含む単語,7895,"abortifacient, birefraction, febricitation, refabrication, absorbefacient, sorbefacient, acetabuliferous, cobaltiferous, acetabuliform, acetification, affectation, affection"
contains_letters,contains_letters:hny,H と N と Y をすべて含む単語,7890,"abdominohysterectomy, abdominohysterotomy, abernethy, abhenry, abhenrys, abshenry, abhinaya, abhorrency, abhorrently, abyssobenthonic, abthainry, acantholysis"
contains_letters,contains_letters:euv,E と U と V をすべて含む単語,7882,"abbreviature, attributive, breviature, aberduvine, abevacuation, abjunctive, unabjective, aboveground, abreuvoir, absolutive, abusive, abusively"
contains_letters,contains_letters:afo,A と F と O をすべて含む単語,7879,"aardwolf, floorward, forwardal, waldorf, wolfward, abortifacient, birefraction, febricitation, refabrication, aboveproof, absorbefacient, sorbefacient"
contains_letters,contains_letters:dht,D と H と T をすべて含む単語,7879,"abdominohysterectomy, abdominohysterotomy, abdominothoracic, rhabdomantic, absinthiated, inhabitedness, acanthad, acanthocladous, cladanthous, acanthodea, acanthodean, chaetodon"
contains_letters,contains_letters:flo,F と L と O をすべて含む単語,7866,"aardwolf, floorward, forwardal, waldorf, wolfward, acetabuliferous, cobaltiferous, acetabuliform, acetylfluoride, acinacifoliate, affectional, calefaction"
contains_letters,contains_letters:cev,C と E と V をすべて含む単語,7838,"abdicative, abdominovesical, vesicoabdominal, abevacuation, abjective, abjunctive, unabjective, abovedeck, abstractive, abstractively, serviceability, abstractiveness"
contains_letters,contains_letters:msy,M と S と Y をすべて含む単語,7816,"abdominocystic, abdominohysterectomy, abdominohysterotomy, abdominoscopy, abysm, abysms, ambassy, abysmal, abysmally, balsamy, absentmindedly, abstemiously"
contains_letters,contains_letters:bim,B と I と M をすべて含む単語,7805,"abaptistum, abdomina, bondmaid, abdominal, abdominalia, abdominalian, abdominales, bidimensional, nonadmissible, nonadmissibleness, abdominally, abdominals"
contains_letters,contains_letters:bdr,B と D と R をすべて含む単語,7773,"abandoner, bandore, bareboned, broaden, broadened, broadener, deadborn, dearborn, endboard, nonbearded, nonbranded, reabandon"
contains_letters,contains_letters:nz,N と Z をすべて含む単語,7772,"abnormalize, normalizable, abnormalized, modernizable, abnormalizing, abolitionize, abolitionized, delabialization, nondiazotizable, abolitionizing, battologizing, globalization"
contains_letters,contains_letters:nsv,N と S と V をすべて含む単語,7767,"abbreviations, abortiveness, inobservant, inobservantness, inobservation, nonabortiveness, nonobservation, observantine, observantist, observatin, observation, observations"
contains_letters,contains_letters:fos,F と O と S をすべて含む単語,7692,"absorbefacient, sorbefacient, acetabuliferous, cobaltiferous, acidiferous, ascidiferous, radiciferous, acinacifolious, confusional, nonfallacious, unfallacious, actiniferous"
contains_letters,contains_letters:asv,A と S と V をすべて含む単語,7684,"aardvarks, aardwolves, aasvogel, aasvogels, lovages, abbreviates, abstersive, reabbreviates, vibrates, abbreviations, abortiveness, inobservant"
contains_letters,contains_letters:aek,A と E と K をすべて含む単語,7664,"abelmosk, abelmosks, smokable, smokables, smokeable, abelmusk, abhiseka, bakshishes, ablewhackets, abococket, abovedeck, absarokite"
contains_letters,contains_letters:chu,C と H と U をすべて含む単語,7636,"abelmoschus, abouchement, abranchious, branchiosaur, branchiosauria, branchiosaurian, branchiosaurus, branchiurous, acanthaceous, autochthones, autochthonousness, ceanothus"
contains_letters,contains_letters:lrv,L と R と V をすべて含む単語,7633,"aardwolves, abbreviatable, avertible, irretrievable, liberative, retrievable, triverbal, triverbial, veritable, vertebrarterial, vibratile, abbreviately"
contains_letters,contains_letters:dgo,D と G と O をすべて含む単語,7611,"abadengo, bondage, dogbane, abandoning, aboding, bignoniad, nonabiding, abbogada, abogado, dagoba, abdominogenital, abdominovaginal"
contains_letters,contains_letters:bcn,B と C と N をすべて含む単語,7609,"abacinate, abietinic, antecabinet, antitabetic, bennettitaceae, betacaine, cabinet, abacination, abaction, anabiotic, antibiotic, antitobacco"
contains_letters,contains_letters:dny,D と N と Y をすべて含む単語,7609,"abandonedly, abdominally, abdominocystic, abdominohysterectomy, abdominohysterotomy, abdominoscopy, abidingly, dabblingly, aboundingly, abscondedly, decasyllabon, nondecasyllable"
contains_letters,contains_letters:gps,G と P と S をすべて含む単語,7604,"abigailship, abyssopelagic, acceptingness, antisepticising, pacesetting, speciating, spectating, accomplishing, acridophagus, acrospiring, caparisoning, carposporangia"
contains_letters,contains_letters:dpu,D と P と U をすべて含む単語,7549,"abruptedly, acanthopodous, acidophilous, acidophilus, aphidicolous, acridophagus, acropodium, cardiocarpum, acupunctured, repunctuated, uncaptured, uncarpentered"
contains_letters,contains_letters:hlu,H と L と U をすべて含む単語,7546,"abelmoschus, ablepharous, sphaerobolus, ablepharus, pearlbush, ablush, subhall, acanthocephalous, anthocephalous, cephalanthous, ctenocephalus, haplocaulescent"
contains_letters,contains_letters:afs,A と F と S をすべて含む単語,7540,"abfarads, absfarad, absorbefacient, sorbefacient, abuseful, suffusable, abusefully, abusefulness, balefulness, banefulness, unaffableness, unfeasable"
contains_letters,contains_letters:oz,O と Z をすべて含む単語,7504,"abbozzo, bazoo, boza, abnormalize, normalizable, abnormalized, modernizable, abnormalizing, abolitionize, abolitionized, delabialization, nondiazotizable"
contains_letters,contains_letters:dv,D と V をすべて含む単語,7498,"aardvark, aardvarks, aardwolves, abbreviated, breviradiate, deverbative, diverberate, reabbreviated, revibrated, vibrated, abdicative, abditive"
contains_letters,contains_letters:fln,F と L と N をすべて含む単語,7493,"abusefulness, balefulness, banefulness, unaffableness, unfeasable, unfeasableness, acinacifoliate, affectional, calefaction, felicitation, flectional, fontinalaceae"
contains_letters,contains_letters:lov,L と O と V をすべて含む単語,7482,"aardwolves, aasvogel, aasvogels, lovages, abdominovaginal, vaginoabdominal, abdominovesical, vesicoabdominal, abluvion, abortively, elaboratively, overability"
contains_letters,contains_letters:lw,L と W をすべて含む単語,7465,"aardwolf, floorward, forwardal, waldorf, wolfward, aardwolves, ablewhackets, ablow, ballow, balow, blowball, bowla"
contains_letters,contains_letters:dlm,D と L と M をすべて含む単語,7463,"abdominal, abdominalia, abdominalian, abdominales, bidimensional, nonadmissible, nonadmissibleness, abdominally, abdominals, abdominogenital, abdominovaginal, vaginoabdominal"
contains_letters,contains_letters:civ,C と I と V をすべて含む単語,7437,"abdicative, abdominovesical, vesicoabdominal, abevacuation, abjective, abjunctive, unabjective, abstractive, abstractively, serviceability, abstractiveness, accelerative"
contains_letters,contains_letters:fiu,F と I と U をすべて含む単語,7432,"acetabuliferous, cobaltiferous, acetabuliform, acetylfluoride, acidiferous, ascidiferous, radiciferous, acinacifolious, confusional, nonfallacious, unfallacious, actiniferous"
contains_letters,contains_letters:hlm,H と L と M をすべて含む単語,7410,"abelmoschus, abhominable, abolishment, abolishments, nonestablishment, abranchialism, acantholimon, machicolation, monothalamic, accompliceship, accomplishes, hemophiliacs"
contains_letters,contains_letters:eks,E と K と S をすべて含む単語,7400,"abelmosk, abelmosks, smokable, smokables, smokeable, abelmusk, abhiseka, bakshishes, ablewhackets, absarokite, strikeboat, ackees"
contains_letters,contains_letters:bcs,B と C と S をすべて含む単語,7397,"abacas, cabas, cabasa, cabs, casaba, casabas, cassaba, cassabas, scab, scabs, abacisci, abasic"
contains_letters,contains_letters:fns,F と N と S をすべて含む単語,7370,"absorbefacient, sorbefacient, abusefulness, balefulness, banefulness, unaffableness, unfeasable, unfeasableness, acinacifolious, confusional, nonfallacious, unfallacious"
contains_letters,contains_letters:egy,E と G と Y をすべて含む単語,7309,"abiogenetically, biogenetically, congealability, geobotanically, abiogeny, abyssopelagic, abridgedly, acanthopterygian, acanthopterygii, chiropterygian, hyperorthognathic, ichthyopterygian"
contains_letters,contains_letters:glp,G と L と P をすべて含む単語,7309,"abigailship, abyssopelagic, accelerograph, calcographer, cephalograph, chalcographer, chapelgoer, acceptilating, palingenetic, plantaginaceae, acceptingly, epigenetically"
contains_letters,contains_letters:tw,T と W をすべて含む単語,7297,"ablewhackets, abwatt, batwa, abwatts, acknowledgement, acknowledgment, nonacknowledgment, acknowledgements, acknowledgments, adawlut, adderwort, deadwort"
contains_letters,contains_letters:lnv,L と N と V をすべて含む単語,7289,"abbevillian, bevillain, enviable, inviable, veniable, abdominovaginal, vaginoabdominal, abdominovesical, vesicoabdominal, abluvion, abnerval, venerable"
contains_letters,contains_letters:aiz,A と I と Z をすべて含む単語,7287,"abastardize, bastardize, bastardized, bastardizes, abiezer, arabize, barbarize, bizarre, bizarrerie, braize, brazier, rebarbarize"
contains_letters,contains_letters:ghs,G と H と S をすべて含む単語,7239,"abashing, banishing, bashing, abigailship, abolishing, absinthiating, accomplishing, achromatising, chronogrammatist, macrognathism, acridophagus, acrorhagus"
contains_letters,contains_letters:flu,F と L と U をすべて含む単語,7236,"abuseful, suffusable, abusefully, abusefulness, balefulness, banefulness, unaffableness, unfeasable, unfeasableness, acetabuliferous, cobaltiferous, acetabuliform"
contains_letters,contains_letters:bct,B と C と T をすべて含む単語,7233,"abacate, baccate, abacinate, abietinic, antecabinet, antitabetic, bennettitaceae, betacaine, cabinet, abacination, abaction, anabiotic"
contains_letters,contains_letters:fru,F と R と U をすべて含む単語,7229,"acetabuliferous, cobaltiferous, acetabuliform, acetylfluoride, acidiferous, ascidiferous, radiciferous, actiniferous, contrafissure, counterfeisance, fractiousness, functionaries"
contains_letters,contains_letters:cmy,C と M と Y をすべて含む単語,7214,"abdominocystic, abdominohysterectomy, abdominoscopy, abnormalcy, academy, academically, cyamelid, cyamelide, decimally, medallically, medically, acclamatory"
contains_letters,contains_letters:gry,G と R と Y をすべて含む単語,7205,"aboriginality, nonobligatory, nonobligatorily, obligationary, aboriginally, laboringly, aboriginary, abridgedly, absorbingly, acanthopterygian, acanthopterygii, chiropterygian"
contains_letters,contains_letters:gpt,G と P と T をすべて含む単語,7127,"acanthopterygian, acanthopterygii, chiropterygian, hyperorthognathic, ichthyopterygian, rehypothecating, acceptilating, palingenetic, plantaginaceae, accepting, pageantic, pangenetic"
contains_letters,contains_letters:fst,F と S と T をすべて含む単語,7113,"absorbefacient, sorbefacient, acetabuliferous, cobaltiferous, acetifies, faciest, fasciate, satisfice, testificate, acrestaff, affecters, aftercast"
contains_letters,contains_letters:cdp,C と D と P をすべて含む単語,7105,"abdominoscope, abdominoscopy, academicianship, acalephoid, acidophile, cephalodia, cephaloid, cephalopodic, dolichocephal, dolichocephali, dolichocephalic, ophicephalidae"
contains_letters,contains_letters:fls,F と L と S をすべて含む単語,7067,"abuseful, suffusable, abusefully, abusefulness, balefulness, banefulness, unaffableness, unfeasable, unfeasableness, acetabuliferous, cobaltiferous, acinacifolious"
contains_letters,contains_letters:gmt,G と M と T をすべて含む単語,7048,"abdominogenital, abominating, ambitioning, bombinating, abridgement, abridgment, abridgements, abridgments, acclimating, anallagmatic, acclimatising, acclimatizing"
contains_letters,contains_letters:cgs,C と G と S をすべて含む単語,7029,"abencerrages, abyssopelagic, abscessing, basigenic, benignancies, abscising, scabbing, absconding, abstracting, abstricting, transcribing, academising"
contains_letters,contains_letters:fnu,F と N と U をすべて含む単語,6960,"abusefulness, balefulness, banefulness, unaffableness, unfeasable, unfeasableness, acinacifolious, confusional, nonfallacious, unfallacious, actiniferous, contrafissure"
contains_letters,contains_letters:def,D と E と F をすべて含む単語,6959,"acetified, edificate, facticide, acetylfluoride, acidiferous, ascidiferous, radiciferous, acidifiable, edificable, acidified, deacidified, decafid"
contains_letters,contains_letters:bly,B と L と Y をすべて含む単語,6955,"abactinally, cannibality, incitability, abandonedly, abasedly, syllabled, abashedly, shadbelly, abashlessly, bashyle, abbreviately, irretrievability"
contains_letters,contains_letters:iuv,I と U と V をすべて含む単語,6919,"abbreviature, attributive, breviature, aberduvine, abevacuation, abjunctive, unabjective, abluvion, abreuvoir, absolutive, abusive, abusively"
contains_letters,contains_letters:rz,R と Z をすべて含む単語,6919,"abastardize, bastardize, bastardized, bastardizes, abiezer, arabize, barbarize, bizarre, bizarrerie, braize, brazier, rebarbarize"
contains_letters,contains_letters:dty,D と T と Y をすべて含む単語,6854,"abbeystead, abbeystede, bestayed, abditory, abdominocystic, abdominohysterectomy, abdominohysterotomy, abmodality, bimodality, myliobatid, myliobatoid, moldability"
contains_letters,contains_letters:bdn,B と D と N をすべて含む単語,6838,"abaddon, abandon, abbandono, badon, bando, bandon, abadengo, bondage, dogbane, abalienated, alabandite, bidental"
contains_letters,contains_letters:ikn,I と K と N をすべて含む単語,6830,"abkhasian, abnaki, acknowing, acknowledging, adiadochokinesia, adiadochokinesis, diadochokinesia, diadochokinesis, adiadokokinesi, adiadokokinesia, diadkokinesia, diadokokinesis"
contains_letters,contains_letters:mpu,M と P と U をすべて含む単語,6821,"abaptistum, absumption, acanthopomatous, accouplement, conceptaculum, monoplaculate, pneumatocele, uncomplacent, uncomplemental, achromophilous, microphallus, acromioscapular"
contains_letters,contains_letters:cfi,C と F と I をすべて含む単語,6813,"abortifacient, birefraction, febricitation, refabrication, absorbefacient, sorbefacient, acariform, aciform, arciform, cariform, coraciiform, formica"
contains_letters,contains_letters:gms,G と M と S をすべて含む単語,6811,"abnormalising, mislaboring, abridgements, abridgments, academising, damascening, dimagnesic, acclimatising, accommodatingness, domesticating, gonadectomies, nonaccommodatingness"
contains_letters,contains_letters:esw,E と S と W をすべて含む単語,6804,"aardwolves, ablewhackets, acknowledgements, acknowledgments, acknowledgers, acknowledges, adrowse, redowas, swearword, advowsance, adwesch, afterglows"
contains_letters,contains_letters:ix,I と X をすべて含む単語,6795,"abacaxi, abaxial, biaxal, biaxial, abaxile, exilable, aboideaux, aboiteaux, acarotoxic, acroataxia, accusatrix, accusatrixes"
contains_letters,contains_letters:dmu,D と M と U をすべて含む単語,6770,"abandum, mbunda, abdominous, subdomains, abecedarium, absurdism, absurdum, academus, camused, muscade, acaridomatium, acarocecidium"
contains_letters,contains_letters:inz,I と N と Z をすべて含む単語,6758,"abnormalize, normalizable, abnormalized, modernizable, abnormalizing, abolitionize, abolitionized, delabialization, nondiazotizable, abolitionizing, battologizing, globalization"
contains_letters,contains_letters:flt,F と L と T をすべて含む単語,6735,"acetabuliferous, cobaltiferous, acetabuliform, acetylfluoride, acinacifoliate, affectional, calefaction, felicitation, flectional, fontinalaceae, inflectional, noninflectional"
contains_letters,contains_letters:bmo,B と M と O をすべて含む単語,6720,"abandonment, abodement, nonabandonment, abandonments, abarambo, abroma, barroom, bombora, broma, rambo, abbacomes, camboose"
contains_letters,contains_letters:abh,A と B と H をすべて含む単語,6713,"ababdeh, beehead, beeheaded, behead, beheaded, dahabeah, abayah, bahay, abarthrosis, abash, bash, hashab"
contains_letters,contains_letters:bdl,B と D と L をすべて含む単語,6708,"abalienated, alabandite, bidental, bidentalia, bidential, bilineated, debilitant, dentilabial, detainable, teindable, abandonable, ballooned"
contains_letters,contains_letters:dev,D と E と V をすべて含む単語,6692,"aardwolves, abbreviated, breviradiate, deverbative, diverberate, reabbreviated, revibrated, vibrated, abdicative, abditive, abdominovesical, vesicoabdominal"
contains_letters,contains_letters:aby,A と B と Y をすべて含む単語,6685,"abacay, abbacy, baccy, cabby, abactinally, cannibality, incitability, abay, abby, aby, babby, baby"
contains_letters,contains_letters:stv,S と T と V をすべて含む単語,6684,"abbreviates, abstersive, reabbreviates, vibrates, abbreviations, abortiveness, inobservant, inobservantness, inobservation, nonabortiveness, nonobservation, observantine"
contains_letters,contains_letters:ekn,E と K と N をすべて含む単語,6649,"ackmen, acknew, wacken, acknowledge, acknowledged, acknowledgeable, acknowledgedly, acknowledgement, acknowledgment, nonacknowledgment, acknowledgements, acknowledgments"
contains_letters,contains_letters:blm,B と L と M をすべて含む単語,6632,"abcoulomb, columba, abdominal, abdominalia, abdominalian, abdominales, bidimensional, nonadmissible, nonadmissibleness, abdominally, abdominals, abdominogenital"
contains_letters,contains_letters:ghl,G と H と L をすべて含む単語,6623,"abigailship, abolishing, acanthology, acanthological, anthological, chilognath, chilognatha, chilognathan, gnathonical, thanatological, accelerograph, calcographer"
contains_letters,contains_letters:dw,D と W をすべて含む単語,6579,"aardwolf, floorward, forwardal, waldorf, wolfward, aardwolves, acheweed, chawed, acknowledge, acknowledged, acknowledgeable, acknowledgedly"
contains_letters,contains_letters:beh,B と E と H をすべて含む単語,6549,"ababdeh, beehead, beeheaded, behead, beheaded, dahabeah, abashed, bashed, bedash, beheads, beshade, dahabeahs"
contains_letters,contains_letters:bdo,B と D と O をすべて含む単語,6548,"abaddon, abandon, abbandono, badon, bando, bandon, abadejo, jobade, abadengo, bondage, dogbane, abandonable"
contains_letters,contains_letters:fsu,F と S と U をすべて含む単語,6524,"abuseful, suffusable, abusefully, abusefulness, balefulness, banefulness, unaffableness, unfeasable, unfeasableness, acetabuliferous, cobaltiferous, acidiferous"
contains_letters,contains_letters:aew,A と E と W をすべて含む単語,6516,"aardwolves, ablewhackets, acheweed, chawed, acknew, wacken, acknowledge, acknowledged, acknowledgeable, acknowledgedly, acknowledgement, acknowledgment"
contains_letters,contains_letters:cdh,C と D と H をすべて含む単語,6514,"abdominohysterectomy, abdominothoracic, rhabdomantic, academicianship, acalephoid, acidophile, cephalodia, cephaloid, cephalopodic, dolichocephal, dolichocephali, dolichocephalic"
contains_letters,contains_letters:cef,C と E と F をすべて含む単語,6500,"abortifacient, birefraction, febricitation, refabrication, absorbefacient, sorbefacient, acecaffin, acecaffine, affiance, caffein, caffeina, caffeine"
contains_letters,contains_letters:cuy,C と U と Y をすべて含む単語,6488,"absolutistically, tautosyllabic, abundancy, acalycinous, conclusionally, unoccasionally, unsalaciously, unsocially, acalyculate, acutely, calyculate, cytulae"
contains_letters,contains_letters:aez,A と E と Z をすべて含む単語,6476,"abastardize, bastardize, bastardized, bastardizes, abaze, baze, bezazz, ezba, abiezer, arabize, barbarize, bizarre"
contains_letters,contains_letters:bmr,B と M と R をすべて含む単語,6470,"abampere, parabema, abamperes, absampere, preembarrass, abarambo, abroma, barroom, bombora, broma, rambo, abbroachment"
contains_letters,contains_letters:dhl,D と H と L をすべて含む単語,6409,"abashedly, shadbelly, abolished, acalephoid, acidophile, cephalodia, cephaloid, cephalopodic, dolichocephal, dolichocephali, dolichocephalic, ophicephalidae"
contains_letters,contains_letters:fm,F と M をすべて含む単語,6379,"acariform, aciform, arciform, cariform, coraciiform, formica, formicaria, acetabuliform, acinaciform, aciniform, aminoformic, cancriform"
contains_letters,contains_letters:ekl,E と K と L をすべて含む単語,6373,"abelmosk, abelmosks, smokable, smokables, smokeable, abelmusk, ablewhackets, acknowledge, acknowledged, acknowledgeable, acknowledgedly, acknowledgement"
contains_letters,contains_letters:tz,T と Z をすべて含む単語,6359,"abastardize, bastardize, bastardized, bastardizes, abolitionize, abolitionized, delabialization, nondiazotizable, abolitionizing, battologizing, globalization, abrazite"
contains_letters,contains_letters:bcu,B と C と U をすべて含む単語,6348,"abaciscus, sabicu, abaculi, abulic, albiculi, baculi, cabilliau, cubical, cubicula, abaculus, baculus, subclass"
contains_letters,contains_letters:bgi,B と G と I をすべて含む単語,6343,"abalienating, batteling, belating, bigential, bitangential, bleating, ignitable, intangible, langbanite, langbeinite, tableting, tabletting"
contains_letters,contains_letters:ghp,G と H と P をすべて含む単語,6310,"abigailship, acanthopterygian, acanthopterygii, chiropterygian, hyperorthognathic, ichthyopterygian, rehypothecating, accelerograph, calcographer, cephalograph, chalcographer, chapelgoer"
contains_letters,contains_letters:iks,I と K と S をすべて含む単語,6300,"abhiseka, bakshishes, abkhasian, absarokite, strikeboat, adiadochokinesia, adiadochokinesis, diadochokinesia, diadochokinesis, adiadokokinesi, adiadokokinesia, diadkokinesia"
contains_letters,contains_letters:ltv,L と T と V をすべて含む単語,6293,"abbreviatable, avertible, irretrievable, liberative, retrievable, triverbal, triverbial, veritable, vertebrarterial, vibratile, abbreviately, irretrievability"
contains_letters,contains_letters:mpy,M と P と Y をすべて含む単語,6254,"abdominoscopy, abepithymia, amphibiety, accompany, capnomancy, company, copyman, pycnocoma, accompanying, companying, nonaccompanying, accompanyist"
contains_letters,contains_letters:glm,G と L と M をすべて含む単語,6227,"abdominogenital, abdominovaginal, vaginoabdominal, abnormalising, mislaboring, abnormalizing, acclaiming, anglimaniac, calamining, calcimining, calming, claiming"
contains_letters,contains_letters:cdm,C と D と M をすべて含む単語,6168,"abdominocardiac, abdominocentesis, disembocation, abdominocystic, abdominohysterectomy, abdominoscope, abdominoscopy, abdominothoracic, rhabdomantic, abdominovesical, vesicoabdominal, abecedarium"
contains_letters,contains_letters:ax,A と X をすべて含む単語,6156,"abacaxi, abaxial, biaxal, biaxial, abaxile, exilable, aboideaux, aboiteaux, abox, abrasax, abraxas, acanthopanax"
contains_letters,contains_letters:hpu,H と P と U をすべて含む単語,6147,"ablepharous, sphaerobolus, ablepharus, pearlbush, acanthocarpous, acanthophorous, anthocarpous, acanthocephalous, anthocephalous, cephalanthous, ctenocephalus, haplocaulescent"
contains_letters,contains_letters:biy,B と I と Y をすべて含む単語,6145,"abactinally, cannibality, incitability, abbreviately, irretrievability, irretrievably, rebarbatively, retrievability, retrievably, revealability, revelability, revivability"
contains_letters,contains_letters:akr,A と K と R をすべて含む単語,6143,"aardvark, aardvarks, abkar, arkab, bakra, baraka, bark, kabar, kbar, abkari, bakairi, karbi"
contains_letters,contains_letters:eow,E と O と W をすべて含む単語,6131,"aardwolves, acknowledge, acknowledged, acknowledgeable, acknowledgedly, acknowledgement, acknowledgment, nonacknowledgment, acknowledgements, acknowledgments, acknowledger, reacknowledge"
contains_letters,contains_letters:dgl,D と G と L をすべて含む単語,6111,"abdominogenital, abdominovaginal, vaginoabdominal, abidingly, dabblingly, aboundingly, abridgable, abridgeable, bridgeable, dalbergia, abridgedly, abuilding"
contains_letters,contains_letters:fg,F と G をすべて含む単語,6108,"acetifying, acidifying, adfreezing, adsignify, adsignification, aerifying, rarefying, afacing, affiancing, facing, fiancing, financing"
contains_letters,contains_letters:eiw,E と I と W をすべて含む単語,6096,"acknowledging, aeroview, afterswarming, afterwhile, afterwisdom, afterwise, afterwrist, wastrife, afterwit, fairwater, firewater, afterwitted"
contains_letters,contains_letters:bep,B と E と P をすべて含む単語,6090,"abampere, parabema, abamperes, absampere, preembarrass, abdominoposterior, abdominoscope, abepithymia, amphibiety, aberroscope, baroscope, abyssopelagic"
contains_letters,contains_letters:lsv,L と S と V をすべて含む単語,6078,"aardwolves, aasvogel, aasvogels, lovages, abdominovesical, vesicoabdominal, ablatives, availabilities, viabilities, visitable, abrasively, absolutive"
contains_letters,contains_letters:gty,G と T と Y をすべて含む単語,6058,"abiogenetically, biogenetically, congealability, geobotanically, aboriginality, nonobligatory, nonobligatorily, obligationary, acanthology, acanthopterygian, acanthopterygii, chiropterygian"
contains_letters,contains_letters:dgs,D と G と S をすべて含む単語,6026,"abidingness, badinages, beadings, debasing, abogados, dagobas, abridgements, abridgments, abridgers, abridges, bigarades, brigades"
contains_letters,contains_letters:ioz,I と O と Z をすべて含む単語,6014,"abnormalize, normalizable, abnormalized, modernizable, abnormalizing, abolitionize, abolitionized, delabialization, nondiazotizable, abolitionizing, battologizing, globalization"
contains_letters,contains_letters:aik,A と I と K をすべて含む単語,5987,"abhiseka, bakshishes, abkari, bakairi, karbi, abkhasian, abnaki, aboudikro, abricock, absarokite, strikeboat, achakzai"
contains_letters,contains_letters:dsy,D と S と Y をすべて含む単語,5965,"abasedly, syllabled, abashedly, shadbelly, abbeystead, abbeystede, bestayed, abdominocystic, abdominohysterectomy, abdominohysterotomy, abdominoscopy, abscondedly"
contains_letters,contains_letters:abp,A と B と P をすべて含む単語,5960,"abamp, abampere, parabema, abamperes, absampere, preembarrass, abamps, abapical, abaptiston, obstipant, obstipation, spoonbait"
contains_letters,contains_letters:bhi,B と H と I をすべて含む単語,5952,"abarthrosis, abashing, banishing, bashing, abbotship, abbotships, papaphobist, phthisiophobia, posthabit, sitiophobia, sitophobia, stasiphobia"
contains_letters,contains_letters:nuv,N と U と V をすべて含む単語,5926,"aberduvine, abevacuation, abjunctive, unabjective, abluvion, aboveground, abusiveness, subnivean, unabusive, unabusiveness, accumulativeness, cumulativeness"
contains_letters,contains_letters:ox,O と X をすべて含む単語,5903,"aboideaux, aboiteaux, abox, acanthopanax, acarotoxic, acroataxia, acetylperoxide, acetoxyl, acetoxyls, acetoxim, acetoxime, toxaemic"
contains_letters,contains_letters:enw,E と N と W をすべて含む単語,5887,"acknew, wacken, acknowledge, acknowledged, acknowledgeable, acknowledgedly, acknowledgement, acknowledgment, nonacknowledgment, acknowledgements, acknowledgments, acknowledger"
contains_letters,contains_letters:bms,B と M と S をすべて含む単語,5882,"abamperes, absampere, preembarrass, abamps, abandonments, abaptistum, abasement, abasements, abatements, abetments, absentment, basement"
contains_letters,contains_letters:lz,L と Z をすべて含む単語,5879,"ablaze, ableeze, bezaleel, blaze, abnormalize, normalizable, abnormalized, modernizable, abnormalizing, abolitionize, abolitionized, delabialization"
contains_letters,contains_letters:bds,B と D と S をすべて含む単語,5868,"abaised, abaissed, abbasside, abides, baddies, biased, biassed, diabase, diabases, dibase, disbase, abandoners"
contains_letters,contains_letters:orw,O と R と W をすべて含む単語,5815,"aardwolf, floorward, forwardal, waldorf, wolfward, aardwolves, acknowledger, reacknowledge, reacknowledged, acknowledgers, adderwort, deadwort"
contains_letters,contains_letters:irz,I と R と Z をすべて含む単語,5805,"abastardize, bastardize, bastardized, bastardizes, abiezer, arabize, barbarize, bizarre, bizarrerie, braize, brazier, rebarbarize"
contains_letters,contains_letters:ruv,R と U と V をすべて含む単語,5803,"abbreviature, attributive, breviature, aberduvine, aboveground, abreuvoir, acculturative, articulative, arviculture, aviculture, circulative, claviature"
contains_letters,contains_letters:aks,A と K と S をすべて含む単語,5790,"aardvarks, abakas, abask, babkas, bask, basks, kababs, kabakas, kabs, abelmosk, abelmosks, smokable"
contains_letters,contains_letters:fou,F と O と U をすべて含む単語,5788,"acetabuliferous, cobaltiferous, acetabuliform, acetylfluoride, acidiferous, ascidiferous, radiciferous, acinacifolious, confusional, nonfallacious, unfallacious, actiniferous"
contains_letters,contains_letters:hmy,H と M と Y をすべて含む単語,5771,"abdominohysterectomy, abdominohysterotomy, abepithymia, amphibiety, acetylmethylcarbinol, acetylthymol, cytochylema, methylcatechol, acetmethylanilide, methylacetanilide, achymia, chymia"
contains_letters,contains_letters:enz,E と N と Z をすべて含む単語,5758,"abnormalize, normalizable, abnormalized, modernizable, abolitionize, abolitionized, delabialization, nondiazotizable, academization, academizing, accessorizing, acetalization"
contains_letters,contains_letters:bgn,B と G と N をすべて含む単語,5732,"abadengo, bondage, dogbane, abalienating, batteling, belating, bigential, bitangential, bleating, ignitable, intangible, langbanite"
contains_letters,contains_letters:cov,C と O と V をすべて含む単語,5729,"abdominovesical, vesicoabdominal, abevacuation, abovedeck, acclivitous, outcavils, acclivous, avicolous, cavillous, lascivious, volacious, accommodative"
contains_letters,contains_letters:arw,A と R と W をすべて含む単語,5666,"aardwolf, floorward, forwardal, waldorf, wolfward, aardwolves, acknowledger, reacknowledge, reacknowledged, acknowledgers, acrawl, crawl"
contains_letters,contains_letters:beg,B と E と G をすべて含む単語,5662,"abadengo, bondage, dogbane, abalienating, batteling, belating, bigential, bitangential, bleating, ignitable, intangible, langbanite"
contains_letters,contains_letters:acf,A と C と F をすべて含む単語,5661,"abortifacient, birefraction, febricitation, refabrication, absorbefacient, sorbefacient, acariform, aciform, arciform, cariform, coraciiform, formica"
contains_letters,contains_letters:acv,A と C と V をすべて含む単語,5661,"abdicative, abdominovesical, vesicoabdominal, abevacuation, abjective, abjunctive, unabjective, abovedeck, abstractive, abstractively, serviceability, abstractiveness"
contains_letters,contains_letters:qu,Q と U をすべて含む単語,5661,"ablaqueate, equatable, absquatulate, absquatulation, aceanthrenequinone, equianchorate, acequia, cacique, caique, acequiador, acequias, acquiesce"
contains_letters,contains_letters:tx,T と X をすべて含む単語,5620,"aboiteaux, acanthopanax, acarotoxic, acroataxia, accusatrix, accusatrixes, acetylperoxide, acetoxyl, acetoxyls, acetoxim, acetoxime, toxaemic"
contains_letters,contains_letters:bey,B と E と Y をすべて含む単語,5607,"abandonedly, abasedly, syllabled, abashedly, shadbelly, abashlessly, bashyle, abbaye, abbey, abey, abye, bebay"
contains_letters,contains_letters:itz,I と T と Z をすべて含む単語,5606,"abastardize, bastardize, bastardized, bastardizes, abolitionize, abolitionized, delabialization, nondiazotizable, abolitionizing, battologizing, globalization, abrazite"
contains_letters,contains_letters:dhp,D と H と P をすべて含む単語,5601,"academicianship, acalephoid, acidophile, cephalodia, cephaloid, cephalopodic, dolichocephal, dolichocephali, dolichocephalic, ophicephalidae, ophicephaloid, pedophiliac"
contains_letters,contains_letters:hw,H と W をすべて含む単語,5598,"ablewhackets, acheweed, chawed, achomawi, adwesch, aftergrowth, afterwash, freshwater, afterwhile, afterwrath, featherfew, whereafter"
contains_letters,contains_letters:bmn,B と M と N をすべて含む単語,5592,"abandonment, abodement, nonabandonment, abandonments, abandum, mbunda, abasement, abasements, abatements, abetments, absentment, basement"
contains_letters,contains_letters:crv,C と R と V をすべて含む単語,5574,"abstractive, abstractively, serviceability, abstractiveness, accelerative, altercative, calaverite, lacerative, leviratic, leviratical, recitativical, reclivate"
contains_letters,contains_letters:ftu,F と T と U をすべて含む単語,5574,"acetabuliferous, cobaltiferous, acetabuliform, acetylfluoride, actiniferous, contrafissure, counterfeisance, fractiousness, functionaries, nectariferous, reunifications, unfractiousness"
contains_letters,contains_letters:afu,A と F と U をすべて含む単語,5562,"abuseful, suffusable, abusefully, abusefulness, balefulness, banefulness, unaffableness, unfeasable, unfeasableness, acetabuliferous, cobaltiferous, acetabuliform"
contains_letters,contains_letters:ku,K と U をすべて含む単語,5560,"abelmusk, aboudikro, adultlike, adusk, afluking, unflaking, agitpunkt, aguelike, ahantchuyuk, aikuchi, kuichua, aitutakian"
contains_letters,contains_letters:cdy,C と D と Y をすべて含む単語,5550,"abdominocystic, abdominohysterectomy, abdominoscopy, abecedary, abscondedly, decasyllabon, nondecasyllable, abstractedly, abundancy, academy, academically, cyamelid"
contains_letters,contains_letters:cfr,C と F と R をすべて含む単語,5543,"abortifacient, birefraction, febricitation, refabrication, absorbefacient, sorbefacient, acariform, aciform, arciform, cariform, coraciiform, formica"
contains_letters,contains_letters:erz,E と R と Z をすべて含む単語,5525,"abastardize, bastardize, bastardized, bastardizes, abiezer, arabize, barbarize, bizarre, bizarrerie, braize, brazier, rebarbarize"
contains_letters,contains_letters:ikl,I と K と L をすべて含む単語,5525,"acknowledging, acockbill, calicoback, adultlike, aeolsklavier, aflicker, farcelike, afluking, unflaking, aftermilk, agatelike, gatelike"
contains_letters,contains_letters:bhr,B と H と R をすべて含む単語,5520,"abarthrosis, abbroachment, carbomethene, chronobarometer, abdominohysterectomy, abdominohysterotomy, abdominothoracic, rhabdomantic, abernethy, abhenry, abhenries, bairnishness"
contains_letters,contains_letters:akn,A と K と N をすべて含む単語,5518,"abkhasian, abnaki, achkan, chank, ackman, ackmen, acknew, wacken, acknow, acknown, acknowing, acknowledge"
contains_letters,contains_letters:bip,B と I と P をすべて含む単語,5498,"abapical, abaptiston, obstipant, obstipation, spoonbait, abaptistum, abbotship, abbotships, papaphobist, phthisiophobia, posthabit, sitiophobia"
contains_letters,contains_letters:dgt,D と G と T をすべて含む単語,5485,"abdicating, abdominogenital, abducting, unabdicating, abjudicating, abnegated, abridgement, abridgment, abridgements, abridgments, abrogated, goatbeard"
contains_letters,contains_letters:eko,E と K と O をすべて含む単語,5464,"abelmosk, abelmosks, smokable, smokables, smokeable, abococket, abovedeck, absarokite, strikeboat, achoke, chechako, cheechako"
contains_letters,contains_letters:bdu,B と D と U をすべて含む単語,5463,"abandum, mbunda, abdominous, subdomains, abduce, abduced, abducens, abundances, unabscessed, unscabbed, abducent, unabducted"
contains_letters,contains_letters:cek,C と E と K をすべて含む単語,5412,"ablewhackets, abococket, abovedeck, acheck, akcheh, cheka, hacek, hackee, keach, achoke, chechako, cheechako"
contains_letters,contains_letters:pv,P と V をすべて含む単語,5406,"aboveproof, absorptive, absorptively, absorptiveness, approbativeness, nonabsorptive, overabsorption, preobservation, absorptivity, acceptavit, acceptive, capacitative"
contains_letters,contains_letters:anz,A と N と Z をすべて含む単語,5398,"abnormalize, normalizable, abnormalized, modernizable, abnormalizing, abolitionize, abolitionized, delabialization, nondiazotizable, abolitionizing, battologizing, globalization"
contains_letters,contains_letters:cfo,C と F と O をすべて含む単語,5387,"abortifacient, birefraction, febricitation, refabrication, absorbefacient, sorbefacient, acariform, aciform, arciform, cariform, coraciiform, formica"
contains_letters,contains_letters:bry,B と R と Y をすべて含む単語,5384,"abbreviately, irretrievability, irretrievably, rebarbatively, retrievability, retrievably, revealability, revelability, revivability, travelability, travellability, verbality"
contains_letters,contains_letters:abg,A と B と G をすべて含む単語,5380,"abadengo, bondage, dogbane, abalienating, batteling, belating, bigential, bitangential, bleating, ignitable, intangible, langbanite"
contains_letters,contains_letters:cnv,C と N と V をすべて含む単語,5371,"abdominovesical, vesicoabdominal, abevacuation, abjunctive, unabjective, abstractiveness, accommodativeness, accumulativeness, cumulativeness, unaccumulativeness, unemasculative, accusativeness"
contains_letters,contains_letters:ikr,I と K と R をすべて含む単語,5364,"abkari, bakairi, karbi, aboudikro, abricock, absarokite, strikeboat, adirondack, aeolsklavier, aflicker, farcelike, afrikaans"
contains_letters,contains_letters:ekt,E と K と T をすべて含む単語,5357,"ablewhackets, abococket, absarokite, strikeboat, acknowledgement, acknowledgment, nonacknowledgment, acknowledgements, acknowledgments, adultlike, aeroplankton, aettekees"
contains_letters,contains_letters:eoz,E と O と Z をすべて含む単語,5354,"abnormalize, normalizable, abnormalized, modernizable, abolitionize, abolitionized, delabialization, nondiazotizable, absolutize, academization, accessorize, accessorized"
contains_letters,contains_letters:puy,P と U と Y をすべて含む単語,5342,"abruptedly, abruptly, accupy, cupay, achlorophyllous, capsulorrhaphy, caryophyllous, caryophyllus, cyclorrhaphous, hyoscapular, polyplacophorous, actinautography"
contains_letters,contains_letters:blp,B と L と P をすべて含む単語,5309,"abapical, abigailship, abyssopelagic, ablepharia, ablepharon, balanophore, blepharoblennorrhea, ablepharous, sphaerobolus, ablepharus, pearlbush, ablepsy"
contains_letters,contains_letters:cgh,C と G と H をすべて含む単語,5301,"acanthology, acanthological, anthological, chilognath, chilognatha, chilognathan, gnathonical, thanatological, acanthopterygian, acanthopterygii, chiropterygian, hyperorthognathic"
contains_letters,contains_letters:dfi,D と F と I をすべて含む単語,5264,"acetified, edificate, facticide, acetylfluoride, acidiferous, ascidiferous, radiciferous, acidify, acidifiable, edificable, acidifiant, nidificant"
contains_letters,contains_letters:div,D と I と V をすべて含む単語,5262,"abbreviated, breviradiate, deverbative, diverberate, reabbreviated, revibrated, vibrated, abdicative, abditive, abdominovaginal, vaginoabdominal, abdominovesical"
contains_letters,contains_letters:cfn,C と F と N をすべて含む単語,5257,"abortifacient, birefraction, febricitation, refabrication, absorbefacient, sorbefacient, acecaffin, acecaffine, affiance, caffein, caffeina, caffeine"
contains_letters,contains_letters:dgu,D と G と U をすべて含む単語,5243,"abducing, abducting, unabdicating, abjudge, abjudged, abjudging, abjudicating, abounding, unabandoning, aboundingly, aboveground, abuilding"
contains_letters,contains_letters:bho,B と H と O をすべて含む単語,5211,"abarthrosis, abbotship, abbotships, papaphobist, phthisiophobia, posthabit, sitiophobia, sitophobia, stasiphobia, stasophobia, abbroachment, carbomethene"
contains_letters,contains_letters:ctv,C と T と V をすべて含む単語,5208,"abdicative, abevacuation, abjective, abjunctive, unabjective, abstractive, abstractively, serviceability, abstractiveness, accelerative, altercative, calaverite"
contains_letters,contains_letters:auv,A と U と V をすべて含む単語,5197,"abbreviature, attributive, breviature, aberduvine, abevacuation, abjunctive, unabjective, abluvion, aboveground, abreuvoir, absolutive, abusive"
contains_letters,contains_letters:fy,F と Y をすべて含む単語,5191,"abusefully, acetify, efficacity, acetifying, acetylfluoride, acidify, acidifying, actify, caitifty, facticity, adenoliomyofibroma, adenomyofibroma"
contains_letters,contains_letters:hk,H と K をすべて含む単語,5190,"abhiseka, bakshishes, abkhas, kasbah, kassabah, sabakha, abkhasian, ablewhackets, achakzai, chakazi, izchak, kazachki"
contains_letters,contains_letters:elw,E と L と W をすべて含む単語,5182,"aardwolves, ablewhackets, acknowledge, acknowledged, acknowledgeable, acknowledgedly, acknowledgement, acknowledgment, nonacknowledgment, acknowledgements, acknowledgments, acknowledger"
contains_letters,contains_letters:gv,G と V をすべて含む単語,5176,"aasvogel, aasvogels, lovages, abbreviating, reabbreviating, reverberating, revibrating, verbenating, verbigerating, abdominovaginal, vaginoabdominal, abnegative"
contains_letters,contains_letters:eix,E と I と X をすべて含む単語,5148,"abaxile, exilable, aboideaux, aboiteaux, accusatrixes, acetylperoxide, acetoxim, acetoxime, toxaemic, toxicaemia, toxicemia, acetoxyphthalide"
contains_letters,contains_letters:vy,V と Y をすべて含む単語,5082,"abbreviately, irretrievability, irretrievably, rebarbatively, retrievability, retrievably, revealability, revelability, revivability, travelability, travellability, verbality"
contains_letters,contains_letters:bpr,B と P と R をすべて含む単語,5071,"abampere, parabema, abamperes, absampere, preembarrass, abdominoposterior, aberroscope, baroscope, abiotrophy, abiotrophic, batrachophobia, ophiobatrachia"
contains_letters,contains_letters:gsy,G と S と Y をすべて含む単語,5046,"abyssopelagic, absorbingly, accusingly, unaccusingly, acquiescingly, acrogenously, uncourageously, acrogynous, anacrogynous, actinopterygious, adenopharyngitis, admonishingly"
contains_letters,contains_letters:ouv,O と U と V をすべて含む単語,5046,"abevacuation, abluvion, aboveground, abreuvoir, absolutive, acclivitous, outcavils, acclivous, avicolous, cavillous, lascivious, volacious"
contains_letters,contains_letters:suv,S と U と V をすべて含む単語,5042,"absolutive, abusive, abusively, abusiveness, subnivean, unabusive, unabusiveness, acclivitous, outcavils, acclivous, avicolous, cavillous"
contains_letters,contains_letters:boy,B と O と Y をすべて含む単語,4994,"abandonedly, abbotcy, tobaccoy, abbreviatory, abditory, abdominally, abdominocystic, abdominohysterectomy, abdominohysterotomy, abdominoscopy, abhorrency, abhorrently"
contains_letters,contains_letters:nx,N と X をすべて含む単語,4989,"acanthopanax, achrodextrin, achroodextrin, achrodextrinase, achroodextrinase, dishexecontahedroid, acyloxymethane, acronyx, actinomyxidia, actinomyxidiida, actinopraxis, actinotoxemia"
contains_letters,contains_letters:asw,A と S と W をすべて含む単語,4985,"aardwolves, ablewhackets, abwatts, acknowledgements, acknowledgments, acknowledgers, acknowledges, adrowse, redowas, swearword, advowsance, advowson"
contains_letters,contains_letters:etw,E と T と W をすべて含む単語,4983,"ablewhackets, acknowledgement, acknowledgment, nonacknowledgment, acknowledgements, acknowledgments, adderwort, deadwort, waterdoe, waterwood, aerotow, earwort"
contains_letters,contains_letters:ilz,I と L と Z をすべて含む単語,4964,"abnormalize, normalizable, abnormalized, modernizable, abnormalizing, abolitionize, abolitionized, delabialization, nondiazotizable, abolitionizing, battologizing, globalization"
contains_letters,contains_letters:cgp,C と G と P をすべて含む単語,4963,"abyssopelagic, acanthopterygian, acanthopterygii, chiropterygian, hyperorthognathic, ichthyopterygian, rehypothecating, accelerograph, calcographer, cephalograph, chalcographer, chapelgoer"
contains_letters,contains_letters:luv,L と U と V をすべて含む単語,4953,"abluvion, absolutive, abusively, acclivitous, outcavils, acclivous, avicolous, cavillous, lascivious, volacious, acculturative, articulative"
contains_letters,contains_letters:hmu,H と M と U をすべて含む単語,4918,"abelmoschus, abouchement, absinthium, acanthopomatous, accouchement, attouchement, accouchements, menthaceous, aceratherium, hematuric, maucherite, rheumatic"
contains_letters,contains_letters:akl,A と K と L をすべて含む単語,4903,"abelmosk, abelmosks, smokable, smokables, smokeable, abelmusk, ablewhackets, ablock, ballock, blackcock, colback, acknowledge"
contains_letters,contains_letters:bmt,B と M と T をすべて含む単語,4901,"abandonment, abodement, nonabandonment, abandonments, abaptistum, abasement, abasements, abatements, abetments, absentment, basement, basements"
contains_letters,contains_letters:bhs,B と H と S をすべて含む単語,4898,"abarthrosis, abash, bash, hashab, shab, shabash, abashed, bashed, bedash, beheads, beshade, dahabeahs"
contains_letters,contains_letters:fh,F と H をすべて含む単語,4894,"achafe, chafe, adderfish, adhafera, aepyornithiformes, afdecho, affamish, famish, affenpinscher, affich, chiffchaff, affiche"
contains_letters,contains_letters:inw,I と N と W をすべて含む単語,4873,"acknowing, acknowledging, afterswarming, afterworking, againward, awarding, drawing, gainward, ginward, indrawing, warding, aiawong"
contains_letters,contains_letters:cgu,C と G と U をすべて含む単語,4868,"abducing, abducting, unabdicating, abjudicating, accentuating, antieugenic, enunciating, accounting, auctioning, cautioning, outacting, accourage"
contains_letters,contains_letters:etz,E と T と Z をすべて含む単語,4849,"abastardize, bastardize, bastardized, bastardizes, abolitionize, abolitionized, delabialization, nondiazotizable, abrazite, absolutize, academization, acclimatizable"
contains_letters,contains_letters:bty,B と T と Y をすべて含む単語,4820,"abactinally, cannibality, incitability, abbeystead, abbeystede, bestayed, abbotcy, tobaccoy, abbreviately, irretrievability, irretrievably, rebarbatively"
contains_letters,contains_letters:cft,C と F と T をすべて含む単語,4816,"abortifacient, birefraction, febricitation, refabrication, absorbefacient, sorbefacient, acetabuliferous, cobaltiferous, acetabuliform, acetify, efficacity, acetification"
contains_letters,contains_letters:rsw,R と S と W をすべて含む単語,4811,"aardwolves, acknowledgers, adrowse, redowas, swearword, afterglows, afterswarm, afterswarming, afterswell, flatwares, waterfalls, waterleafs"
contains_letters,contains_letters:bmu,B と M と U をすべて含む単語,4765,"abandum, mbunda, abaptistum, abcoulomb, columba, abdominous, subdomains, abecedarium, abelmoschus, abelmusk, abjurement, abnormous"
contains_letters,contains_letters:dmp,D と M と P をすべて含む単語,4764,"abdominoposterior, abdominoscope, abdominoscopy, academicianship, accompanied, companied, companioned, compendia, pandemoniac, pandemonic, accomplished, dolichocephalism"
contains_letters,contains_letters:bop,B と O と P をすべて含む単語,4760,"abaptiston, obstipant, obstipation, spoonbait, abbotship, abbotships, papaphobist, phthisiophobia, posthabit, sitiophobia, sitophobia, stasiphobia"
contains_letters,contains_letters:rx,R と X をすべて含む単語,4760,"abrasax, abraxas, acarotoxic, acroataxia, accusatrix, accusatrixes, acetylperoxide, achrodextrin, achroodextrin, achrodextrinase, achroodextrinase, dishexecontahedroid"
contains_letters,contains_letters:epv,E と P と V をすべて含む単語,4755,"aboveproof, absorptive, absorptively, absorptiveness, approbativeness, nonabsorptive, overabsorption, preobservation, acceptavit, acceptive, capacitative, capacitive"
contains_letters,contains_letters:dew,D と E と W をすべて含む単語,4753,"aardwolves, acheweed, chawed, acknowledge, acknowledged, acknowledgeable, acknowledgedly, acknowledgement, acknowledgment, nonacknowledgment, acknowledgements, acknowledgments"
contains_letters,contains_letters:krs,K と R と S をすべて含む単語,4748,"aardvarks, absaroka, absarokite, strikeboat, acknowledgers, aeolsklavier, afrikaans, afrikanderism, afterdecks, stackfreed, aftershock, aftershocks"
contains_letters,contains_letters:tuv,T と U と V をすべて含む単語,4743,"abbreviature, attributive, breviature, abevacuation, abjunctive, unabjective, absolutive, acclivitous, outcavils, acculturative, articulative, arviculture"
contains_letters,contains_letters:bdt,B と D と T をすべて含む単語,4725,"abadite, babbitted, baited, ibadite, tabbied, abalienated, alabandite, bidental, bidentalia, bidential, bilineated, debilitant"
contains_letters,contains_letters:dk,D と K をすべて含む単語,4717,"aardvark, aardvarks, aboudikro, abovedeck, acknowledge, acknowledged, acknowledgeable, acknowledgedly, acknowledgement, acknowledgment, nonacknowledgment, acknowledgements"
contains_letters,contains_letters:arz,A と R と Z をすべて含む単語,4681,"abastardize, bastardize, bastardized, bastardizes, abiezer, arabize, barbarize, bizarre, bizarrerie, braize, brazier, rebarbarize"
contains_letters,contains_letters:fgi,F と G と I をすべて含む単語,4681,"acetifying, acidifying, adfreezing, adsignify, adsignification, aerifying, rarefying, afacing, affiancing, facing, fiancing, financing"
contains_letters,contains_letters:dhu,D と H と U をすべて含む単語,4680,"acanthocladous, cladanthous, acanthopodous, acanthuridae, reauthenticated, unarchitected, achenodium, ichneumonidae, ichneumonidan, ichneumonoidea, achlamydeous, chlamydeous"
contains_letters,contains_letters:ikt,I と K と T をすべて含む単語,4670,"absarokite, strikeboat, adultlike, afterking, aftermilk, afterreckoning, afterthinker, fatherkin, afterworking, agatelike, gatelike, glaiket"
contains_letters,contains_letters:elz,E と L と Z をすべて含む単語,4642,"ablaze, ableeze, bezaleel, blaze, abnormalize, normalizable, abnormalized, modernizable, abolitionize, abolitionized, delabialization, nondiazotizable"
contains_letters,contains_letters:dfr,D と F と R をすべて含む単語,4640,"aardwolf, floorward, forwardal, waldorf, wolfward, abfarad, abfarads, absfarad, acetylfluoride, acidiferous, ascidiferous, radiciferous"
contains_letters,contains_letters:aoz,A と O と Z をすべて含む単語,4633,"abbozzo, bazoo, boza, abnormalize, normalizable, abnormalized, modernizable, abnormalizing, abolitionize, abolitionized, delabialization, nondiazotizable"
contains_letters,contains_letters:fp,F と P をすべて含む単語,4632,"aboveproof, acidproof, picofarad, adipoceriform, campodeiform, decapodiform, adipofibroma, aepyornithiformes, affenpinscher, affenspalte, affrap, frap"
contains_letters,contains_letters:isw,I と S と W をすべて含む単語,4624,"afterswarming, afterwisdom, afterwise, afterwrist, wastrife, aimworthiness, aircraftswoman, aircraftswomen, aircrews, airscrew, airscrews, wiseacre"
contains_letters,contains_letters:noz,N と O と Z をすべて含む単語,4605,"abnormalize, normalizable, abnormalized, modernizable, abnormalizing, abolitionize, abolitionized, delabialization, nondiazotizable, abolitionizing, battologizing, globalization"
contains_letters,contains_letters:kns,K と N と S をすべて含む単語,4602,"abkhasian, acknowledgements, acknowledgments, acknowledgers, acknowledges, adiadochokinesia, adiadochokinesis, diadochokinesia, diadochokinesis, adiadokokinesi, adiadokokinesia, diadkokinesia"
contains_letters,contains_letters:atz,A と T と Z をすべて含む単語,4595,"abastardize, bastardize, bastardized, bastardizes, abolitionize, abolitionized, delabialization, nondiazotizable, abolitionizing, battologizing, globalization, abrazite"
contains_letters,contains_letters:etx,E と T と X をすべて含む単語,4576,"aboiteaux, accusatrixes, acetylperoxide, acetoxyl, acetoxyls, acetoxim, acetoxime, toxaemic, toxicaemia, toxicemia, acetoxyphthalide, achrodextrin"
contains_letters,contains_letters:aex,A と E と X をすべて含む単語,4565,"abaxile, exilable, aboideaux, aboiteaux, accusatrixes, acetylperoxide, acetoxyl, acetoxyls, acetoxim, acetoxime, toxaemic, toxicaemia"
contains_letters,contains_letters:gpy,G と P と Y をすべて含む単語,4559,"abyssopelagic, acanthopterygian, acanthopterygii, chiropterygian, hyperorthognathic, ichthyopterygian, rehypothecating, acceptingly, epigenetically, nyctipelagic, palingenetically, pangenetically"
contains_letters,contains_letters:bk,B と K をすべて含む単語,4538,"aback, back, caback, abaka, babka, baka, kaaba, kab, kabab, kabaka, abakas, abask"
contains_letters,contains_letters:osw,O と S と W をすべて含む単語,4536,"aardwolves, acknowledgements, acknowledgments, acknowledgers, acknowledges, adrowse, redowas, swearword, advowsance, advowson, advowsons, afterglows"
contains_letters,contains_letters:fim,F と I と M をすべて含む単語,4528,"acariform, aciform, arciform, cariform, coraciiform, formica, formicaria, acetabuliform, acinaciform, aciniform, aminoformic, cancriform"
contains_letters,contains_letters:ack,A と C と K をすべて含む単語,4527,"aback, back, caback, ablewhackets, ablock, ballock, blackcock, colback, abococket, abovedeck, abricock, achakzai"
contains_letters,contains_letters:sz,S と Z をすべて含む単語,4519,"abastardize, bastardize, bastardized, bastardizes, abrazos, absolutization, insolubilization, solubilization, substantialization, subtilization, unsubstantialization, absolutize"
contains_letters,contains_letters:bht,B と H と T をすべて含む単語,4495,"abarthrosis, abashment, abashments, bashment, abbotship, abbotships, papaphobist, phthisiophobia, posthabit, sitiophobia, sitophobia, stasiphobia"
contains_letters,contains_letters:bgr,B と G と R をすべて含む単語,4490,"abbreviating, reabbreviating, reverberating, revibrating, verbenating, verbigerating, abencerrages, aberrating, annabergite, antirebating, bantering, bartering"
contains_letters,contains_letters:bny,B と N と Y をすべて含む単語,4476,"abactinally, cannibality, incitability, abandonedly, abdominally, abdominocystic, abdominohysterectomy, abdominohysterotomy, abdominoscopy, abeyance, abeyancy, abeyances"
contains_letters,contains_letters:dpy,D と P と Y をすべて含む単語,4454,"abdominoscopy, abruptedly, acceptedly, clypeated, playacted, platydactyle, acetylperoxide, acetylphenylhydrazine, acetoxyphthalide, acidoproteolytic, cyclopteridae, copperytailed"
contains_letters,contains_letters:drv,D と R と V をすべて含む単語,4439,"aardvark, aardvarks, aardwolves, abbreviated, breviradiate, deverbative, diverberate, reabbreviated, revibrated, vibrated, aberdavine, aberdevine"
contains_letters,contains_letters:now,N と O と W をすべて含む単語,4417,"acknow, acknown, acknowing, acknowledge, acknowledged, acknowledgeable, acknowledgedly, acknowledgement, acknowledgment, nonacknowledgment, acknowledgements, acknowledgments"
contains_letters,contains_letters:irw,I と R と W をすべて含む単語,4416,"aeroview, afterswarming, afterwhile, afterwisdom, afterwise, afterwrist, wastrife, afterwit, fairwater, firewater, afterwitted, afterworking"
contains_letters,contains_letters:akt,A と K と T をすべて含む単語,4409,"ablewhackets, abococket, absarokite, strikeboat, acknowledgement, acknowledgment, nonacknowledgment, acknowledgements, acknowledgments, ackton, nattock, nocktat"
contains_letters,contains_letters:dfn,D と F と N をすべて含む単語,4406,"acidifiant, nidificant, acidification, codification, confidant, dandification, nidification, acidifying, adeniform, formamidine, inferomedian, maeandriniform"
contains_letters,contains_letters:kor,K と O と R をすべて含む単語,4388,"aboudikro, abricock, abrook, baroko, bokark, borak, absaroka, absarokite, strikeboat, acknowledger, reacknowledge, reacknowledged"
contains_letters,contains_letters:anw,A と N と W をすべて含む単語,4378,"acknew, wacken, acknow, acknown, acknowing, acknowledge, acknowledged, acknowledgeable, acknowledgedly, acknowledgement, acknowledgment, nonacknowledgment"
contains_letters,contains_letters:bgl,B と G と L をすべて含む単語,4368,"abalienating, batteling, belating, bigential, bitangential, bleating, ignitable, intangible, langbanite, langbeinite, tableting, tabletting"
contains_letters,contains_letters:mv,M と V をすべて含む単語,4363,"abdominovaginal, vaginoabdominal, abdominovesical, vesicoabdominal, abovementioned, accommodative, accommodatively, accommodativeness, accompletive, compellative, complicative, accumulativ"
contains_letters,contains_letters:bhl,B と H と L をすべて含む単語,4348,"abashedly, shadbelly, abashless, bashless, belash, beslash, heelballs, shabble, abashlessly, bashyle, abelmoschus, abhominable"
contains_letters,contains_letters:km,K と M をすべて含む単語,4310,"abelmosk, abelmosks, smokable, smokables, smokeable, abelmusk, ackman, ackmen, acknowledgement, acknowledgment, nonacknowledgment, acknowledgements"
contains_letters,contains_letters:gmu,G と M と U をすべて含む単語,4305,"accumulating, calumniating, culminating, cumulating, glutaminic, maculating, accustoming, autosomatognostic, consumating, consummating, accustomizing, acrogamous"
contains_letters,contains_letters:cik,C と I と K をすべて含む単語,4300,"abricock, achakzai, chakazi, izchak, kazachki, acknowing, acknowledging, acockbill, calicoback, adiadochokinesia, adiadochokinesis, diadochokinesia"
contains_letters,contains_letters:bps,B と P と S をすべて含む単語,4297,"abamperes, absampere, preembarrass, abamps, abaptiston, obstipant, obstipation, spoonbait, abaptistum, abbotship, abbotships, papaphobist"
contains_letters,contains_letters:alz,A と L と Z をすべて含む単語,4290,"ablaze, ableeze, bezaleel, blaze, abnormalize, normalizable, abnormalized, modernizable, abnormalizing, abolitionize, abolitionized, delabialization"
contains_letters,contains_letters:prv,P と R と V をすべて含む単語,4280,"aboveproof, absorptive, absorptively, absorptiveness, approbativeness, nonabsorptive, overabsorption, preobservation, absorptivity, adscriptive, adsorptive, postdisapproved"
contains_letters,contains_letters:dhy,D と H と Y をすべて含む単語,4274,"abashedly, shadbelly, abdominohysterectomy, abdominohysterotomy, acetaldehydase, acetaldehyde, attachedly, detachedly, acetaldehydrase, starchedly, acethydrazide, acetylhydrazine"
contains_letters,contains_letters:cgy,C と G と Y をすべて含む単語,4272,"abiogenetically, biogenetically, congealability, geobotanically, abiologically, biologically, abyssopelagic, acanthology, acanthopterygian, acanthopterygii, chiropterygian, hyperorthognathic"
contains_letters,contains_letters:eox,E と O と X をすべて含む単語,4259,"aboideaux, aboiteaux, acetylperoxide, acetoxyl, acetoxyls, acetoxim, acetoxime, toxaemic, toxicaemia, toxicemia, acetoxyphthalide, achrodextrin"
contains_letters,contains_letters:fmr,F と M と R をすべて含む単語,4252,"acariform, aciform, arciform, cariform, coraciiform, formica, formicaria, acetabuliform, acinaciform, aciniform, aminoformic, cancriform"
contains_letters,contains_letters:cfs,C と F と S をすべて含む単語,4238,"absorbefacient, sorbefacient, acetabuliferous, cobaltiferous, acetifies, faciest, fasciate, satisfice, testificate, acidiferous, ascidiferous, radiciferous"
contains_letters,contains_letters:eq,E と Q をすべて含む単語,4231,"ablaqueate, equatable, absquatulate, aceanthrenequinone, equianchorate, acequia, cacique, caique, acequiador, acequias, acquiesce, acquiesces"
contains_letters,contains_letters:kos,K と O と S をすべて含む単語,4214,"abelmosk, abelmosks, smokable, smokables, smokeable, absaroka, absarokite, strikeboat, acknowledgements, acknowledgments, acknowledgers, acknowledges"
contains_letters,contains_letters:ipv,I と P と V をすべて含む単語,4213,"absorptive, absorptively, absorptiveness, approbativeness, nonabsorptive, overabsorption, preobservation, absorptivity, acceptavit, acceptive, capacitative, capacitive"
contains_letters,contains_letters:equ,E と Q と U をすべて含む単語,4208,"ablaqueate, equatable, absquatulate, aceanthrenequinone, equianchorate, acequia, cacique, caique, acequiador, acequias, acquiesce, acquiesces"
contains_letters,contains_letters:csv,C と S と V をすべて含む単語,4190,"abdominovesical, vesicoabdominal, abstractive, abstractively, serviceability, abstractiveness, accessive, cavies, vesica, vesicae, accessively, acclivities"
contains_letters,contains_letters:sx,S と X をすべて含む単語,4180,"abrasax, abraxas, accusatrix, accusatrixes, acetoxyls, achrodextrinase, achroodextrinase, dishexecontahedroid, acroasphyxia, actinopraxis, addaxes, axseed"
contains_letters,contains_letters:muy,M と U と Y をすべて含む単語,4175,"abstemiously, accumbency, accumulatively, cumulatively, accustomedly, achymous, hyoscyamus, achlamydeous, chlamydeous, chlamydoselachus, homochlamydeous, acoumetry"
contains_letters,contains_letters:cfl,C と F と L をすべて含む単語,4174,"acetabuliferous, cobaltiferous, acetabuliform, acetylfluoride, acidifiable, edificable, acinacifoliate, affectional, calefaction, felicitation, flectional, fontinalaceae"
contains_letters,contains_letters:fgn,F と G と N をすべて含む単語,4164,"acetifying, acidifying, adfreezing, adsignify, adsignification, aerifying, rarefying, afacing, affiancing, facing, fiancing, financing"
contains_letters,contains_letters:gpu,G と P と U をすべて含む単語,4162,"acridophagus, actinautography, actinautographic, anthropurgic, phonautographic, punctographic, unphotographic, actinopterygious, acupuncturing, capturing, unparticipating, adephagous"
contains_letters,contains_letters:ghy,G と H と Y をすべて含む単語,4156,"acanthology, acanthopterygian, acanthopterygii, chiropterygian, hyperorthognathic, ichthyopterygian, rehypothecating, achingly, acrography, cacography, chorography, copygraph"
contains_letters,contains_letters:giv,G と I と V をすべて含む単語,4151,"abbreviating, reabbreviating, reverberating, revibrating, verbenating, verbigerating, abdominovaginal, vaginoabdominal, abnegative, abrogative, absolving, solvabling"
contains_letters,contains_letters:knr,K と N と R をすべて含む単語,4145,"acknowledger, reacknowledge, reacknowledged, acknowledgers, adirondack, aeroplankton, afrikaans, afrikander, afrikanderdom, afrikanderism, afrikaner, frankenia"
contains_letters,contains_letters:duy,D と U と Y をすべて含む単語,4137,"aboundingly, abruptedly, absurdity, distributary, absurdly, subdurally, abundancy, abundantly, unabundantly, abusedly, accursedly, accustomedly"
contains_letters,contains_letters:adf,A と D と F をすべて含む単語,4134,"aardwolf, floorward, forwardal, waldorf, wolfward, abfarad, abfarads, absfarad, acetified, edificate, facticide, acetylfluoride"
contains_letters,contains_letters:nrw,N と R と W をすべて含む単語,4117,"acknowledger, reacknowledge, reacknowledged, acknowledgers, afrown, forwarn, afterknowledge, afterswarming, afterworking, againward, awarding, drawing"
contains_letters,contains_letters:lx,L と X をすべて含む単語,4090,"abaxial, biaxal, biaxial, abaxile, exilable, acetylperoxide, acetoxyl, acetoxyls, acetoxyphthalide, acyloxy, acyloxymethane, acxoyatl"
contains_letters,contains_letters:kp,K と P をすべて含む単語,4088,"aeroplankton, afterpeak, agitpunkt, ahepatokla, airpark, paprika, airparks, paprikas, papriks, akepiro, akepiros, apikores"
contains_letters,contains_letters:efm,E と F と M をすべて含む単語,4087,"acetabuliform, acinetiform, cofermentation, confricamenta, interramification, metrification, reconfirmation, rifacimento, acneform, conformance, nonconformance, acneiform"
contains_letters,contains_letters:bgo,B と G と O をすべて含む単語,4085,"abadengo, bondage, dogbane, abandoning, aboding, bignoniad, nonabiding, abbogada, abogado, dagoba, abdominogenital, abdominovaginal"
contains_letters,contains_letters:clv,C と L と V をすべて含む単語,4075,"abdominovesical, vesicoabdominal, abstractively, serviceability, accelerative, altercative, calaverite, lacerative, leviratic, leviratical, recitativical, reclivate"
contains_letters,contains_letters:iq,I と Q をすべて含む単語,4060,"absquatulation, aceanthrenequinone, equianchorate, acequia, cacique, caique, acequiador, acequias, acquiesce, acquiesces, caciques, caiques"
contains_letters,contains_letters:iko,I と K と O をすべて含む単語,4054,"aboudikro, abricock, absarokite, strikeboat, acknowing, acknowledging, acockbill, calicoback, adiadochokinesia, adiadochokinesis, diadochokinesia, diadochokinesis"
contains_letters,contains_letters:rtw,R と T と W をすべて含む単語,4054,"adderwort, deadwort, waterdoe, waterwood, aerotow, earwort, waterwort, afterblow, batfowler, afterglow, afterglows, aftergrowth"
contains_letters,contains_letters:egv,E と G と V をすべて含む単語,4052,"aasvogel, aasvogels, lovages, abbreviating, reabbreviating, reverberating, revibrating, verbenating, verbigerating, abnegative, aboveground, abrogative"
contains_letters,contains_letters:ako,A と K と O をすべて含む単語,4049,"abelmosk, abelmosks, smokable, smokables, smokeable, ablock, ballock, blackcock, colback, abococket, aboudikro, abovedeck"
contains_letters,contains_letters:cgm,C と G と M をすべて含む単語,4046,"academising, damascening, dimagnesic, academizing, acclaiming, anglimaniac, calamining, calcimining, calming, claiming, clamming, immanacling"
contains_letters,contains_letters:bhn,B と H と N をすべて含む単語,4036,"abashedness, headbands, abashing, banishing, bashing, abashment, abashments, bashment, abbroachment, carbomethene, chronobarometer, abdominohysterectomy"
contains_letters,contains_letters:iqu,I と Q と U をすべて含む単語,4024,"absquatulation, aceanthrenequinone, equianchorate, acequia, cacique, caique, acequiador, acequias, acquiesce, acquiesces, caciques, caiques"
contains_letters,contains_letters:bsy,B と S と Y をすべて含む単語,4022,"abasedly, syllabled, abashedly, shadbelly, abashlessly, bashyle, abbeys, abyes, abysses, absey, esbay, abbeystead"
contains_letters,contains_letters:ghu,G と H と U をすべて含む単語,4013,"abought, achagua, acridophagus, acrorhagus, choragus, guacharos, actinautography, actinautographic, anthropurgic, phonautographic, punctographic, unphotographic"
contains_letters,contains_letters:enx,E と N と X をすべて含む単語,4007,"achrodextrin, achroodextrin, achrodextrinase, achroodextrinase, dishexecontahedroid, acyloxymethane, actinotoxemia, adenemphraxis, adenomyxoma, myxadenoma, adenomyxosarcoma, adnex"
contains_letters,contains_letters:bf,B と F をすべて含む単語,4000,"abaff, afb, baff, fab, faba, abaft, aftaba, baft, bafta, abfarad, abfarads, absfarad"
contains_letters,contains_letters:adv,A と D と V をすべて含む単語,3990,"aardvark, aardvarks, aardwolves, abbreviated, breviradiate, deverbative, diverberate, reabbreviated, revibrated, vibrated, abdicative, abditive"
contains_letters,contains_letters:aix,A と I と X をすべて含む単語,3987,"abacaxi, abaxial, biaxal, biaxial, abaxile, exilable, aboideaux, aboiteaux, acarotoxic, acroataxia, accusatrix, accusatrixes"
contains_letters,contains_letters:kls,K と L と S をすべて含む単語,3964,"abelmosk, abelmosks, smokable, smokables, smokeable, abelmusk, ablewhackets, acknowledgements, acknowledgments, acknowledgers, acknowledges, aeolsklavier"
contains_letters,contains_letters:aow,A と O と W をすべて含む単語,3963,"aardwolf, floorward, forwardal, waldorf, wolfward, aardwolves, ablow, ballow, balow, blowball, bowla, lowball"
contains_letters,contains_letters:dfo,D と F と O をすべて含む単語,3963,"aardwolf, floorward, forwardal, waldorf, wolfward, acetylfluoride, acidiferous, ascidiferous, radiciferous, acidification, codification, confidant"
contains_letters,contains_letters:erx,E と R と X をすべて含む単語,3956,"accusatrixes, acetylperoxide, achrodextrin, achroodextrin, achrodextrinase, achroodextrinase, dishexecontahedroid, adenemphraxis, adenomyxosarcoma, admixture, admixtures, aerotaxis"
contains_letters,contains_letters:dhm,D と H と M をすべて含む単語,3942,"abdominohysterectomy, abdominohysterotomy, abdominothoracic, rhabdomantic, abrahamidae, hammerbird, academicianship, acanthomeridae, echinodermata, machairodontidae, machairodontinae, trichomonacide"
contains_letters,contains_letters:gw,G と W をすべて含む単語,3942,"acknowing, acknowledge, acknowledged, acknowledgeable, acknowledgedly, acknowledgement, acknowledgment, nonacknowledgment, acknowledgements, acknowledgments, acknowledger, reacknowledge"
contains_letters,contains_letters:evy,E と V と Y をすべて含む単語,3939,"abbreviately, irretrievability, irretrievably, rebarbatively, retrievability, retrievably, revealability, revelability, revivability, travelability, travellability, verbality"
contains_letters,contains_letters:nsw,N と S と W をすべて含む単語,3926,"acknowledgements, acknowledgments, acknowledgers, acknowledges, advowsance, advowson, advowsons, afterswarming, aimworthiness, aircraftswoman, aircraftswomen, airworthiness"
contains_letters,contains_letters:fmo,F と M と O をすべて含む単語,3924,"acariform, aciform, arciform, cariform, coraciiform, formica, formicaria, acetabuliform, acinaciform, aciniform, aminoformic, cancriform"
contains_letters,contains_letters:kst,K と S と T をすべて含む単語,3917,"ablewhackets, absarokite, strikeboat, acknowledgements, acknowledgments, aettekees, katastate, keats, skate, skates, skeat, stake"
contains_letters,contains_letters:cks,C と K と S をすべて含む単語,3913,"ablewhackets, ackees, cakes, ackeys, acknowledgements, acknowledgments, acknowledgers, acknowledges, adiadochokinesia, adiadochokinesis, diadochokinesia, diadochokinesis"
contains_letters,contains_letters:kno,K と N と O をすべて含む単語,3910,"acknow, acknown, acknowing, acknowledge, acknowledged, acknowledgeable, acknowledgedly, acknowledgement, acknowledgment, nonacknowledgment, acknowledgements, acknowledgments"
contains_letters,contains_letters:itx,I と T と X をすべて含む単語,3906,"aboiteaux, acarotoxic, acroataxia, accusatrix, accusatrixes, acetylperoxide, acetoxim, acetoxime, toxaemic, toxicaemia, toxicemia, acetoxyphthalide"
contains_letters,contains_letters:ntz,N と T と Z をすべて含む単語,3880,"abolitionize, abolitionized, delabialization, nondiazotizable, abolitionizing, battologizing, globalization, absolutization, insolubilization, solubilization, substantialization, subtilization"
contains_letters,contains_letters:iox,I と O と X をすべて含む単語,3876,"aboideaux, aboiteaux, acarotoxic, acroataxia, acetylperoxide, acetoxim, acetoxime, toxaemic, toxicaemia, toxicemia, acetoxyphthalide, achrodextrin"
contains_letters,contains_letters:dz,D と Z をすべて含む単語,3859,"abastardize, bastardize, bastardized, bastardizes, abnormalized, modernizable, abolitionized, delabialization, nondiazotizable, academization, academize, academized"
contains_letters,contains_letters:bpt,B と P と T をすべて含む単語,3858,"abaptiston, obstipant, obstipation, spoonbait, abaptistum, abbotship, abbotships, papaphobist, phthisiophobia, posthabit, sitiophobia, sitophobia"
contains_letters,contains_letters:dnv,D と N と V をすべて含む単語,3842,"abdominovaginal, vaginoabdominal, abdominovesical, vesicoabdominal, aberdavine, aberdevine, aberduvine, aboveground, abovementioned, accommodativeness, adaptiveness, dispensative"
contains_letters,contains_letters:gnv,G と N と V をすべて含む単語,3831,"abbreviating, reabbreviating, reverberating, revibrating, verbenating, verbigerating, abdominovaginal, vaginoabdominal, abnegative, aboveground, absolving, solvabling"
contains_letters,contains_letters:orz,O と R と Z をすべて含む単語,3827,"abnormalize, normalizable, abnormalized, modernizable, abnormalizing, abrazo, abrazos, aburabozu, zaburro, accessorize, accessorized, accessorizing"
contains_letters,contains_letters:otz,O と T と Z をすべて含む単語,3820,"abolitionize, abolitionized, delabialization, nondiazotizable, abolitionizing, battologizing, globalization, absolutization, insolubilization, solubilization, substantialization, subtilization"
contains_letters,contains_letters:aiw,A と I と W をすべて含む単語,3797,"achomawi, acknowing, acknowledging, aeroview, afterswarming, afterwhile, afterwisdom, afterwise, afterwrist, wastrife, afterwit, fairwater"
contains_letters,contains_letters:ckr,C と K と R をすべて含む単語,3778,"abricock, acker, acreak, caker, carcake, cracker, crake, craker, creak, creaker, racker, rerack"
contains_letters,contains_letters:dmy,D と M と Y をすべて含む単語,3764,"abdominally, abdominocystic, abdominohysterectomy, abdominohysterotomy, abdominoscopy, abmodality, bimodality, myliobatid, myliobatoid, moldability, absentmindedly, academy"
contains_letters,contains_letters:efg,E と F と G をすべて含む単語,3741,"acetifying, adfreezing, aerifying, rarefying, affecting, faceting, facetting, affectingly, affinage, fagine, afforesting, affrontingness"
contains_letters,contains_letters:low,L と O と W をすべて含む単語,3736,"aardwolf, floorward, forwardal, waldorf, wolfward, aardwolves, ablow, ballow, balow, blowball, bowla, lowball"
contains_letters,contains_letters:alw,A と L と W をすべて含む単語,3722,"aardwolf, floorward, forwardal, waldorf, wolfward, aardwolves, ablewhackets, ablow, ballow, balow, blowball, bowla"
contains_letters,contains_letters:dov,D と O と V をすべて含む単語,3720,"aardwolves, abdominovaginal, vaginoabdominal, abdominovesical, vesicoabdominal, aboveboard, beaverboard, bravadoed, bravoed, overbade, overboard, overbravado"
contains_letters,contains_letters:nrz,N と R と Z をすべて含む単語,3709,"abnormalize, normalizable, abnormalized, modernizable, abnormalizing, accessorizing, acculturizing, acetylhydrazine, acetylphenylhydrazine, achromatization, achromatizing, acronymize"
contains_letters,contains_letters:krt,K と R と T をすべて含む単語,3707,"absarokite, strikeboat, aeroplankton, afterattack, crakefeet, afterdeck, afterdecks, stackfreed, afterking, afterknowledge, aftermark, aftermarket"
contains_letters,contains_letters:ivy,I と V と Y をすべて含む単語,3704,"abbreviately, irretrievability, irretrievably, rebarbatively, retrievability, retrievably, revealability, revelability, revivability, travelability, travellability, verbality"
contains_letters,contains_letters:bch,B と C と H をすべて含む単語,3692,"abbroachment, carbomethene, chronobarometer, abdominohysterectomy, abdominothoracic, rhabdomantic, abelmoschus, abhorrence, archbeacon, bronchorrhea, nonbreach, orobanchaceae"
contains_letters,contains_letters:gmp,G と M と P をすべて含む単語,3685,"accompanying, companying, nonaccompanying, accomplishing, adelphogamy, adenophlegmon, aegopodium, aerometeorograph, ergatomorph, gametophore, graphometer, meteograph"
contains_letters,contains_letters:atw,A と T と W をすべて含む単語,3678,"ablewhackets, abwatt, batwa, abwatts, acknowledgement, acknowledgment, nonacknowledgment, acknowledgements, acknowledgments, adawlut, adderwort, deadwort"
contains_letters,contains_letters:atx,A と T と X をすべて含む単語,3677,"aboiteaux, acanthopanax, acarotoxic, acroataxia, accusatrix, accusatrixes, acetylperoxide, acetoxyl, acetoxyls, acetoxim, acetoxime, toxaemic"
contains_letters,contains_letters:kln,K と L と N をすべて含む単語,3670,"acknowledge, acknowledged, acknowledgeable, acknowledgedly, acknowledgement, acknowledgment, nonacknowledgment, acknowledgements, acknowledgments, acknowledger, reacknowledge, reacknowledged"
contains_letters,contains_letters:isz,I と S と Z をすべて含む単語,3668,"abastardize, bastardize, bastardized, bastardizes, absolutization, insolubilization, solubilization, substantialization, subtilization, unsubstantialization, absolutize, accessorize"
contains_letters,contains_letters:lvy,L と V と Y をすべて含む単語,3657,"abbreviately, irretrievability, irretrievably, rebarbatively, retrievability, retrievably, revealability, revelability, revivability, travelability, travellability, verbality"
contains_letters,contains_letters:emv,E と M と V をすべて含む単語,3652,"abdominovesical, vesicoabdominal, abovementioned, accommodative, accommodatively, accommodativeness, accompletive, compellative, complicative, accumulative, cumulative, mulctative"
contains_letters,contains_letters:dfl,D と F と L をすべて含む単語,3640,"aardwolf, floorward, forwardal, waldorf, wolfward, acetylfluoride, acidifiable, edificable, addressful, dreadfuls, fraudless, adenoliomyofibroma"
contains_letters,contains_letters:inx,I と N と X をすべて含む単語,3633,"achrodextrin, achroodextrin, achrodextrinase, achroodextrinase, dishexecontahedroid, actinomyxidia, actinomyxidiida, actinopraxis, actinotoxemia, adenemphraxis, adfluxion, administratrix"
contains_letters,contains_letters:itw,I と T と W をすべて含む単語,3613,"afterswarming, afterwhile, afterwisdom, afterwise, afterwrist, wastrife, afterwit, fairwater, firewater, afterwitted, afterworking, afwillite"
contains_letters,contains_letters:ehw,E と H と W をすべて含む単語,3612,"ablewhackets, acheweed, chawed, adwesch, aftergrowth, afterwash, freshwater, afterwhile, afterwrath, featherfew, whereafter, ahurewa"
contains_letters,contains_letters:huy,H と U と Y をすべて含む単語,3597,"achylous, chylocaulous, chylocaulously, achymous, hyoscyamus, achlamydeous, chlamydeous, chlamydoselachus, homochlamydeous, achlorophyllous, capsulorrhaphy, caryophyllous"
contains_letters,contains_letters:cko,C と K と O をすべて含む単語,3582,"ablock, ballock, blackcock, colback, abococket, abovedeck, abricock, achoke, chechako, cheechako, hoecake, acknow"
contains_letters,contains_letters:afm,A と F と M をすべて含む単語,3556,"acariform, aciform, arciform, cariform, coraciiform, formica, formicaria, acetabuliform, acinaciform, aciniform, aminoformic, cancriform"
contains_letters,contains_letters:bnp,B と N と P をすべて含む単語,3552,"abaptiston, obstipant, obstipation, spoonbait, abdominoposterior, abdominoscope, abdominoscopy, abipon, ablepharon, balanophore, blepharoblennorrhea, abreption"
contains_letters,contains_letters:cz,C と Z をすべて含む単語,3542,"abrazitic, academization, academize, academized, macadamize, macadamized, academizing, accessorize, accessorized, accessorizing, acclimatizable, emblematicize"
contains_letters,contains_letters:bcm,B と C と M をすべて含む単語,3538,"abbacomes, camboose, abbroachment, carbomethene, chronobarometer, abcoulomb, columba, abdominocardiac, abdominocentesis, disembocation, abdominocystic, abdominohysterectomy"
contains_letters,contains_letters:fgr,F と G と R をすべて含む単語,3521,"adfreezing, aerifying, rarefying, affirming, farming, fingram, framing, affirmingly, afforcing, organific, affording, fanfaronading"
contains_letters,contains_letters:cfu,C と F と U をすべて含む単語,3515,"acetabuliferous, cobaltiferous, acetabuliform, acetylfluoride, acidiferous, ascidiferous, radiciferous, acinacifolious, confusional, nonfallacious, unfallacious, actiniferous"
contains_letters,contains_letters:dek,D と E と K をすべて含む単語,3515,"abovedeck, acknowledge, acknowledged, acknowledgeable, acknowledgedly, acknowledgement, acknowledgment, nonacknowledgment, acknowledgements, acknowledgments, acknowledger, reacknowledge"
contains_letters,contains_letters:bv,B と V をすべて含む単語,3512,"abave, abbevillian, bevillain, enviable, inviable, veniable, abbrev, beaver, bebrave, bereave, bereaver, berreave"
contains_letters,contains_letters:stw,S と T と W をすべて含む単語,3510,"ablewhackets, abwatts, acknowledgements, acknowledgments, afterglows, afterswarm, afterswarming, afterswell, flatwares, waterfalls, waterleafs, afterwards"
contains_letters,contains_letters:aq,A と Q をすべて含む単語,3509,"ablaqueate, equatable, absquatulate, absquatulation, aceanthrenequinone, equianchorate, acequia, cacique, caique, acequiador, acequias, acquiesce"
contains_letters,contains_letters:gk,G と K をすべて含む単語,3482,"acknowing, acknowledge, acknowledged, acknowledgeable, acknowledgedly, acknowledgement, acknowledgment, nonacknowledgment, acknowledgements, acknowledgments, acknowledger, reacknowledge"
contains_letters,contains_letters:ghm,G と H と M をすべて含む単語,3470,"accomplishing, achromatising, chronogrammatist, macrognathism, achromatizing, adelphogamy, adenophlegmon, admonishing, admonishingly, adsmithing, aegithognathism, haemangiomatosis"
contains_letters,contains_letters:aqu,A と Q と U をすべて含む単語,3463,"ablaqueate, equatable, absquatulate, absquatulation, aceanthrenequinone, equianchorate, acequia, cacique, caique, acequiador, acequias, acquiesce"
contains_letters,contains_letters:esz,E と S と Z をすべて含む単語,3453,"abastardize, bastardize, bastardized, bastardizes, absolutize, accessorize, accessorized, accessorizing, acclimatizes, accustomize, accustomized, actualizes"
contains_letters,contains_letters:buy,B と U と Y をすべて含む単語,3450,"abyssus, abjuratory, ablutionary, tintinnabulatory, unorbitally, aboundingly, abruptedly, abruptly, absyrtus, subtray, subturbary, absolutely"
contains_letters,contains_letters:mz,M と Z をすべて含む単語,3445,"abnormalize, normalizable, abnormalized, modernizable, abnormalizing, academization, academize, academized, macadamize, macadamized, academizing, acclimatizable"
contains_letters,contains_letters:esx,E と S と X をすべて含む単語,3439,"accusatrixes, acetoxyls, achrodextrinase, achroodextrinase, dishexecontahedroid, addaxes, axseed, axseeds, adenemphraxis, adenomyxosarcoma, adipopexis, apodeixis"
contains_letters,contains_letters:dow,D と O と W をすべて含む単語,3437,"aardwolf, floorward, forwardal, waldorf, wolfward, aardwolves, acknowledge, acknowledged, acknowledgeable, acknowledgedly, acknowledgement, acknowledgment"
contains_letters,contains_letters:aox,A と O と X をすべて含む単語,3420,"aboideaux, aboiteaux, abox, acanthopanax, acarotoxic, acroataxia, acetylperoxide, acetoxyl, acetoxyls, acetoxim, acetoxime, toxaemic"
contains_letters,contains_letters:fpr,F と P と R をすべて含む単語,3418,"aboveproof, acidproof, picofarad, adipoceriform, campodeiform, decapodiform, adipofibroma, aepyornithiformes, affenpinscher, affrap, frap, frapp"
contains_letters,contains_letters:imv,I と M と V をすべて含む単語,3413,"abdominovaginal, vaginoabdominal, abdominovesical, vesicoabdominal, abovementioned, accommodative, accommodatively, accommodativeness, accompletive, compellative, complicative, accumulativ"
contains_letters,contains_letters:drw,D と R と W をすべて含む単語,3404,"aardwolf, floorward, forwardal, waldorf, wolfward, aardwolves, acknowledger, reacknowledge, reacknowledged, acknowledgers, adderwort, deadwort"
contains_letters,contains_letters:grv,G と R と V をすべて含む単語,3379,"abbreviating, reabbreviating, reverberating, revibrating, verbenating, verbigerating, aboveground, abrogative, acutograve, adventuring, unadventuring, undegenerative"
contains_letters,contains_letters:otw,O と T と W をすべて含む単語,3372,"acknowledgement, acknowledgment, nonacknowledgment, acknowledgements, acknowledgments, adderwort, deadwort, waterdoe, waterwood, aerotow, earwort, waterwort"
contains_letters,contains_letters:ilw,I と L と W をすべて含む単語,3365,"acknowledging, afterwhile, afwillite, agilawood, agillawood, aguilawood, ahluwalia, ailweed, wailed, airflow, airflows, airglow"
contains_letters,contains_letters:klo,K と L と O をすべて含む単語,3364,"abelmosk, abelmosks, smokable, smokables, smokeable, ablock, ballock, blackcock, colback, acknowledge, acknowledged, acknowledgeable"
contains_letters,contains_letters:efp,E と F と P をすべて含む単語,3354,"aboveproof, adipoceriform, campodeiform, decapodiform, aepyornithiformes, affenpinscher, affenspalte, afterclap, flattercap, platterface, aftercrop, poetcraft"
contains_letters,contains_letters:diz,D と I と Z をすべて含む単語,3351,"abastardize, bastardize, bastardized, bastardizes, abnormalized, modernizable, abolitionized, delabialization, nondiazotizable, academization, academize, academized"
contains_letters,contains_letters:dez,D と E と Z をすべて含む単語,3348,"abastardize, bastardize, bastardized, bastardizes, abnormalized, modernizable, abolitionized, delabialization, nondiazotizable, academization, academize, academized"
contains_letters,contains_letters:fiy,F と I と Y をすべて含む単語,3344,"acetify, efficacity, acetifying, acetylfluoride, acidify, acidifying, actify, caitifty, facticity, adenoliomyofibroma, adenomyofibroma, adsignify"
contains_letters,contains_letters:iow,I と O と W をすべて含む単語,3343,"achomawi, acknowing, acknowledging, aeroview, afterwisdom, afterworking, agilawood, agillawood, aguilawood, aiawong, ganowanian, waggoning"
contains_letters,contains_letters:guy,G と U と Y をすべて含む単語,3326,"aboundingly, accusingly, unaccusingly, aciurgy, acquiescingly, acrogenously, uncourageously, acrogynous, anacrogynous, actinautography, actinopterygious, advantageously"
contains_letters,contains_letters:otx,O と T と X をすべて含む単語,3320,"aboiteaux, acanthopanax, acarotoxic, acroataxia, acetylperoxide, acetoxyl, acetoxyls, acetoxim, acetoxime, toxaemic, toxicaemia, toxicemia"
contains_letters,contains_letters:fly,F と L と Y をすべて含む単語,3313,"abusefully, acetylfluoride, adenoliomyofibroma, aefaldy, deafly, fadedly, flayed, affability, fallibility, flyability, affably, flabby"
contains_letters,contains_letters:opv,O と P と V をすべて含む単語,3307,"aboveproof, absorptive, absorptively, absorptiveness, approbativeness, nonabsorptive, overabsorption, preobservation, absorptivity, accompletive, compellative, complicative"
contains_letters,contains_letters:kot,K と O と T をすべて含む単語,3306,"abococket, absarokite, strikeboat, acknowledgement, acknowledgment, nonacknowledgment, acknowledgements, acknowledgments, ackton, nattock, nocktat, aeroplankton"
contains_letters,contains_letters:knt,K と N と T をすべて含む単語,3305,"acknowledgement, acknowledgment, nonacknowledgment, acknowledgements, acknowledgments, ackton, nattock, nocktat, aeroplankton, afterking, afterknowledge, afterreckoning"
contains_letters,contains_letters:ej,E と J をすべて含む単語,3286,"abadejo, jobade, abject, abjectedness, abjection, objectation, abjections, abjective, abjectly, abjectness, abjudge, abjudged"
contains_letters,contains_letters:uw,U と W をすべて含む単語,3281,"adawlut, agueweed, agueweeds, aguilawood, ahluwalia, ahurewa, aquashow, aquilawood, archmugwump, arrowbush, aswough, automower"
contains_letters,contains_letters:cuv,C と U と V をすべて含む単語,3275,"abevacuation, abjunctive, unabjective, acclivitous, outcavils, acclivous, avicolous, cavillous, lascivious, volacious, acculturative, articulative"
contains_letters,contains_letters:adw,A と D と W をすべて含む単語,3271,"aardwolf, floorward, forwardal, waldorf, wolfward, aardwolves, acheweed, chawed, acknowledge, acknowledged, acknowledgeable, acknowledgedly"
contains_letters,contains_letters:bgs,B と G と S をすべて含む単語,3271,"abasgi, bigas, gabbais, abashing, banishing, bashing, abasing, baggings, basing, bassing, biasing, biassing"
contains_letters,contains_letters:efh,E と F と H をすべて含む単語,3266,"achafe, chafe, adderfish, adhafera, aepyornithiformes, afdecho, affenpinscher, affiche, affiches, affranchise, effranchise, enfranchise"
contains_letters,contains_letters:rtz,R と T と Z をすべて含む単語,3261,"abastardize, bastardize, bastardized, bastardizes, abrazite, abrazitic, acclimatizer, reacclimatize, acculturize, cuticularize, reactualize, acculturized"
contains_letters,contains_letters:loz,L と O と Z をすべて含む単語,3248,"abnormalize, normalizable, abnormalized, modernizable, abnormalizing, abolitionize, abolitionized, delabialization, nondiazotizable, abolitionizing, battologizing, globalization"
contains_letters,contains_letters:klr,K と L と R をすべて含む単語,3243,"acknowledger, reacknowledge, reacknowledged, acknowledgers, aeolsklavier, aeroplankton, aflicker, farcelike, afterknowledge, aftermilk, airlike, earlike"
contains_letters,contains_letters:bhu,B と H と U をすべて含む単語,3237,"abelmoschus, ablepharous, sphaerobolus, ablepharus, pearlbush, ablush, subhall, abouchement, abought, abranchious, branchiosaur, branchiosauria"
contains_letters,contains_letters:bgu,B と G と U をすべて含む単語,3232,"abducing, abducting, unabdicating, abigeus, abiogenous, basigenous, abjudge, abjudged, abjudging, abjudicating, abjugate, abjuring"
contains_letters,contains_letters:lnz,L と N と Z をすべて含む単語,3226,"abnormalize, normalizable, abnormalized, modernizable, abnormalizing, abolitionize, abolitionized, delabialization, nondiazotizable, abolitionizing, battologizing, globalization"
contains_letters,contains_letters:bcd,B と C と D をすべて含む単語,3224,"abdicable, bacillicide, cablelaid, decidable, abdicant, abdicate, abdicated, batidaceae, diabetic, abdicates, diabetics, abdicating"
contains_letters,contains_letters:dfs,D と F と S をすべて含む単語,3222,"abfarads, absfarad, acidiferous, ascidiferous, radiciferous, acidifiers, cafardise, decrassified, federacies, fricasseed, sacrificed, scarified"
contains_letters,contains_letters:rvy,R と V と Y をすべて含む単語,3219,"abbreviately, irretrievability, irretrievably, rebarbatively, retrievability, retrievably, revealability, revelability, revivability, travelability, travellability, verbality"
contains_letters,contains_letters:lrw,L と R と W をすべて含む単語,3218,"aardwolf, floorward, forwardal, waldorf, wolfward, aardwolves, acknowledger, reacknowledge, reacknowledged, acknowledgers, acrawl, crawl"
contains_letters,contains_letters:px,P と X をすべて含む単語,3216,"acanthopanax, acetylperoxide, acetoxyphthalide, acroasphyxia, actinopraxis, adenemphraxis, adipopexia, adipopexic, adipopexis, apodeixis, dopaoxidase, adnexopexy"
contains_letters,contains_letters:gmy,G と M と Y をすべて含む単語,3215,"accommodatingly, antidogmatically, nonaccommodatingly, nondogmatically, accompanying, companying, nonaccompanying, acrogamy, macrogamy, acromegaly, acronymizing, adelphogamy"
contains_letters,contains_letters:dft,D と F と T をすべて含む単語,3204,"acetified, edificate, facticide, acetylfluoride, acidifiant, nidificant, acidification, codification, confidant, dandification, nidification, adcraft"
contains_letters,contains_letters:elx,E と L と X をすべて含む単語,3204,"abaxile, exilable, acetylperoxide, acetoxyl, acetoxyls, acetoxyphthalide, acyloxymethane, adnexal, affixable, fixable, affluxes, aldohexose"
contains_letters,contains_letters:agv,A と G と V をすべて含む単語,3180,"aasvogel, aasvogels, lovages, abbreviating, reabbreviating, reverberating, revibrating, verbenating, verbigerating, abdominovaginal, vaginoabdominal, abnegative"
contains_letters,contains_letters:eku,E と K と U をすべて含む単語,3177,"abelmusk, adultlike, aguelike, akanekunik, akuammine, akule, aleikoum, aleikum, kamelaukia, leukaemia, leukemia, lukemia"
contains_letters,contains_letters:ckl,C と K と L をすべて含む単語,3176,"ablewhackets, ablock, ballock, blackcock, colback, acknowledge, acknowledged, acknowledgeable, acknowledgedly, acknowledgement, acknowledgment, nonacknowledgment"
contains_letters,contains_letters:ciz,C と I と Z をすべて含む単語,3149,"abrazitic, academization, academize, academized, macadamize, macadamized, academizing, accessorize, accessorized, accessorizing, acclimatizable, emblematicize"
contains_letters,contains_letters:dfu,D と F と U をすべて含む単語,3146,"acetylfluoride, acidiferous, ascidiferous, radiciferous, addressful, dreadfuls, fraudless, adfluxion, adventureful, adversifolious, adviceful, aefauld"
contains_letters,contains_letters:ky,K と Y をすべて含む単語,3145,"abkary, barkary, barky, braky, ackey, cakey, ackeys, acknowledgedly, ahantchuyuk, akey, akeley, lakey"
contains_letters,contains_letters:ckn,C と K と N をすべて含む単語,3143,"achkan, chank, ackman, ackmen, acknew, wacken, acknow, acknown, acknowing, acknowledge, acknowledged, acknowledgeable"
contains_letters,contains_letters:bcy,B と C と Y をすべて含む単語,3131,"abacay, abbacy, baccy, cabby, abactinally, cannibality, incitability, abbotcy, tobaccoy, abdominocystic, abdominohysterectomy, abdominoscopy"
contains_letters,contains_letters:uz,U と Z をすべて含む単語,3120,"absolutization, insolubilization, solubilization, substantialization, subtilization, unsubstantialization, absolutize, aburabozu, zaburro, abuzz, acculturize, cuticularize"
contains_letters,contains_letters:bpu,B と P と U をすべて含む単語,3116,"abaptistum, ablepharous, sphaerobolus, ablepharus, pearlbush, abrupt, abruptedly, abrupter, perturbate, abruptest, butterpaste, perturbatress"
contains_letters,contains_letters:fmn,F と M と N をすべて含む単語,3113,"acinaciform, aciniform, aminoformic, cancriform, caniniform, cariniform, carniform, farcinoma, formican, formicarian, formicina, francomania"
contains_letters,contains_letters:lsw,L と S と W をすべて含む単語,3105,"aardwolves, ablewhackets, acknowledgements, acknowledgments, acknowledgers, acknowledges, afterglows, afterswell, flatwares, waterfalls, waterleafs, agalwoods"
contains_letters,contains_letters:gz,G と Z をすべて含む単語,3085,"abnormalizing, abolitionizing, battologizing, globalization, academizing, accessorizing, acclimatizing, acculturizing, accustomizing, acetylizing, achromatizing, acidizing"
contains_letters,contains_letters:anx,A と N と X をすべて含む単語,3080,"acanthopanax, achrodextrin, achroodextrin, achrodextrinase, achroodextrinase, dishexecontahedroid, acyloxymethane, acronyx, actinomyxidia, actinomyxidiida, actinopraxis, actinotoxemia"
contains_letters,contains_letters:dtv,D と T と V をすべて含む単語,3055,"abbreviated, breviradiate, deverbative, diverberate, reabbreviated, revibrated, vibrated, abdicative, abditive, abovementioned, accommodative, accommodatively"
contains_letters,contains_letters:cx,C と X をすべて含む単語,3042,"abacaxi, acanthopanax, acarotoxic, acroataxia, accusatrix, accusatrixes, acetylperoxide, acetoxyl, acetoxyls, acetoxim, acetoxime, toxaemic"
contains_letters,contains_letters:irx,I と R と X をすべて含む単語,3040,"acarotoxic, acroataxia, accusatrix, accusatrixes, acetylperoxide, achrodextrin, achroodextrin, achrodextrinase, achroodextrinase, dishexecontahedroid, acroasphyxia, actinopraxis"
contains_letters,contains_letters:bev,B と E と V をすべて含む単語,3037,"abave, abbevillian, bevillain, enviable, inviable, veniable, abbrev, beaver, bebrave, bereave, bereaver, berreave"
contains_letters,contains_letters:aj,A と J をすべて含む単語,3036,"abadejo, jobade, abatjour, abatjours, abject, abjectedness, abjection, objectation, abjections, abjective, abjectly, abjectness"
contains_letters,contains_letters:fip,F と I と P をすべて含む単語,3034,"acidproof, picofarad, adipoceriform, campodeiform, decapodiform, adipofibroma, aepyornithiformes, affenpinscher, africanthropus, afterimpression, preformationism, preformationist"
contains_letters,contains_letters:ehk,E と H と K をすべて含む単語,3033,"abhiseka, bakshishes, ablewhackets, acheck, akcheh, cheka, hacek, hackee, keach, achoke, chechako, cheechako"
contains_letters,contains_letters:dnw,D と N と W をすべて含む単語,3023,"acknowledge, acknowledged, acknowledgeable, acknowledgedly, acknowledgement, acknowledgment, nonacknowledgment, acknowledgements, acknowledgments, acknowledger, reacknowledge, reacknowledged"
contains_letters,contains_letters:nox,N と O と X をすべて含む単語,3011,"acanthopanax, achrodextrin, achroodextrin, achrodextrinase, achroodextrinase, dishexecontahedroid, acyloxymethane, acronyx, actinomyxidia, actinomyxidiida, actinopraxis, actinotoxemia"
contains_letters,contains_letters:fhi,F と H と I をすべて含む単語,3010,"adderfish, aepyornithiformes, affamish, famish, affenpinscher, affich, chiffchaff, affiche, affiches, affranchise, effranchise, enfranchise"
contains_letters,contains_letters:dsv,D と S と V をすべて含む単語,2987,"aardvarks, aardwolves, abdominovesical, vesicoabdominal, abovesaid, absolved, solvabled, accommodativeness, adaptiveness, dispensative, addictiveness, indicativeness"
contains_letters,contains_letters:abk,A と B と K をすべて含む単語,2972,"aback, back, caback, abaka, babka, baka, kaaba, kab, kabab, kabaka, abakas, abask"
contains_letters,contains_letters:afg,A と F と G をすべて含む単語,2970,"acetifying, acidifying, adfreezing, adsignify, adsignification, aerifying, rarefying, afacing, affiancing, facing, fiancing, financing"
contains_letters,contains_letters:bw,B と W をすべて含む単語,2969,"ablewhackets, ablow, ballow, balow, blowball, bowla, lowball, abow, abwab, baw, wab, abwatt"
contains_letters,contains_letters:bgt,B と G と T をすべて含む単語,2966,"abalienating, batteling, belating, bigential, bitangential, bleating, ignitable, intangible, langbanite, langbeinite, tableting, tabletting"
contains_letters,contains_letters:cw,C と W をすべて含む単語,2942,"ablewhackets, acheweed, chawed, achomawi, acknew, wacken, acknow, acknown, acknowing, acknowledge, acknowledged, acknowledgeable"
contains_letters,contains_letters:kw,K と W をすべて含む単語,2942,"ablewhackets, acknew, wacken, acknow, acknown, acknowing, acknowledge, acknowledged, acknowledgeable, acknowledgedly, acknowledgement, acknowledgment"
contains_letters,contains_letters:ahk,A と H と K をすべて含む単語,2939,"abhiseka, bakshishes, abkhas, kasbah, kassabah, sabakha, abkhasian, ablewhackets, achakzai, chakazi, izchak, kazachki"
contains_letters,contains_letters:hsw,H と S と W をすべて含む単語,2910,"ablewhackets, adwesch, afterwash, freshwater, aimworthiness, airwash, rawish, wairsh, warish, warrish, airworthiest, airworthiness"
contains_letters,contains_letters:ntx,N と T と X をすべて含む単語,2900,"acanthopanax, achrodextrin, achroodextrin, achrodextrinase, achroodextrinase, dishexecontahedroid, acyloxymethane, actinomyxidia, actinomyxidiida, actinopraxis, actinotoxemia, administratrix"
contains_letters,contains_letters:imz,I と M と Z をすべて含む単語,2899,"abnormalize, normalizable, abnormalized, modernizable, abnormalizing, academization, academize, academized, macadamize, macadamized, academizing, acclimatizable"
contains_letters,contains_letters:arx,A と R と X をすべて含む単語,2894,"abrasax, abraxas, acarotoxic, acroataxia, accusatrix, accusatrixes, acetylperoxide, achrodextrin, achroodextrin, achrodextrinase, achroodextrinase, dishexecontahedroid"
contains_letters,contains_letters:qs,Q と S をすべて含む単語,2889,"absquatulate, absquatulation, acequias, acquiesce, acquiesces, caciques, caiques, cassique, acquaintances, acquiescent, inacquiescent, quittances"
contains_letters,contains_letters:rtx,R と T と X をすべて含む単語,2887,"acarotoxic, acroataxia, accusatrix, accusatrixes, acetylperoxide, achrodextrin, achroodextrin, achrodextrinase, achroodextrinase, dishexecontahedroid, actinopraxis, adjutrix"
contains_letters,contains_letters:ckt,C と K と T をすべて含む単語,2878,"ablewhackets, abococket, acknowledgement, acknowledgment, nonacknowledgment, acknowledgements, acknowledgments, ackton, nattock, nocktat, afterattack, crakefeet"
contains_letters,contains_letters:pz,P と Z をすべて含む単語,2878,"acetylphenylhydrazine, alephzero, allotropize, proletarize, alphabetization, benzophthalazine, alphabetize, alphabetized, alphabetizer, alphabetizers, alphabetizes, alphabetizing"
contains_letters,contains_letters:mw,M と W をすべて含む単語,2874,"achomawi, acknowledgement, acknowledgment, nonacknowledgment, acknowledgements, acknowledgments, afterswarm, afterswarming, afterwisdom, agawam, gawm, aimworthiness"
contains_letters,contains_letters:avy,A と V と Y をすべて含む単語,2863,"abbreviately, irretrievability, irretrievably, rebarbatively, retrievability, retrievably, revealability, revelability, revivability, travelability, travellability, verbality"
contains_letters,contains_letters:ntw,N と T と W をすべて含む単語,2863,"acknowledgement, acknowledgment, nonacknowledgment, acknowledgements, acknowledgments, afterknowledge, afterswarming, afterworking, aimworthiness, aircraftswoman, aircraftswomen, aircraftwoman"
contains_letters,contains_letters:qsu,Q と S と U をすべて含む単語,2859,"absquatulate, absquatulation, acequias, acquiesce, acquiesces, caciques, caiques, cassique, acquaintances, acquiescent, inacquiescent, quittances"
contains_letters,contains_letters:eiq,E と I と Q をすべて含む単語,2855,"aceanthrenequinone, equianchorate, acequia, cacique, caique, acequiador, acequias, acquiesce, acquiesces, caciques, caiques, cassique"
contains_letters,contains_letters:apv,A と P と V をすべて含む単語,2849,"aboveproof, absorptive, absorptively, absorptiveness, approbativeness, nonabsorptive, overabsorption, preobservation, absorptivity, acceptavit, acceptive, capacitative"
contains_letters,contains_letters:akm,A と K と M をすべて含む単語,2845,"abelmosk, abelmosks, smokable, smokables, smokeable, abelmusk, ackman, ackmen, acknowledgement, acknowledgment, nonacknowledgment, acknowledgements"
contains_letters,contains_letters:bef,B と E と F をすべて含む単語,2843,"abortifacient, birefraction, febricitation, refabrication, aboveproof, absorbefacient, sorbefacient, abuseful, suffusable, abusefully, abusefulness, balefulness"
contains_letters,contains_letters:ovy,O と V と Y をすべて含む単語,2833,"abbreviatory, abortively, elaboratively, overability, overliberality, absolvatory, absolvitory, absorptively, absorptivity, accommodatively, admonitively, denominatively"
contains_letters,contains_letters:efy,E と F と Y をすべて含む単語,2827,"abusefully, acetify, efficacity, acetifying, acetylfluoride, adenoliomyofibroma, adenomyofibroma, aefaldy, deafly, fadedly, flayed, aepyornithiformes"
contains_letters,contains_letters:orx,O と R と X をすべて含む単語,2827,"acarotoxic, acroataxia, acetylperoxide, achrodextrin, achroodextrin, achrodextrinase, achroodextrinase, dishexecontahedroid, acroasphyxia, acronyx, actinopraxis, adenomyxosarcoma"
contains_letters,contains_letters:hiw,H と I と W をすべて含む単語,2820,"achomawi, afterwhile, ahluwalia, aimworthiness, airwash, rawish, wairsh, warish, warrish, airworthy, airworthier, whitethroat"
contains_letters,contains_letters:nq,N と Q をすべて含む単語,2810,"absquatulation, aceanthrenequinone, equianchorate, acquaint, acquaintant, antiaquatic, quantic, unacquaint, unacquit, uniquantic, acquaintance, acquittance"
contains_letters,contains_letters:psv,P と S と V をすべて含む単語,2806,"absorptive, absorptively, absorptiveness, approbativeness, nonabsorptive, overabsorption, preobservation, absorptivity, adaptiveness, dispensative, adscriptive, adsorptive"
contains_letters,contains_letters:isx,I と S と X をすべて含む単語,2805,"accusatrix, accusatrixes, achrodextrinase, achroodextrinase, dishexecontahedroid, acroasphyxia, actinopraxis, adenemphraxis, adipopexis, apodeixis, dopaoxidase, administratrix"
contains_letters,contains_letters:ahw,A と H と W をすべて含む単語,2804,"ablewhackets, acheweed, chawed, achomawi, adwesch, aftergrowth, afterwash, freshwater, afterwhile, afterwrath, featherfew, whereafter"
contains_letters,contains_letters:fhs,F と H と S をすべて含む単語,2803,"adderfish, aepyornithiformes, affamish, famish, affenpinscher, affiches, affranchise, effranchise, enfranchise, enfranchiser, enfranchises, franchise"
contains_letters,contains_letters:fop,F と O と P をすべて含む単語,2797,"aboveproof, acidproof, picofarad, adipoceriform, campodeiform, decapodiform, adipofibroma, aepyornithiformes, africanthropus, aftercrop, poetcraft, prefactor"
contains_letters,contains_letters:bcp,B と C と P をすべて含む単語,2796,"abapical, abdominoscope, abdominoscopy, aberroscope, baroscope, abiotrophic, batrachophobia, ophiobatrachia, trichopathophobia, trichophobia, abyssopelagic, ableptical"
contains_letters,contains_letters:dgp,D と G と P をすべて含む単語,2795,"acridophagus, adapting, addressograph, adelphogamy, adelphophagy, edaphology, adenographer, dendrograph, adenography, dendrography, gynandrophore, parahydrogen"
contains_letters,contains_letters:hv,H と V をすべて含む単語,2794,"achievability, achievable, achieve, chevachie, chiave, chichevache, chivachee, achieved, achievement, achievements, misachievement, achiever"
contains_letters,contains_letters:hik,H と I と K をすべて含む単語,2792,"abhiseka, bakshishes, abkhasian, achakzai, chakazi, izchak, kazachki, adiadochokinesia, adiadochokinesis, diadochokinesia, diadochokinesis, afterthinker"
contains_letters,contains_letters:fry,F と R と Y をすべて含む単語,2790,"acetylfluoride, adenoliomyofibroma, adenomyofibroma, aepyornithiformes, aerify, farriery, aerifying, rarefying, afferently, fraternally, affirmably, affirmatively"
contains_letters,contains_letters:hz,H と Z をすべて含む単語,2790,"acethydrazide, acetylhydrazine, acetylphenylhydrazine, achakzai, chakazi, izchak, kazachki, achillize, achromatizable, achromatization, achromatize, chromatize"
contains_letters,contains_letters:nqu,N と Q と U をすべて含む単語,2790,"absquatulation, aceanthrenequinone, equianchorate, acquaint, acquaintant, antiaquatic, quantic, unacquaint, unacquit, uniquantic, acquaintance, acquittance"
contains_letters,contains_letters:cdg,C と D と G をすべて含む単語,2784,"abdicating, abducing, abducting, unabdicating, abjudicating, absconding, academising, damascening, dimagnesic, academizing, acceding, accinged"
contains_letters,contains_letters:ij,I と J をすべて含む単語,2783,"abjection, objectation, abjections, abjective, abjoint, jobation, abjudging, abjudicate, abjudicated, abjudicating, abjudication, abjudicator"
contains_letters,contains_letters:bek,B と E と K をすべて含む単語,2780,"abelmosk, abelmosks, smokable, smokables, smokeable, abelmusk, abhiseka, bakshishes, ablewhackets, abococket, abovedeck, absarokite"
contains_letters,contains_letters:flm,F と L と M をすべて含む単語,2779,"acetabuliform, aculeiform, adenoliomyofibroma, affirmable, fimbrillae, affirmably, affirmatively, affirmingly, affirmly, familiary, familiarly, aflame"
contains_letters,contains_letters:dlv,D と L と V をすべて含む単語,2777,"aardwolves, abdominovaginal, vaginoabdominal, abdominovesical, vesicoabdominal, absolved, solvabled, accommodatively, achterveld, adaptively, addictively, additively"
contains_letters,contains_letters:wy,W と Y をすべて含む単語,2772,"acknowledgedly, advowry, airway, airwaybill, airwayman, airways, arrisways, airworthy, aywhere, hereaway, whereaway, alleyway"
contains_letters,contains_letters:dgm,D と G と M をすべて含む単語,2765,"abdominogenital, abdominovaginal, vaginoabdominal, abridgement, abridgment, abridgements, abridgments, academising, damascening, dimagnesic, academizing, accommodating"
contains_letters,contains_letters:hrw,H と R と W をすべて含む単語,2760,"aftergrowth, afterwash, freshwater, afterwhile, afterwrath, featherfew, whereafter, ahurewa, aimworthiness, airwash, rawish, wairsh"
contains_letters,contains_letters:gik,G と I と K をすべて含む単語,2758,"acknowing, acknowledging, afluking, unflaking, afterking, afterreckoning, afterworking, agatelike, gatelike, glaiket, taglike, agathokakological"
contains_letters,contains_letters:tvy,T と V と Y をすべて含む単語,2756,"abbreviately, irretrievability, irretrievably, rebarbatively, retrievability, retrievably, revealability, revelability, revivability, travelability, travellability, verbality"
contains_letters,contains_letters:ptv,P と T と V をすべて含む単語,2752,"absorptive, absorptively, absorptiveness, approbativeness, nonabsorptive, overabsorption, preobservation, absorptivity, acceptavit, acceptive, capacitative, capacitive"
contains_letters,contains_letters:alx,A と L と X をすべて含む単語,2751,"abaxial, biaxal, biaxial, abaxile, exilable, acetylperoxide, acetoxyl, acetoxyls, acetoxyphthalide, acyloxy, acyloxymethane, acxoyatl"
contains_letters,contains_letters:ux,U と X をすべて含む単語,2745,"aboideaux, aboiteaux, accusatrix, accusatrixes, acrux, adfluxion, adieux, exaudi, adjutrix, admixture, admixtures, adoxaceous"
contains_letters,contains_letters:giw,G と I と W をすべて含む単語,2742,"acknowing, acknowledging, afterswarming, afterworking, againward, awarding, drawing, gainward, ginward, indrawing, warding, agilawood"
contains_letters,contains_letters:asz,A と S と Z をすべて含む単語,2737,"abastardize, bastardize, bastardized, bastardizes, abrazos, absolutization, insolubilization, solubilization, substantialization, subtilization, unsubstantialization, absolutize"
contains_letters,contains_letters:dgh,D と G と H をすべて含む単語,2736,"acridophagus, addressograph, adelphogamy, adelphophagy, edaphology, adenographer, dendrograph, adenography, dendrography, gynandrophore, parahydrogen, phrenogrady"
contains_letters,contains_letters:fhr,F と H と R をすべて含む単語,2736,"adderfish, adhafera, aepyornithiformes, affenpinscher, affranchise, effranchise, enfranchise, enfranchiser, enfranchises, franchise, franchisee, franchisees"
contains_letters,contains_letters:hks,H と K と S をすべて含む単語,2736,"abhiseka, bakshishes, abkhas, kasbah, kassabah, sabakha, abkhasian, ablewhackets, adiadochokinesia, adiadochokinesis, diadochokinesia, diadochokinesis"
contains_letters,contains_letters:lnw,L と N と W をすべて含む単語,2733,"acknowledge, acknowledged, acknowledgeable, acknowledgedly, acknowledgement, acknowledgment, nonacknowledgment, acknowledgements, acknowledgments, acknowledger, reacknowledge, reacknowledged"
contains_letters,contains_letters:gnw,G と N と W をすべて含む単語,2732,"acknowing, acknowledge, acknowledged, acknowledgeable, acknowledgedly, acknowledgement, acknowledgment, nonacknowledgment, acknowledgements, acknowledgments, acknowledger, reacknowledge"
contains_letters,contains_letters:giz,G と I と Z をすべて含む単語,2707,"abnormalizing, abolitionizing, battologizing, globalization, academizing, accessorizing, acclimatizing, acculturizing, accustomizing, acetylizing, achromatizing, acidizing"
contains_letters,contains_letters:fms,F と M と S をすべて含む単語,2706,"aepyornithiformes, affamish, famish, affirmations, formations, informants, misformation, misinformant, misinformants, misinformation, nontransformation, transformation"
contains_letters,contains_letters:ilx,I と L と X をすべて含む単語,2703,"abaxial, biaxal, biaxial, abaxile, exilable, acetylperoxide, acetoxyphthalide, adaxial, diaxial, adfluxion, admaxillary, midaxillary"
contains_letters,contains_letters:bdm,B と D と M をすべて含む単語,2697,"abandonment, abodement, nonabandonment, abandonments, abandum, mbunda, abdom, baboodom, domba, abdomen, bemoaned, endamoeba"
contains_letters,contains_letters:klt,K と L と T をすべて含む単語,2690,"ablewhackets, acknowledgement, acknowledgment, nonacknowledgment, acknowledgements, acknowledgments, adultlike, aeroplankton, afterknowledge, aftermilk, agatelike, gatelike"
contains_letters,contains_letters:knu,K と N と U をすべて含む単語,2688,"afluking, unflaking, agitpunkt, ahantchuyuk, aitutakian, anukit, katukina, knautia, taikun, akanekunik, akhund, dhanuk"
contains_letters,contains_letters:mov,M と O と V をすべて含む単語,2687,"abdominovaginal, vaginoabdominal, abdominovesical, vesicoabdominal, abovementioned, accommodative, accommodatively, accommodativeness, accompletive, compellative, complicative, acromioclavicular"
contains_letters,contains_letters:qt,Q と T をすべて含む単語,2685,"ablaqueate, equatable, absquatulate, absquatulation, aceanthrenequinone, equianchorate, acquaint, acquaintant, antiaquatic, quantic, unacquaint, unacquit"
contains_letters,contains_letters:fgl,F と G と L をすべて含む単語,2680,"affectingly, affiliating, faintling, fatling, filiating, flatling, flatting, inflating, affirmingly, afflicting, facilitating, afflictingly"
contains_letters,contains_letters:lrz,L と R と Z をすべて含む単語,2679,"abnormalize, normalizable, abnormalized, modernizable, abnormalizing, acclimatizer, reacclimatize, acculturize, cuticularize, reactualize, acculturized, acculturizing"
contains_letters,contains_letters:nvy,N と V と Y をすべて含む単語,2678,"adjunctively, unadjunctively, administratively, admonitively, denominatively, nonmeditatively, advancingly, advantageously, nonadvantageously, unadvantageously, adventitiously, nonadventitiously"
contains_letters,contains_letters:gov,G と O と V をすべて含む単語,2673,"aasvogel, aasvogels, lovages, abdominovaginal, vaginoabdominal, aboveground, abrogative, absolving, solvabling, acutograve, advantageous, advantageousness"
contains_letters,contains_letters:ekp,E と K と P をすべて含む単語,2662,"aeroplankton, afterpeak, ahepatokla, akepiro, akepiros, apikores, akpek, apeak, apeek, kappe, keap, peak"
contains_letters,contains_letters:dsw,D と S と W をすべて含む単語,2660,"aardwolves, acknowledgements, acknowledgments, acknowledgers, acknowledges, adrowse, redowas, swearword, advowsance, advowson, advowsons, adwesch"
contains_letters,contains_letters:qtu,Q と T と U をすべて含む単語,2656,"ablaqueate, equatable, absquatulate, absquatulation, aceanthrenequinone, equianchorate, acquaint, acquaintant, antiaquatic, quantic, unacquaint, unacquit"
contains_letters,contains_letters:fmt,F と M と T をすべて含む単語,2653,"acetabuliform, acinetiform, cofermentation, confricamenta, interramification, metrification, reconfirmation, rifacimento, actiniform, coaffirmation, comfortation, confirmation"
contains_letters,contains_letters:gkn,G と K と N をすべて含む単語,2647,"acknowing, acknowledge, acknowledged, acknowledgeable, acknowledgedly, acknowledgement, acknowledgment, nonacknowledgment, acknowledgements, acknowledgments, acknowledger, reacknowledge"
contains_letters,contains_letters:ltz,L と T と Z をすべて含む単語,2643,"abolitionize, abolitionized, delabialization, nondiazotizable, abolitionizing, battologizing, globalization, absolutization, insolubilization, solubilization, substantialization, subtilization"
contains_letters,contains_letters:emz,E と M と Z をすべて含む単語,2642,"abnormalize, normalizable, abnormalized, modernizable, academization, academize, academized, macadamize, macadamized, academizing, acclimatizable, emblematicize"
contains_letters,contains_letters:diw,D と I と W をすべて含む単語,2636,"acknowledging, afterwisdom, afterwitted, againward, awarding, drawing, gainward, ginward, indrawing, warding, agilawood, agillawood"
contains_letters,contains_letters:mrv,M と R と V をすべて含む単語,2636,"acervatim, macerative, vitameric, acromioclavicular, adhesivemeter, admerveylle, administrative, advertisement, advertisements, animadverts, determinativeness, inadvertisement"
contains_letters,contains_letters:ekm,E と K と M をすべて含む単語,2626,"abelmosk, abelmosks, smokable, smokables, smokeable, abelmusk, ackmen, acknowledgement, acknowledgment, nonacknowledgment, acknowledgements, acknowledgments"
contains_letters,contains_letters:npv,N と P と V をすべて含む単語,2625,"absorptiveness, approbativeness, nonabsorptive, overabsorption, preobservation, adaptiveness, dispensative, adsorptiveness, deprivations, nondepravities, adventureship, anticipative"
contains_letters,contains_letters:epx,E と P と X をすべて含む単語,2624,"acetylperoxide, acetoxyphthalide, adenemphraxis, adipopexia, adipopexic, adipopexis, apodeixis, dopaoxidase, adnexopexy, alexipharmacon, alexipharmacum, alexipharmic"
contains_letters,contains_letters:cez,C と E と Z をすべて含む単語,2611,"academization, academize, academized, macadamize, macadamized, academizing, accessorize, accessorized, accessorizing, acclimatizable, emblematicize, acclimatize"
contains_letters,contains_letters:pw,P と W をすべて含む単語,2610,"akwapim, alewhap, alpenglow, antipewism, antwerp, enwrapt, prewarrant, applegrower, applewife, applewoman, applewood, paddlewood"
contains_letters,contains_letters:fgo,F と G と O をすべて含む単語,2609,"adsignification, afforcing, organific, affording, fanfaronading, afforesting, affrontingness, foretasting, ossifrangent, affronting, frigatoon, frontignan"
contains_letters,contains_letters:jn,J と N をすべて含む単語,2571,"abjectedness, abjection, objectation, abjections, abjectness, abjoint, jobation, abjudging, abjudicating, abjudication, abjunct, abjunction"
contains_letters,contains_letters:qr,Q と R をすべて含む単語,2566,"aceanthrenequinone, equianchorate, acequiador, acquereur, acquiescer, acquirers, acquires, carquaise, reacquires, acquirability, acquirable, acquire"
contains_letters,contains_letters:amv,A と M と V をすべて含む単語,2545,"abdominovaginal, vaginoabdominal, abdominovesical, vesicoabdominal, abovementioned, accommodative, accommodatively, accommodativeness, accompletive, compellative, complicative, accumulativ"
contains_letters,contains_letters:qru,Q と R と U をすべて含む単語,2536,"aceanthrenequinone, equianchorate, acequiador, acquereur, acquiescer, acquirers, acquires, carquaise, reacquires, acquirability, acquirable, acquire"
contains_letters,contains_letters:bfi,B と F と I をすべて含む単語,2535,"abortifacient, birefraction, febricitation, refabrication, absorbefacient, sorbefacient, acetabuliferous, cobaltiferous, acetabuliform, acidifiable, edificable, adenofibroma"
contains_letters,contains_letters:adz,A と D と Z をすべて含む単語,2511,"abastardize, bastardize, bastardized, bastardizes, abnormalized, modernizable, abolitionized, delabialization, nondiazotizable, academization, academize, academized"
contains_letters,contains_letters:fgt,F と G と T をすべて含む単語,2505,"acetifying, adsignification, affecting, faceting, facetting, affectingly, affiliating, faintling, fatling, filiating, flatling, flatting"
contains_letters,contains_letters:bfl,B と F と L をすべて含む単語,2491,"abuseful, suffusable, abusefully, abusefulness, balefulness, banefulness, unaffableness, unfeasable, unfeasableness, acetabuliferous, cobaltiferous, acetabuliform"
contains_letters,contains_letters:htw,H と T と W をすべて含む単語,2472,"ablewhackets, aftergrowth, afterwash, freshwater, afterwhile, afterwrath, featherfew, whereafter, aimworthiness, airworthy, airworthier, whitethroat"
contains_letters,contains_letters:afy,A と F と Y をすべて含む単語,2469,"abusefully, acetify, efficacity, acetifying, acetylfluoride, acidify, acidifying, actify, caitifty, facticity, adenoliomyofibroma, adenomyofibroma"
contains_letters,contains_letters:ipz,I と P と Z をすべて含む単語,2468,"acetylphenylhydrazine, allotropize, proletarize, alphabetization, benzophthalazine, alphabetize, alphabetized, alphabetizer, alphabetizers, alphabetizes, alphabetizing, amphizoidae"
contains_letters,contains_letters:fny,F と N と Y をすべて含む単語,2466,"acetifying, acidifying, adenoliomyofibroma, adenomyofibroma, adsignify, aepyornithiformes, aerifying, rarefying, affectingly, affectionally, affectionately, inflectionally"
contains_letters,contains_letters:ksu,K と S と U をすべて含む単語,2459,"abelmusk, adusk, akamatsu, makutas, muskat, aktivismus, alkaliferous, alkaligenous, kaligenous, alkalous, loukas, alkalurops"
contains_letters,contains_letters:iuz,I と U と Z をすべて含む単語,2454,"absolutization, insolubilization, solubilization, substantialization, subtilization, unsubstantialization, absolutize, acculturize, cuticularize, reactualize, acculturized, acculturizing"
contains_letters,contains_letters:aeq,A と E と Q をすべて含む単語,2446,"ablaqueate, equatable, absquatulate, aceanthrenequinone, equianchorate, acequia, cacique, caique, acequiador, acequias, acquiesce, acquiesces"
contains_letters,contains_letters:bhp,B と H と P をすべて含む単語,2440,"abbotship, abbotships, papaphobist, phthisiophobia, posthabit, sitiophobia, sitophobia, stasiphobia, stasophobia, abepithymia, amphibiety, abigailship"
contains_letters,contains_letters:dgy,D と G と Y をすべて含む単語,2440,"abidingly, dabblingly, aboundingly, abridgedly, accommodatingly, antidogmatically, nonaccommodatingly, nondogmatically, accordingly, acidifying, acidology, dialogically"
contains_letters,contains_letters:how,H と O と W をすべて含む単語,2438,"achomawi, aftergrowth, aimworthiness, airworthy, airworthier, whitethroat, airworthiest, airworthiness, seaworthiness, allhallow, hallow, allhallows"
contains_letters,contains_letters:biv,B と I と V をすべて含む単語,2433,"abbevillian, bevillain, enviable, inviable, veniable, abbreviatable, avertible, irretrievable, liberative, retrievable, triverbal, triverbial"
contains_letters,contains_letters:adk,A と D と K をすべて含む単語,2430,"aardvark, aardvarks, aboudikro, abovedeck, acknowledge, acknowledged, acknowledgeable, acknowledgedly, acknowledgement, acknowledgment, nonacknowledgment, acknowledgements"
contains_letters,contains_letters:cex,C と E と X をすべて含む単語,2416,"accusatrixes, acetylperoxide, acetoxyl, acetoxyls, acetoxim, acetoxime, toxaemic, toxicaemia, toxicemia, acetoxyphthalide, achrodextrin, achroodextrin"
contains_letters,contains_letters:abf,A と B と F をすべて含む単語,2412,"abaff, afb, baff, fab, faba, abaft, aftaba, baft, bafta, abfarad, abfarads, absfarad"
contains_letters,contains_letters:xy,X と Y をすべて含む単語,2404,"acetylperoxide, acetoxyl, acetoxyls, acetoxyphthalide, acyloxy, acyloxymethane, acroasphyxia, acronyx, actinomyxidia, actinomyxidiida, acxoyatl, adenomyxoma"
contains_letters,contains_letters:mtv,M と T と V をすべて含む単語,2403,"abovementioned, accommodative, accommodatively, accommodativeness, accompletive, compellative, complicative, accumulativ, accumulative, cumulative, mulctative, accumulatively"
contains_letters,contains_letters:aiq,A と I と Q をすべて含む単語,2373,"absquatulation, aceanthrenequinone, equianchorate, acequia, cacique, caique, acequiador, acequias, acquiesce, acquiesces, caciques, caiques"
contains_letters,contains_letters:acz,A と C と Z をすべて含む単語,2368,"abrazitic, academization, academize, academized, macadamize, macadamized, academizing, accessorize, accessorized, accessorizing, acclimatizable, emblematicize"
contains_letters,contains_letters:fps,F と P と S をすべて含む単語,2366,"aepyornithiformes, affenpinscher, affenspalte, africanthropus, afterdrops, postperforated, afterimpression, preformationism, preformationist, premanifestation, afterpains, infraspinate"
contains_letters,contains_letters:jo,J と O をすべて含む単語,2366,"abadejo, jobade, abatjour, abatjours, abjection, objectation, abjections, abjoint, jobation, abjudication, abjudicator, abjunction"
contains_letters,contains_letters:ikm,I と K と M をすべて含む単語,2363,"afikomen, afrikanderdom, afrikanderism, aftermilk, aimak, akamai, akim, kaimakam, kami, kamik, kamika, maki"
contains_letters,contains_letters:ju,J と U をすべて含む単語,2354,"abatjour, abatjours, abjudge, abjudged, abjudging, abjudicate, abjudicated, abjudicating, abjudication, abjudicator, abjugate, abjunct"
contains_letters,contains_letters:abv,A と B と V をすべて含む単語,2346,"abave, abbevillian, bevillain, enviable, inviable, veniable, abbrev, beaver, bebrave, bereave, bereaver, berreave"
contains_letters,contains_letters:fty,F と T と Y をすべて含む単語,2345,"acetify, efficacity, acetifying, acetylfluoride, actify, caitifty, facticity, aepyornithiformes, affability, fallibility, flyability, affectability"
contains_letters,contains_letters:amz,A と M と Z をすべて含む単語,2340,"abnormalize, normalizable, abnormalized, modernizable, abnormalizing, academization, academize, academized, macadamize, macadamized, academizing, acclimatizable"
contains_letters,contains_letters:ehv,E と H と V をすべて含む単語,2321,"achievability, achievable, achieve, chevachie, chiave, chichevache, chivachee, achieved, achievement, achievements, misachievement, achiever"
contains_letters,contains_letters:osx,O と S と X をすべて含む単語,2319,"acetoxyls, achrodextrinase, achroodextrinase, dishexecontahedroid, acroasphyxia, actinopraxis, adenomyxosarcoma, adipopexis, apodeixis, dopaoxidase, adoxaceous, adoxies"
contains_letters,contains_letters:afh,A と F と H をすべて含む単語,2316,"achafe, chafe, adderfish, adhafera, aepyornithiformes, afdecho, affamish, famish, affenpinscher, affich, chiffchaff, affiche"
contains_letters,contains_letters:ikp,I と K と P をすべて含む単語,2312,"agitpunkt, airpark, paprika, airparks, paprikas, papriks, akepiro, akepiros, apikores, akwapim, alkaptonuria, alkaptonuric"
contains_letters,contains_letters:duv,D と U と V をすべて含む単語,2310,"aberduvine, aboveground, adductive, educative, adenovirus, adenoviruses, undersavior, adequative, quiddative, quidditative, adjudicative, judicative"
contains_letters,contains_letters:mnv,M と N と V をすべて含む単語,2308,"abdominovaginal, vaginoabdominal, abdominovesical, vesicoabdominal, abovementioned, accommodativeness, accumulativeness, cumulativeness, unaccumulativeness, unemasculative, achievement, achievements"
contains_letters,contains_letters:euz,E と U と Z をすべて含む単語,2305,"absolutize, acculturize, cuticularize, reactualize, acculturized, accustomize, accustomized, actualize, actualized, actualizes, adulterize, ritualized"
contains_letters,contains_letters:fht,F と H と T をすべて含む単語,2298,"aepyornithiformes, affranchisement, effranchisement, enfranchisement, enfranchisements, franchisement, affreight, affreighter, affrighter, airfreight, airfreighter, freightage"
contains_letters,contains_letters:fgu,F と G と U をすべて含む単語,2292,"affrightful, affrightfully, affusedaffusing, unfadingness, afluking, unflaking, aforethought, afterthought, thoroughfare, thoroughfarer, afterburning, fruitbearing"
contains_letters,contains_letters:aku,A と K と U をすべて含む単語,2283,"abelmusk, aboudikro, adultlike, adusk, afluking, unflaking, agitpunkt, aguelike, ahantchuyuk, aikuchi, kuichua, aitutakian"
contains_letters,contains_letters:lq,L と Q をすべて含む単語,2281,"ablaqueate, equatable, absquatulate, absquatulation, acquiescently, sesquicentennially, unacquiescently, acquiescingly, acquirability, acquirable, acquisible, acquisitional"
contains_letters,contains_letters:fmu,F と M と U をすべて含む単語,2276,"acetabuliform, aculeiform, affectum, aimful, famuli, famulli, aimfully, albuminiferous, albuminiform, albuminofibrin, almsful, falsum"
contains_letters,contains_letters:gnz,G と N と Z をすべて含む単語,2274,"abnormalizing, abolitionizing, battologizing, globalization, academizing, accessorizing, acclimatizing, acculturizing, accustomizing, acetylizing, achromatizing, acidizing"
contains_letters,contains_letters:dx,D と X をすべて含む単語,2273,"aboideaux, acetylperoxide, acetoxyphthalide, achrodextrin, achroodextrin, achrodextrinase, achroodextrinase, dishexecontahedroid, actinomyxidia, actinomyxidiida, adaxial, diaxial"
contains_letters,contains_letters:inq,I と N と Q をすべて含む単語,2271,"absquatulation, aceanthrenequinone, equianchorate, acquaint, acquaintant, antiaquatic, quantic, unacquaint, unacquit, uniquantic, acquaintance, acquittance"
contains_letters,contains_letters:iku,I と K と U をすべて含む単語,2268,"aboudikro, adultlike, afluking, unflaking, agitpunkt, aguelike, aikuchi, kuichua, aitutakian, anukit, katukina, knautia"
contains_letters,contains_letters:lqu,L と Q と U をすべて含む単語,2268,"ablaqueate, equatable, absquatulate, absquatulation, acquiescently, sesquicentennially, unacquiescently, acquiescingly, acquirability, acquirable, acquisible, acquisitional"
contains_letters,contains_letters:osz,O と S と Z をすべて含む単語,2268,"abrazos, absolutization, insolubilization, solubilization, substantialization, subtilization, unsubstantialization, absolutize, accessorize, accessorized, accessorizing, accustomize"
contains_letters,contains_letters:hiz,H と I と Z をすべて含む単語,2266,"acethydrazide, acetylhydrazine, acetylphenylhydrazine, achakzai, chakazi, izchak, kazachki, achillize, achromatizable, achromatization, achromatize, chromatize"
contains_letters,contains_letters:epz,E と P と Z をすべて含む単語,2261,"acetylphenylhydrazine, alephzero, allotropize, proletarize, alphabetization, benzophthalazine, alphabetize, alphabetized, alphabetizer, alphabetizers, alphabetizes, alphabetizing"
contains_letters,contains_letters:kru,K と R と U をすべて含む単語,2255,"aboudikro, akmudar, akmuddar, alitrunk, alkaliferous, alkalinuria, kulkarni, kurilian, alkalurops, alkaptonuria, alkaptonuric, alkylarylsulfonate"
contains_letters,contains_letters:dik,D と I と K をすべて含む単語,2250,"aboudikro, acknowledging, adiadochokinesia, adiadochokinesis, diadochokinesia, diadochokinesis, adiadokokinesi, adiadokokinesia, diadkokinesia, diadokokinesis, adirondack, adultlike"
contains_letters,contains_letters:nsz,N と S と Z をすべて含む単語,2249,"absolutization, insolubilization, solubilization, substantialization, subtilization, unsubstantialization, accessorizing, accustomizing, aerosolization, internationalizations, internationalizes, nesslerization"
contains_letters,contains_letters:bfr,B と F と R をすべて含む単語,2248,"abfarad, abfarads, absfarad, abortifacient, birefraction, febricitation, refabrication, aboveproof, absorbefacient, sorbefacient, acetabuliferous, cobaltiferous"
contains_letters,contains_letters:foy,F と O と Y をすべて含む単語,2242,"acetylfluoride, adenoliomyofibroma, adenomyofibroma, aepyornithiformes, affectionally, affectionately, inflectionally, noninflectionally, affirmatory, affrontedly, affronty, affrontingly"
contains_letters,contains_letters:coz,C と O と Z をすべて含む単語,2241,"academization, accessorize, accessorized, accessorizing, acclimatization, accustomize, accustomized, accustomizing, acetalization, celtization, continentalize, lactonize"
contains_letters,contains_letters:eux,E と U と X をすべて含む単語,2231,"aboideaux, aboiteaux, accusatrixes, adieux, exaudi, admixture, admixtures, adoxaceous, affixture, fixature, affluxes, affreux"
contains_letters,contains_letters:bmy,B と M と Y をすべて含む単語,2228,"abdominally, abdominocystic, abdominohysterectomy, abdominohysterotomy, abdominoscopy, abepithymia, amphibiety, abysm, abysms, ambassy, abysmal, abysmally"
contains_letters,contains_letters:brv,B と R と V をすべて含む単語,2226,"abbrev, beaver, bebrave, bereave, bereaver, berreave, brave, braver, breva, everbearer, abbreviatable, avertible"
contains_letters,contains_letters:chk,C と H と K をすべて含む単語,2222,"ablewhackets, achakzai, chakazi, izchak, kazachki, acheck, akcheh, cheka, hacek, hackee, keach, achkan"
contains_letters,contains_letters:egw,E と G と W をすべて含む単語,2212,"acknowledge, acknowledged, acknowledgeable, acknowledgedly, acknowledgement, acknowledgment, nonacknowledgment, acknowledgements, acknowledgments, acknowledger, reacknowledge, reacknowledged"
contains_letters,contains_letters:dkn,D と K と N をすべて含む単語,2210,"acknowledge, acknowledged, acknowledgeable, acknowledgedly, acknowledgement, acknowledgment, nonacknowledgment, acknowledgements, acknowledgments, acknowledger, reacknowledge, reacknowledged"
contains_letters,contains_letters:asx,A と S と X をすべて含む単語,2209,"abrasax, abraxas, accusatrix, accusatrixes, acetoxyls, achrodextrinase, achroodextrinase, dishexecontahedroid, acroasphyxia, actinopraxis, addaxes, axseed"
contains_letters,contains_letters:bdh,B と D と H をすべて含む単語,2206,"ababdeh, beehead, beeheaded, behead, beheaded, dahabeah, abashed, bashed, bedash, beheads, beshade, dahabeahs"
contains_letters,contains_letters:lox,L と O と X をすべて含む単語,2206,"acetylperoxide, acetoxyl, acetoxyls, acetoxyphthalide, acyloxy, acyloxymethane, acxoyatl, adfluxion, affluxion, fluxional, aflatoxin, aldohexose"
contains_letters,contains_letters:eqs,E と Q と S をすべて含む単語,2196,"absquatulate, acequias, acquiesce, acquiesces, caciques, caiques, cassique, acquaintances, acquiescent, inacquiescent, quittances, unacquiescent"
contains_letters,contains_letters:cix,C と I と X をすべて含む単語,2183,"abacaxi, acarotoxic, acroataxia, accusatrix, accusatrixes, acetylperoxide, acetoxim, acetoxime, toxaemic, toxicaemia, toxicemia, acetoxyphthalide"
contains_letters,contains_letters:dnz,D と N と Z をすべて含む単語,2181,"abnormalized, modernizable, abolitionized, delabialization, nondiazotizable, academization, academizing, acetylhydrazine, acetylphenylhydrazine, acidizing, acylamidobenzene, acronymized"
contains_letters,contains_letters:ipx,I と P と X をすべて含む単語,2175,"acetylperoxide, acetoxyphthalide, acroasphyxia, actinopraxis, adenemphraxis, adipopexia, adipopexic, adipopexis, apodeixis, dopaoxidase, alexipharmacon, alexipharmacum"
contains_letters,contains_letters:stx,S と T と X をすべて含む単語,2163,"accusatrix, accusatrixes, acetoxyls, achrodextrinase, achroodextrinase, dishexecontahedroid, actinopraxis, administratrix, admixtures, adnexitis, aerotaxis, exoarteritis"
contains_letters,contains_letters:blv,B と L と V をすべて含む単語,2155,"abbevillian, bevillain, enviable, inviable, veniable, abbreviatable, avertible, irretrievable, liberative, retrievable, triverbal, triverbial"
contains_letters,contains_letters:afp,A と F と P をすべて含む単語,2151,"aboveproof, acidproof, picofarad, adipoceriform, campodeiform, decapodiform, adipofibroma, aepyornithiformes, affenpinscher, affenspalte, affrap, frap"
contains_letters,contains_letters:fgs,F と G と S をすべて含む単語,2134,"adsignify, adsignification, afforesting, affrontingness, foretasting, ossifrangent, affranchising, franchising, grassfinch, affrights, farsight, fishgarth"
contains_letters,contains_letters:lpv,L と P と V をすべて含む単語,2133,"absorptively, accompletive, compellative, complicative, adaptively, adoptively, adsorptively, amphivasal, ampliative, amplicative, implicative, amplificative"
contains_letters,contains_letters:ltw,L と T と W をすべて含む単語,2132,"ablewhackets, acknowledgement, acknowledgment, nonacknowledgment, acknowledgements, acknowledgments, adawlut, afterblow, batfowler, afterglow, afterglows, afterknowledge"
contains_letters,contains_letters:bhm,B と H と M をすべて含む単語,2127,"abashment, abashments, bashment, abbroachment, carbomethene, chronobarometer, abdominohysterectomy, abdominohysterotomy, abdominothoracic, rhabdomantic, abelmoschus, abepithymia"
contains_letters,contains_letters:bdy,B と D と Y をすべて含む単語,2123,"abandonedly, abasedly, syllabled, abashedly, shadbelly, abbeystead, abbeystede, bestayed, abditory, abdominally, abdominocystic, abdominohysterectomy"
contains_letters,contains_letters:mx,M と X をすべて含む単語,2122,"acetoxim, acetoxime, toxaemic, toxicaemia, toxicemia, acyloxymethane, actinomyxidia, actinomyxidiida, actinotoxemia, adenemphraxis, adenomyxoma, myxadenoma"
contains_letters,contains_letters:glv,G と L と V をすべて含む単語,2121,"aasvogel, aasvogels, lovages, abdominovaginal, vaginoabdominal, absolving, solvabling, advancingly, advantageously, nonadvantageously, unadvantageously, agentival"
contains_letters,contains_letters:msv,M と S と V をすべて含む単語,2118,"abdominovesical, vesicoabdominal, accommodativeness, accumulativeness, cumulativeness, unaccumulativeness, unemasculative, achievements, misachievement, activism, activisms, adevism"
contains_letters,contains_letters:akp,A と K と P をすべて含む単語,2114,"aeroplankton, afterpeak, agitpunkt, ahepatokla, airpark, paprika, airparks, paprikas, papriks, akepiro, akepiros, apikores"
contains_letters,contains_letters:gtv,G と T と V をすべて含む単語,2114,"abbreviating, reabbreviating, reverberating, revibrating, verbenating, verbigerating, abnegative, abrogative, activating, cavitating, inactivating, vacating"
contains_letters,contains_letters:flp,F と L と P をすべて含む単語,2112,"affenspalte, afterclap, flattercap, platterface, afterhelp, afterplay, preflattery, afterplanting, preaffiliating, afterpotential, frontoparietal, nonpreferential"
contains_letters,contains_letters:js,J と S をすべて含む単語,2103,"abatjours, abjectedness, abjections, abjectness, abjurations, abjurers, abjures, acajous, adjacencies, adjectitious, adjectives, adjectivitis"
contains_letters,contains_letters:klu,K と L と U をすべて含む単語,2101,"abelmusk, adultlike, afluking, unflaking, aguelike, akolouthia, akoluthia, akoulalion, akule, aleikoum, aleikum, kamelaukia"
contains_letters,contains_letters:dlw,D と L と W をすべて含む単語,2096,"aardwolf, floorward, forwardal, waldorf, wolfward, aardwolves, acknowledge, acknowledged, acknowledgeable, acknowledgedly, acknowledgement, acknowledgment"
contains_letters,contains_letters:rsz,R と S と Z をすべて含む単語,2096,"abastardize, bastardize, bastardized, bastardizes, abrazos, accessorize, accessorized, accessorizing, advertizes, aerosolization, internationalizations, internationalizes"
contains_letters,contains_letters:fw,F と W をすべて含む単語,2090,"aardwolf, floorward, forwardal, waldorf, wolfward, aflow, fallow, aflower, arrowleaf, earflower, flawflower, refallow"
contains_letters,contains_letters:fho,F と H と O をすべて含む単語,2081,"aepyornithiformes, afdecho, aforehand, forehand, forehanded, aforethought, afterthought, thoroughfare, thoroughfarer, africanthropus, afterchrome, forthcame"
contains_letters,contains_letters:stz,S と T と Z をすべて含む単語,2080,"abastardize, bastardize, bastardized, bastardizes, absolutization, insolubilization, solubilization, substantialization, subtilization, unsubstantialization, absolutize, acclimatizes"
contains_letters,contains_letters:jr,J と R をすべて含む単語,2079,"abatjour, abatjours, abjudicator, abjuration, nonabjuration, objuration, abjurations, abjuratory, abjure, abjurer, abjured, abjurement"
contains_letters,contains_letters:eqr,E と Q と R をすべて含む単語,2076,"aceanthrenequinone, equianchorate, acequiador, acquereur, acquiescer, acquirers, acquires, carquaise, reacquires, acquirable, acquire, acquirer"
contains_letters,contains_letters:enq,E と N と Q をすべて含む単語,2068,"aceanthrenequinone, equianchorate, acquaintance, acquittance, inacquaintance, inquaintance, quaintance, quittance, unacquaintance, acquaintances, acquiescent, inacquiescent"
contains_letters,contains_letters:jt,J と T をすべて含む単語,2063,"abatjour, abatjours, abject, abjectedness, abjection, objectation, abjections, abjective, abjectly, abjectness, abjoint, jobation"
contains_letters,contains_letters:hkr,H と K と R をすべて含む単語,2055,"aftershock, aftershocks, stockfather, afterthinker, fatherkin, ahamkara, ahankara, ahorseback, horseback, horsebacker, aircheck, chickaree"
contains_letters,contains_letters:nrx,N と R と X をすべて含む単語,2055,"achrodextrin, achroodextrin, achrodextrinase, achroodextrinase, dishexecontahedroid, acronyx, actinopraxis, adenemphraxis, adenomyxosarcoma, administratrix, admonitrix, alexander"
contains_letters,contains_letters:svy,S と V と Y をすべて含む単語,2055,"abrasively, absolvatory, absolvitory, absorptively, absorptivity, abstractively, serviceability, abusively, accessively, accusatively, causatively, acquisitively"
contains_letters,contains_letters:moz,M と O と Z をすべて含む単語,2053,"abnormalize, normalizable, abnormalized, modernizable, abnormalizing, academization, acclimatization, accustomize, accustomized, accustomizing, acetazolamide, acetylaminobenzene"
contains_letters,contains_letters:eqt,E と Q と T をすべて含む単語,2050,"ablaqueate, equatable, absquatulate, aceanthrenequinone, equianchorate, acquaintance, acquittance, inacquaintance, inquaintance, quaintance, quittance, unacquaintance"
contains_letters,contains_letters:bkr,B と K と R をすべて含む単語,2046,"abkar, arkab, bakra, baraka, bark, kabar, kbar, abkari, bakairi, karbi, abkary, barkary"
contains_letters,contains_letters:egz,E と G と Z をすべて含む単語,2043,"academizing, accessorizing, acetylizing, adfreezing, adrenalectomizing, advertizing, readvertizing, aerosolizing, agatize, agatized, dziggetai, agatizes"
contains_letters,contains_letters:iqt,I と Q と T をすべて含む単語,2039,"absquatulation, aceanthrenequinone, equianchorate, acquaint, acquaintant, antiaquatic, quantic, unacquaint, unacquit, uniquantic, acquaintance, acquittance"
contains_letters,contains_letters:kps,K と P と S をすべて含む単語,2037,"airparks, paprikas, papriks, akepiros, apikores, alkalurops, alpenstock, alpenstocks, alpenstocker, ampherotokous, amphidisk, amphitokous"
contains_letters,contains_letters:dkr,D と K と R をすべて含む単語,2036,"aardvark, aardvarks, aboudikro, acknowledger, reacknowledge, reacknowledged, acknowledgers, adirondack, afrikander, afrikanderdom, afrikanderism, afterdeck"
contains_letters,contains_letters:bew,B と E と W をすべて含む単語,2035,"ablewhackets, acknowledgeable, afterblow, batfowler, allowable, bowable, lowable, wooable, allowableness, answerability, answerable, answerableness"
contains_letters,contains_letters:doz,D と O と Z をすべて含む単語,2021,"abnormalized, modernizable, abolitionized, delabialization, nondiazotizable, academization, accessorized, accustomized, acetazolamide, achromatized, heterochromatized, tracheotomized"
contains_letters,contains_letters:fhl,F と H と L をすべて含む単語,2018,"affrightedly, affrightful, affrightfully, affrightingly, aflight, aflush, afterhelp, afterhold, afterlight, featherlight, afterschool, afterwhile"
contains_letters,contains_letters:bpy,B と P と Y をすべて含む単語,2015,"abdominoscopy, abepithymia, amphibiety, abiotrophy, abyssopelagic, ablepsy, appeasably, ableptically, acceptability, peccability, abruptedly, abruptly"
contains_letters,contains_letters:cnz,C と N と Z をすべて含む単語,2015,"academization, academizing, accessorizing, acclimatization, acclimatizing, acculturizing, accustomizing, acetalization, celtization, continentalize, lactonize, zonociliate"
contains_letters,contains_letters:bz,B と Z をすべて含む単語,2008,"abastardize, bastardize, bastardized, bastardizes, abaze, baze, bezazz, ezba, abbozzo, bazoo, boza, abiezer"
contains_letters,contains_letters:ltx,L と T と X をすべて含む単語,2000,"acetylperoxide, acetoxyl, acetoxyls, acetoxyphthalide, acyloxymethane, acxoyatl, aflatoxin, alexandrite, extranidal, alexipyretic, alexiteric, alexiterical"
contains_letters,contains_letters:agz,A と G と Z をすべて含む単語,1995,"abnormalizing, abolitionizing, battologizing, globalization, academizing, accessorizing, acclimatizing, acculturizing, accustomizing, acetylizing, achromatizing, acidizing"
contains_letters,contains_letters:cku,C と K と U をすべて含む単語,1989,"ahantchuyuk, aikuchi, kuichua, aleukaemic, aleukemic, leukaemic, alkaptonuric, allokurtic, amuck, muckamuck, amucks, mussack"
contains_letters,contains_letters:auz,A と U と Z をすべて含む単語,1987,"absolutization, insolubilization, solubilization, substantialization, subtilization, unsubstantialization, absolutize, aburabozu, zaburro, abuzz, acculturize, cuticularize"
contains_letters,contains_letters:ehz,E と H と Z をすべて含む単語,1987,"acethydrazide, acetylhydrazine, acetylphenylhydrazine, achillize, achromatizable, achromatize, chromatize, orthochromatize, tracheotomize, achromatized, heterochromatized, tracheotomized"
contains_letters,contains_letters:hx,H と X をすべて含む単語,1982,"acanthopanax, acetoxyphthalide, achrodextrin, achroodextrin, achrodextrinase, achroodextrinase, dishexecontahedroid, acyloxymethane, acroasphyxia, adenemphraxis, adoxography, doxography"
contains_letters,contains_letters:hko,H と K と O をすべて含む単語,1980,"achoke, chechako, cheechako, hoecake, adiadochokinesia, adiadochokinesis, diadochokinesia, diadochokinesis, aftershock, aftershocks, stockfather, agathokakological"
contains_letters,contains_letters:yz,Y と Z をすべて含む単語,1971,"acethydrazide, acetylaminobenzene, acetylbenzene, acetylbenzoate, acetylbenzoic, acetylcarbazole, electrolyzable, acetylhydrazine, acetylizable, acetylization, enzootically, acetylize"
contains_letters,contains_letters:euw,E と U と W をすべて含む単語,1969,"agueweed, agueweeds, ahurewa, automower, awaruite, awestruck, awfuller, wareful, awfullest, sweatful, wasteful, awfulness"
contains_letters,contains_letters:fuy,F と U と Y をすべて含む単語,1968,"abusefully, acetylfluoride, affluency, affluently, flatulently, unfealty, affrightfully, afterstudy, aimfully, alkylarylsulfonate, alkylbenzenesulfonate, alkylbenzenesulfonates"
contains_letters,contains_letters:iqs,I と Q と S をすべて含む単語,1964,"absquatulation, acequias, acquiesce, acquiesces, caciques, caiques, cassique, acquaintances, acquiescent, inacquiescent, quittances, unacquiescent"
contains_letters,contains_letters:kmr,K と M と R をすべて含む単語,1958,"afrikanderdom, afrikanderism, aftermark, aftermarket, aftermilk, ahamkara, airmark, makari, mikra, mikrkra, mirak, airmarker"
contains_letters,contains_letters:fpt,F と P と T をすべて含む単語,1955,"aepyornithiformes, affenspalte, africanthropus, afterclap, flattercap, platterface, aftercrop, poetcraft, prefactor, afterdamp, afterdrops, postperforated"
contains_letters,contains_letters:bov,B と O と V をすべて含む単語,1949,"abbreviation, nonabortive, reverberation, revibration, verberation, vertebration, abbreviations, abortiveness, inobservant, inobservantness, inobservation, nonabortiveness"
contains_letters,contains_letters:opx,O と P と X をすべて含む単語,1940,"acanthopanax, acetylperoxide, acetoxyphthalide, acroasphyxia, actinopraxis, adipopexia, adipopexic, adipopexis, apodeixis, dopaoxidase, adnexopexy, adoxography"
contains_letters,contains_letters:drz,D と R と Z をすべて含む単語,1930,"abastardize, bastardize, bastardized, bastardizes, abnormalized, modernizable, accessorized, acculturized, acethydrazide, acetylhydrazine, acetylphenylhydrazine, achromatized"
contains_letters,contains_letters:bfo,B と F と O をすべて含む単語,1929,"abortifacient, birefraction, febricitation, refabrication, aboveproof, absorbefacient, sorbefacient, acetabuliferous, cobaltiferous, acetabuliform, adenofibroma, fibroadenoma"
contains_letters,contains_letters:cdf,C と D と F をすべて含む単語,1928,"acetified, edificate, facticide, acetylfluoride, acidiferous, ascidiferous, radiciferous, acidify, acidifiable, edificable, acidifiant, nidificant"
contains_letters,contains_letters:bdg,B と D と G をすべて含む単語,1922,"abadengo, bondage, dogbane, abandoning, aboding, bignoniad, nonabiding, abbogada, abogado, dagoba, abdicating, abdominogenital"
contains_letters,contains_letters:fv,F と V をすべて含む単語,1917,"aboveproof, acriflavin, acriflavine, infraclavicle, adventureful, adversifoliate, diversiflorate, diversifoliate, adversifolious, adviceful, affective, factitive"
contains_letters,contains_letters:hnw,H と N と W をすべて含む単語,1915,"aimworthiness, airworthiness, seaworthiness, anchorwise, andrewartha, enwreathed, netherward, wandreth, angletwitch, angwich, chawing, chinwag"
contains_letters,contains_letters:fnp,F と N と P をすべて含む単語,1913,"aepyornithiformes, affenpinscher, affenspalte, africanthropus, afterimpression, preformationism, preformationist, premanifestation, afterpain, afterpains, infraspinate, afterplanting"
contains_letters,contains_letters:gsv,G と S と V をすべて含む単語,1901,"aasvogel, aasvogels, lovages, absolving, solvabling, advantageous, advantageousness, nonadvantageous, nonadvantageousness, unadvantageous, unadvantageousness, advantageously"
contains_letters,contains_letters:nsx,N と S と X をすべて含む単語,1899,"achrodextrinase, achroodextrinase, dishexecontahedroid, actinopraxis, adenemphraxis, adenomyxosarcoma, administratrix, adnexitis, alexanders, relaxedness, alexandrianism, alexandrines"
contains_letters,contains_letters:bik,B と I と K をすべて含む単語,1897,"abhiseka, bakshishes, abkari, bakairi, karbi, abkhasian, abnaki, aboudikro, abricock, absarokite, strikeboat, acockbill"
contains_letters,contains_letters:cdv,C と D と V をすべて含む単語,1897,"abdicative, abdominovesical, vesicoabdominal, abovedeck, accommodative, accommodatively, accommodativeness, achieved, achterveld, activated, addictive, advective"
contains_letters,contains_letters:cox,C と O と X をすべて含む単語,1893,"acanthopanax, acarotoxic, acroataxia, acetylperoxide, acetoxyl, acetoxyls, acetoxim, acetoxime, toxaemic, toxicaemia, toxicemia, acetoxyphthalide"
contains_letters,contains_letters:acx,A と C と X をすべて含む単語,1890,"abacaxi, acanthopanax, acarotoxic, acroataxia, accusatrix, accusatrixes, acetylperoxide, acetoxyl, acetoxyls, acetoxim, acetoxime, toxaemic"
contains_letters,contains_letters:agw,A と G と W をすべて含む単語,1886,"acknowing, acknowledge, acknowledged, acknowledgeable, acknowledgedly, acknowledgement, acknowledgment, nonacknowledgment, acknowledgements, acknowledgments, acknowledger, reacknowledge"
contains_letters,contains_letters:mnz,M と N と Z をすべて含む単語,1886,"abnormalize, normalizable, abnormalized, modernizable, abnormalizing, academization, academizing, acclimatization, acclimatizing, accustomizing, acetylaminobenzene, achromatization"
contains_letters,contains_letters:oq,O と Q をすべて含む単語,1880,"absquatulation, aceanthrenequinone, equianchorate, acequiador, acquisition, acquisitions, quasicontinuous, acquisitional, acquisitor, squattocratic, acquophonia, adequation"
contains_letters,contains_letters:apz,A と P と Z をすべて含む単語,1878,"acetylphenylhydrazine, alephzero, allotropize, proletarize, alphabetization, benzophthalazine, alphabetize, alphabetized, alphabetizer, alphabetizers, alphabetizes, alphabetizing"
contains_letters,contains_letters:nuz,N と U と Z をすべて含む単語,1877,"absolutization, insolubilization, solubilization, substantialization, subtilization, unsubstantialization, acculturizing, accustomizing, actualization, canaliculization, actualizing, agglutinize"
contains_letters,contains_letters:bks,B と K と S をすべて含む単語,1875,"abakas, abask, babkas, bask, basks, kababs, kabakas, kabs, abelmosk, abelmosks, smokable, smokables"
contains_letters,contains_letters:nuw,N と U と W をすべて含む単語,1875,"awanyu, unaway, awfulness, lawfullness, lawfulness, unawfulness, unlawfulness, awunctive, bawsunt, belowground, blowgun, blowguns"
contains_letters,contains_letters:hkn,H と K と N をすべて含む単語,1871,"abkhasian, achkan, chank, adiadochokinesia, adiadochokinesis, diadochokinesia, diadochokinesis, afterthinker, fatherkin, ahankara, ahantchuyuk, akehorne"
contains_letters,contains_letters:agk,A と G と K をすべて含む単語,1870,"acknowing, acknowledge, acknowledged, acknowledgeable, acknowledgedly, acknowledgement, acknowledgment, nonacknowledgment, acknowledgements, acknowledgments, acknowledger, reacknowledge"
contains_letters,contains_letters:bck,B と C と K をすべて含む単語,1870,"aback, back, caback, ablewhackets, ablock, ballock, blackcock, colback, abococket, abovedeck, abricock, acknowledgeable"
contains_letters,contains_letters:oqu,O と Q と U をすべて含む単語,1869,"absquatulation, aceanthrenequinone, equianchorate, acequiador, acquisition, acquisitions, quasicontinuous, acquisitional, acquisitor, squattocratic, acquophonia, adequation"
contains_letters,contains_letters:dex,D と E と X をすべて含む単語,1868,"aboideaux, acetylperoxide, acetoxyphthalide, achrodextrin, achroodextrin, achrodextrinase, achroodextrinase, dishexecontahedroid, addaxes, axseed, axseeds, adenemphraxis"
contains_letters,contains_letters:kms,K と M と S をすべて含む単語,1864,"abelmosk, abelmosks, smokable, smokables, smokeable, abelmusk, acknowledgements, acknowledgments, afrikanderism, akamatsu, makutas, muskat"
contains_letters,contains_letters:emw,E と M と W をすべて含む単語,1855,"acknowledgement, acknowledgment, nonacknowledgment, acknowledgements, acknowledgments, afterswarm, afterswarming, afterwisdom, aimworthiness, aircraftswomen, aircrewman, aircrewmen"
contains_letters,contains_letters:dko,D と K と O をすべて含む単語,1854,"aboudikro, abovedeck, acknowledge, acknowledged, acknowledgeable, acknowledgedly, acknowledgement, acknowledgment, nonacknowledgment, acknowledgements, acknowledgments, acknowledger"
contains_letters,contains_letters:bhy,B と H と Y をすべて含む単語,1847,"abayah, bahay, abashedly, shadbelly, abashlessly, bashyle, abdominohysterectomy, abdominohysterotomy, abepithymia, amphibiety, abernethy, abhenry"
contains_letters,contains_letters:fhn,F と H と N をすべて含む単語,1839,"aepyornithiformes, affenpinscher, affranchise, effranchise, enfranchise, enfranchiser, enfranchises, franchise, franchisee, franchisees, franchiser, franchisers"
contains_letters,contains_letters:grw,G と R と W をすべて含む単語,1836,"acknowledger, reacknowledge, reacknowledged, acknowledgers, afterglow, afterglows, aftergrowth, afterknowledge, afterswarming, afterworking, againward, awarding"
contains_letters,contains_letters:opz,O と P と Z をすべて含む単語,1831,"alephzero, allotropize, proletarize, alphabetization, benzophthalazine, amorphozoa, amphizoidae, anthropomorphization, morphinization, anthropomorphize, phantomizer, promethazine"
contains_letters,contains_letters:ctz,C と T と Z をすべて含む単語,1824,"abrazitic, academization, acclimatizable, emblematicize, acclimatization, acclimatize, climatize, metallicize, acclimatized, declimatize, acclimatizer, reacclimatize"
contains_letters,contains_letters:ekw,E と K と W をすべて含む単語,1823,"ablewhackets, acknew, wacken, acknowledge, acknowledged, acknowledgeable, acknowledgedly, acknowledgement, acknowledgment, nonacknowledgment, acknowledgements, acknowledgments"
contains_letters,contains_letters:cew,C と E と W をすべて含む単語,1822,"ablewhackets, acheweed, chawed, acknew, wacken, acknowledge, acknowledged, acknowledgeable, acknowledgedly, acknowledgement, acknowledgment, nonacknowledgment"
contains_letters,contains_letters:ctx,C と T と X をすべて含む単語,1815,"acanthopanax, acarotoxic, acroataxia, accusatrix, accusatrixes, acetylperoxide, acetoxyl, acetoxyls, acetoxim, acetoxime, toxaemic, toxicaemia"
contains_letters,contains_letters:rsx,R と S と X をすべて含む単語,1811,"abrasax, abraxas, accusatrix, accusatrixes, achrodextrinase, achroodextrinase, dishexecontahedroid, acroasphyxia, actinopraxis, adenemphraxis, adenomyxosarcoma, administratrix"
contains_letters,contains_letters:bkl,B と K と L をすべて含む単語,1808,"abelmosk, abelmosks, smokable, smokables, smokeable, abelmusk, ablewhackets, ablock, ballock, blackcock, colback, acknowledgeable"
contains_letters,contains_letters:apx,A と P と X をすべて含む単語,1806,"acanthopanax, acetylperoxide, acetoxyphthalide, acroasphyxia, actinopraxis, adenemphraxis, adipopexia, adipopexic, adipopexis, apodeixis, dopaoxidase, adnexopexy"
contains_letters,contains_letters:kmn,K と M と N をすべて含む単語,1800,"ackman, ackmen, acknowledgement, acknowledgment, nonacknowledgment, acknowledgements, acknowledgments, afikomen, afrikanderdom, afrikanderism, akamnik, inkman"
contains_letters,contains_letters:egk,E と G と K をすべて含む単語,1799,"acknowledge, acknowledged, acknowledgeable, acknowledgedly, acknowledgement, acknowledgment, nonacknowledgment, acknowledgements, acknowledgments, acknowledger, reacknowledge, reacknowledged"
contains_letters,contains_letters:ktu,K と T と U をすべて含む単語,1797,"adultlike, agitpunkt, ahantchuyuk, aitutakian, anukit, katukina, knautia, taikun, akamatsu, makutas, muskat, akolouthia"
contains_letters,contains_letters:lnx,L と N と X をすべて含む単語,1792,"acyloxymethane, adfluxion, adnexal, affluxion, fluxional, aflatoxin, alexander, alexandra, alexanders, relaxedness, alexandreid, alexandria"
contains_letters,contains_letters:bmp,B と M と P をすべて含む単語,1791,"abamp, abampere, parabema, abamperes, absampere, preembarrass, abamps, abaptistum, abdominoposterior, abdominoscope, abdominoscopy, abepithymia"
contains_letters,contains_letters:hiv,H と I と V をすべて含む単語,1791,"achievability, achievable, achieve, chevachie, chiave, chichevache, chivachee, achieved, achievement, achievements, misachievement, achiever"
contains_letters,contains_letters:kmo,K と M と O をすべて含む単語,1790,"abelmosk, abelmosks, smokable, smokables, smokeable, acknowledgement, acknowledgment, nonacknowledgment, acknowledgements, acknowledgments, afikomen, afrikanderdom"
contains_letters,contains_letters:fk,F と K をすべて含む単語,1787,"afikomen, aflicker, farcelike, afluking, unflaking, afrikaans, afrikander, afrikanderdom, afrikanderism, afrikaner, frankenia, afterattack"
contains_letters,contains_letters:kpr,K と P と R をすべて含む単語,1784,"aeroplankton, afterpeak, airpark, paprika, airparks, paprikas, papriks, akepiro, akepiros, apikores, alkalurops, alkaphrah"
contains_letters,contains_letters:ilq,I と L と Q をすべて含む単語,1782,"absquatulation, acquiescently, sesquicentennially, unacquiescently, acquiescingly, acquirability, acquirable, acquisible, acquisitional, acquisitively, acquital, acquittal"
contains_letters,contains_letters:lmv,L と M と V をすべて含む単語,1773,"abdominovaginal, vaginoabdominal, abdominovesical, vesicoabdominal, accommodatively, accompletive, compellative, complicative, accumulativ, accumulative, cumulative, mulctative"
contains_letters,contains_letters:puv,P と U と V をすべて含む単語,1769,"adventureship, amphivorous, amputative, imputative, antiproductive, antiproductively, antiproductiveness, pseudoconservative, antiproductivity, antiputrefactive, aphidivorous, apivorous"
contains_letters,contains_letters:gow,G と O と W をすべて含む単語,1766,"acknowing, acknowledge, acknowledged, acknowledgeable, acknowledgedly, acknowledgement, acknowledgment, nonacknowledgment, acknowledgements, acknowledgments, acknowledger, reacknowledge"
contains_letters,contains_letters:bnv,B と N と V をすべて含む単語,1765,"abbevillian, bevillain, enviable, inviable, veniable, abbreviating, reabbreviating, reverberating, revibrating, verbenating, verbigerating, abbreviation"
contains_letters,contains_letters:dks,D と K と S をすべて含む単語,1765,"aardvarks, acknowledgements, acknowledgments, acknowledgers, acknowledges, adiadochokinesia, adiadochokinesis, diadochokinesia, diadochokinesis, adiadokokinesi, adiadokokinesia, diadkokinesia"
contains_letters,contains_letters:mow,M と O と W をすべて含む単語,1762,"achomawi, acknowledgement, acknowledgment, nonacknowledgment, acknowledgements, acknowledgments, afterwisdom, aimworthiness, aircraftswoman, aircraftswomen, aircraftwoman, airwoman"
contains_letters,contains_letters:bko,B と K と O をすべて含む単語,1758,"abelmosk, abelmosks, smokable, smokables, smokeable, ablock, ballock, blackcock, colback, abococket, aboudikro, abovedeck"
contains_letters,contains_letters:ahz,A と H と Z をすべて含む単語,1753,"acethydrazide, acetylhydrazine, acetylphenylhydrazine, achakzai, chakazi, izchak, kazachki, achillize, achromatizable, achromatization, achromatize, chromatize"
contains_letters,contains_letters:cdk,C と D と K をすべて含む単語,1751,"abovedeck, acknowledge, acknowledged, acknowledgeable, acknowledgedly, acknowledgement, acknowledgment, nonacknowledgment, acknowledgements, acknowledgments, acknowledger, reacknowledge"
contains_letters,contains_letters:fsy,F と S と Y をすべて含む単語,1751,"abusefully, adsignify, aepyornithiformes, affrayers, affrays, frays, afterdays, afteryears, afterstudy, algarsyf, alkylarylsulfonate, alkylbenzenesulfonate"
contains_letters,contains_letters:lsz,L と S と Z をすべて含む単語,1750,"absolutization, insolubilization, solubilization, substantialization, subtilization, unsubstantialization, absolutize, acclimatizes, actualizes, aerosolization, internationalizations, internationalizes"
contains_letters,contains_letters:dlz,D と L と Z をすべて含む単語,1742,"abnormalized, modernizable, abolitionized, delabialization, nondiazotizable, acclimatized, declimatize, acculturized, acetazolamide, acetylhydrazine, acetylized, acetylphenylhydrazine"
contains_letters,contains_letters:bfn,B と F と N をすべて含む単語,1739,"abortifacient, birefraction, febricitation, refabrication, absorbefacient, sorbefacient, abusefulness, balefulness, banefulness, unaffableness, unfeasable, unfeasableness"
contains_letters,contains_letters:iqr,I と Q と R をすべて含む単語,1737,"aceanthrenequinone, equianchorate, acequiador, acquiescer, acquirers, acquires, carquaise, reacquires, acquirability, acquirable, acquire, acquirer"
contains_letters,contains_letters:prx,P と R と X をすべて含む単語,1737,"acetylperoxide, acroasphyxia, actinopraxis, adenemphraxis, adoxography, doxography, alexipharmacon, alexipharmacum, alexipharmic, alexipharmical, alexipyretic, alloxyproteic"
contains_letters,contains_letters:hkt,H と K と T をすべて含む単語,1729,"ablewhackets, aftershock, aftershocks, stockfather, afterthinker, fatherkin, agathokakological, ahantchuyuk, ahepatokla, akhrot, akolouthia, akoluthia"
contains_letters,contains_letters:dtw,D と T と W をすべて含む単語,1726,"acknowledgement, acknowledgment, nonacknowledgment, acknowledgements, acknowledgments, adawlut, adderwort, deadwort, waterdoe, waterwood, afterknowledge, afterward"
contains_letters,contains_letters:crz,C と R と Z をすべて含む単語,1722,"abrazitic, accessorize, accessorized, accessorizing, acclimatizer, reacclimatize, acculturize, cuticularize, reactualize, acculturized, acculturizing, acethydrazide"
contains_letters,contains_letters:anq,A と N と Q をすべて含む単語,1721,"absquatulation, aceanthrenequinone, equianchorate, acquaint, acquaintant, antiaquatic, quantic, unacquaint, unacquit, uniquantic, acquaintance, acquittance"
contains_letters,contains_letters:akw,A と K と W をすべて含む単語,1716,"ablewhackets, acknew, wacken, acknow, acknown, acknowing, acknowledge, acknowledged, acknowledgeable, acknowledgedly, acknowledgement, acknowledgment"
contains_letters,contains_letters:aqt,A と Q と T をすべて含む単語,1715,"ablaqueate, equatable, absquatulate, absquatulation, aceanthrenequinone, equianchorate, acquaint, acquaintant, antiaquatic, quantic, unacquaint, unacquit"
contains_letters,contains_letters:hrv,H と R と V をすべて含む単語,1706,"achiever, archive, archiver, chivaree, echevaria, echeveria, reachieve, achievers, archivers, archives, chivarees, achterveld"
contains_letters,contains_letters:bfu,B と F と U をすべて含む単語,1705,"abuseful, suffusable, abusefully, abusefulness, balefulness, banefulness, unaffableness, unfeasable, unfeasableness, acetabuliferous, cobaltiferous, acetabuliform"
contains_letters,contains_letters:kou,K と O と U をすべて含む単語,1696,"aboudikro, akolouthia, akoluthia, akoulalion, aleikoum, alkaliferous, alkaligenous, kaligenous, alkalous, loukas, alkalurops, alkaptonuria"
contains_letters,contains_letters:epw,E と P と W をすべて含む単語,1693,"alewhap, alpenglow, antipewism, antwerp, enwrapt, prewarrant, applegrower, applewife, applewoman, applewood, paddlewood, walloped"
contains_letters,contains_letters:elq,E と L と Q をすべて含む単語,1691,"ablaqueate, equatable, absquatulate, acquiescently, sesquicentennially, unacquiescently, acquiescingly, acquirable, acquisible, acquisitively, adequately, aequiculi"
contains_letters,contains_letters:hoz,H と O と Z をすべて含む単語,1689,"achromatizable, achromatization, achromatize, chromatize, orthochromatize, tracheotomize, achromatized, heterochromatized, tracheotomized, achromatizing, alcoholizable, alcoholization"
contains_letters,contains_letters:eky,E と K と Y をすべて含む単語,1676,"ackey, cakey, ackeys, acknowledgedly, akey, akeley, lakey, leaky, akiyenik, alkalescency, alkalimetry, martyrlike"
contains_letters,contains_letters:amw,A と M と W をすべて含む単語,1674,"achomawi, acknowledgement, acknowledgment, nonacknowledgment, acknowledgements, acknowledgments, afterswarm, afterswarming, afterwisdom, agawam, gawm, aimworthiness"
contains_letters,contains_letters:fpu,F と P と U をすべて含む単語,1668,"africanthropus, afterpressure, aftersupper, perfusate, superfat, superfetate, agueproof, amphiboliferous, ampulliform, anopluriform, naupliform, naupliiform"
contains_letters,contains_letters:uvy,U と V と Y をすべて含む単語,1665,"abusively, accumulatively, cumulatively, accusatively, causatively, acquisitively, adjunctively, unadjunctively, adumbratively, advantageously, nonadvantageously, unadvantageously"
contains_letters,contains_letters:goz,G と O と Z をすべて含む単語,1664,"abnormalizing, abolitionizing, battologizing, globalization, accessorizing, accustomizing, achromatizing, acronymizing, actionizing, agnotozoic, cognizant, incognizant"
contains_letters,contains_letters:mtz,M と T と Z をすべて含む単語,1663,"academization, acclimatizable, emblematicize, acclimatization, acclimatize, climatize, metallicize, acclimatized, declimatize, acclimatizer, reacclimatize, acclimatizes"
contains_letters,contains_letters:prz,P と R と Z をすべて含む単語,1658,"acetylphenylhydrazine, alephzero, allotropize, proletarize, alphabetizer, alphabetizers, alpheratz, amorphozoa, anthropomorphization, morphinization, anthropomorphize, phantomizer"
contains_letters,contains_letters:ruw,R と U と W をすべて含む単語,1656,"ahurewa, archmugwump, arrowbush, automower, awaruite, awestruck, awfuller, wareful, backfurrow, barrowful, befurbelowed, furbelowed"
contains_letters,contains_letters:oxy,O と X と Y をすべて含む単語,1652,"acetylperoxide, acetoxyl, acetoxyls, acetoxyphthalide, acyloxy, acyloxymethane, acroasphyxia, acronyx, actinomyxidia, actinomyxidiida, acxoyatl, adenomyxoma"
contains_letters,contains_letters:efv,E と F と V をすべて含む単語,1651,"aboveproof, acriflavine, infraclavicle, adventureful, adversifoliate, diversiflorate, diversifoliate, adversifolious, adviceful, affective, factitive, factive"
contains_letters,contains_letters:aqr,A と Q と R をすべて含む単語,1648,"aceanthrenequinone, equianchorate, acequiador, acquereur, acquiescer, acquirers, acquires, carquaise, reacquires, acquirability, acquirable, acquire"
contains_letters,contains_letters:kop,K と O と P をすべて含む単語,1647,"aeroplankton, ahepatokla, akepiro, akepiros, apikores, alkalurops, alkapton, nannoplankton, nanoplankton, plankton, planktont, alkaptone"
contains_letters,contains_letters:acw,A と C と W をすべて含む単語,1646,"ablewhackets, acheweed, chawed, achomawi, acknew, wacken, acknow, acknown, acknowing, acknowledge, acknowledged, acknowledgeable"
contains_letters,contains_letters:aqs,A と Q と S をすべて含む単語,1646,"absquatulate, absquatulation, acequias, acquiesce, acquiesces, caciques, caiques, cassique, acquaintances, acquiescent, inacquiescent, quittances"
contains_letters,contains_letters:bow,B と O と W をすべて含む単語,1644,"ablow, ballow, balow, blowball, bowla, lowball, abow, acknowledgeable, afterblow, batfowler, allowable, bowable"
contains_letters,contains_letters:eij,E と I と J をすべて含む単語,1644,"abjection, objectation, abjections, abjective, abjudicate, abjudicated, abjunctive, unabjective, adjacencies, adjection, adjectional, adjectitious"
contains_letters,contains_letters:knp,K と N と P をすべて含む単語,1637,"aeroplankton, agitpunkt, alkapton, nannoplankton, nanoplankton, plankton, planktont, alkaptone, alkaptonuria, alkaptonuric, alpenstock, alpenstocks"
contains_letters,contains_letters:ouw,O と U と W をすべて含む単語,1634,"aguilawood, aquashow, aquilawood, arrowbush, aswough, automower, awmous, backfurrow, barrowful, bawdyhouse, bawdyhouses, befurbelowed"
contains_letters,contains_letters:bkn,B と K と N をすべて含む単語,1632,"abkhasian, abnaki, acknowledgeable, akenbold, akenobeite, akrabattine, baikerinite, barkantine, barkentine, interbank, alkylbenzenesulfonate, alkylbenzenesulfonates"
contains_letters,contains_letters:cvy,C と V と Y をすべて含む単語,1629,"abstractively, serviceability, accessively, acclivity, calvity, vatically, accommodatively, accumulatively, cumulatively, accusatively, causatively, acervately"
contains_letters,contains_letters:bgm,B と G と M をすべて含む単語,1628,"abdominogenital, abdominovaginal, vaginoabdominal, abnormalising, mislaboring, abnormalizing, abominating, ambitioning, bombinating, abridgement, abridgment, abridgements"
contains_letters,contains_letters:cfm,C と F と M をすべて含む単語,1628,"acariform, aciform, arciform, cariform, coraciiform, formica, formicaria, acetabuliform, acinaciform, aciniform, aminoformic, cancriform"
contains_letters,contains_letters:lrx,L と R と X をすべて含む単語,1625,"acetylperoxide, admaxillary, midaxillary, alexander, alexandra, alexanders, relaxedness, alexandreid, alexandria, alexandrian, alexandrina, alexandrine"
contains_letters,contains_letters:ptx,P と T と X をすべて含む単語,1609,"acanthopanax, acetylperoxide, acetoxyphthalide, actinopraxis, alexipyretic, alloxyproteic, explicatory, amplexation, maxillopalatine, amplexicaudate, amplexifoliate, anaphylatoxin"
contains_letters,contains_letters:exy,E と X と Y をすべて含む単語,1606,"acetylperoxide, acetoxyl, acetoxyls, acetoxyphthalide, acyloxymethane, adenomyxoma, myxadenoma, adenomyxosarcoma, adnexopexy, alexipyretic, alloxyproteic, explicatory"
contains_letters,contains_letters:iux,I と U と X をすべて含む単語,1604,"aboideaux, aboiteaux, accusatrix, accusatrixes, adfluxion, adieux, exaudi, adjutrix, admixture, admixtures, affixture, fixature"
contains_letters,contains_letters:ijn,I と J と N をすべて含む単語,1603,"abjection, objectation, abjections, abjoint, jobation, abjudging, abjudicating, abjudication, abjunction, abjunctive, unabjective, abjuration"
contains_letters,contains_letters:abw,A と B と W をすべて含む単語,1601,"ablewhackets, ablow, ballow, balow, blowball, bowla, lowball, abow, abwab, baw, wab, abwatt"
contains_letters,contains_letters:cpv,C と P と V をすべて含む単語,1601,"acceptavit, acceptive, capacitative, capacitive, capitative, captivate, captivative, captive, pacative, accompletive, compellative, complicative"
contains_letters,contains_letters:awy,A と W と Y をすべて含む単語,1599,"acknowledgedly, advowry, airway, airwaybill, airwayman, airways, arrisways, airworthy, aywhere, hereaway, whereaway, alleyway"
contains_letters,contains_letters:ahv,A と H と V をすべて含む単語,1595,"achievability, achievable, achieve, chevachie, chiave, chichevache, chivachee, achieved, achievement, achievements, misachievement, achiever"
contains_letters,contains_letters:bfs,B と F と S をすべて含む単語,1588,"abfarads, absfarad, absorbefacient, sorbefacient, abuseful, suffusable, abusefully, abusefulness, balefulness, banefulness, unaffableness, unfeasable"
contains_letters,contains_letters:luz,L と U と Z をすべて含む単語,1588,"absolutization, insolubilization, solubilization, substantialization, subtilization, unsubstantialization, absolutize, acculturize, cuticularize, reactualize, acculturized, acculturizing"
contains_letters,contains_letters:aej,A と E と J をすべて含む単語,1587,"abadejo, jobade, abject, abjectedness, abjection, objectation, abjections, abjective, abjectly, abjectness, abjudge, abjudged"
contains_letters,contains_letters:cj,C と J をすべて含む単語,1587,"abject, abjectedness, abjection, objectation, abjections, abjective, abjectly, abjectness, abjudicate, abjudicated, abjudicating, abjudication"
contains_letters,contains_letters:bsv,B と S と V をすべて含む単語,1581,"abbreviates, abstersive, reabbreviates, vibrates, abbreviations, abortiveness, inobservant, inobservantness, inobservation, nonabortiveness, nonobservation, observantine"
contains_letters,contains_letters:ruz,R と U と Z をすべて含む単語,1581,"aburabozu, zaburro, acculturize, cuticularize, reactualize, acculturized, acculturizing, adulterize, ritualized, uralitized, albumeniizer, albumenizer"
contains_letters,contains_letters:bez,B と E と Z をすべて含む単語,1578,"abastardize, bastardize, bastardized, bastardizes, abaze, baze, bezazz, ezba, abiezer, arabize, barbarize, bizarre"
contains_letters,contains_letters:ejn,E と J と N をすべて含む単語,1575,"abjectedness, abjection, objectation, abjections, abjectness, abjunctive, unabjective, abjurement, adjacence, adjacency, adjacencies, adjacent"
contains_letters,contains_letters:alq,A と L と Q をすべて含む単語,1573,"ablaqueate, equatable, absquatulate, absquatulation, acquiescently, sesquicentennially, unacquiescently, acquiescingly, acquirability, acquirable, acquisible, acquisitional"
contains_letters,contains_letters:emx,E と M と X をすべて含む単語,1572,"acetoxim, acetoxime, toxaemic, toxicaemia, toxicemia, acyloxymethane, actinotoxemia, adenemphraxis, adenomyxoma, myxadenoma, adenomyxosarcoma, admixed"
contains_letters,contains_letters:clz,C と L と Z をすべて含む単語,1568,"acclimatizable, emblematicize, acclimatization, acclimatize, climatize, metallicize, acclimatized, declimatize, acclimatizer, reacclimatize, acclimatizes, acclimatizing"
contains_letters,contains_letters:dkl,D と K と L をすべて含む単語,1565,"acknowledge, acknowledged, acknowledgeable, acknowledgedly, acknowledgement, acknowledgment, nonacknowledgment, acknowledgements, acknowledgments, acknowledger, reacknowledge, reacknowledged"
contains_letters,contains_letters:mrz,M と R と Z をすべて含む単語,1557,"abnormalize, normalizable, abnormalized, modernizable, abnormalizing, acclimatizer, reacclimatize, achromatizable, achromatization, achromatize, chromatize, orthochromatize"
contains_letters,contains_letters:hlw,H と L と W をすべて含む単語,1556,"ablewhackets, afterwhile, ahluwalia, ahwal, walhalla, wallah, alewhap, allhallow, hallow, allhallows, hallows, shallow"
contains_letters,contains_letters:aky,A と K と Y をすべて含む単語,1555,"abkary, barkary, barky, braky, ackey, cakey, ackeys, acknowledgedly, ahantchuyuk, akey, akeley, lakey"
contains_letters,contains_letters:crw,C と R と W をすべて含む単語,1549,"acknowledger, reacknowledge, reacknowledged, acknowledgers, acrawl, crawl, aircraftswoman, aircraftswomen, aircraftwoman, aircrew, aircrewman, aircrewmen"
contains_letters,contains_letters:krw,K と R と W をすべて含む単語,1549,"acknowledger, reacknowledge, reacknowledged, acknowledgers, afterknowledge, afterwork, afterworking, allwork, wallwork, antiwarlike, arakawaite, tweakier"
contains_letters,contains_letters:aux,A と U と X をすべて含む単語,1546,"aboideaux, aboiteaux, accusatrix, accusatrixes, acrux, adfluxion, adieux, exaudi, adjutrix, admixture, admixtures, adoxaceous"
contains_letters,contains_letters:dtz,D と T と Z をすべて含む単語,1540,"abastardize, bastardize, bastardized, bastardizes, abolitionized, delabialization, nondiazotizable, academization, acclimatized, declimatize, acculturized, accustomized"
contains_letters,contains_letters:brw,B と R と W をすべて含む単語,1537,"afterblow, batfowler, airwaybill, answerability, answerable, answerableness, answerably, arborway, arrowbush, awardable, bladderweed, brawled"
contains_letters,contains_letters:biz,B と I と Z をすべて含む単語,1532,"abastardize, bastardize, bastardized, bastardizes, abiezer, arabize, barbarize, bizarre, bizarrerie, braize, brazier, rebarbarize"
contains_letters,contains_letters:cow,C と O と W をすべて含む単語,1522,"achomawi, acknow, acknown, acknowing, acknowledge, acknowledged, acknowledgeable, acknowledgedly, acknowledgement, acknowledgment, nonacknowledgment, acknowledgements"
contains_letters,contains_letters:grz,G と R と Z をすべて含む単語,1521,"abnormalizing, accessorizing, acculturizing, achromatizing, acronymizing, adfreezing, adrenalectomizing, advertizing, readvertizing, aerosolizing, aggrandizable, aggrandize"
contains_letters,contains_letters:bdp,B と D と P をすべて含む単語,1519,"abdominoposterior, abdominoscope, abdominoscopy, abruptedly, adaptability, adaptable, baldpate, baldpated, bedplate, depletable, depleteable, adaptableness"
contains_letters,contains_letters:imx,I と M と X をすべて含む単語,1517,"acetoxim, acetoxime, toxaemic, toxicaemia, toxicemia, actinomyxidia, actinomyxidiida, actinotoxemia, adenemphraxis, admaxillary, midaxillary, administratrix"
contains_letters,contains_letters:hkl,H と K と L をすべて含む単語,1510,"ablewhackets, agathokakological, ahepatokla, akhlame, akolouthia, akoluthia, aleknight, alkahest, alkahests, alkahestic, alkahestica, alkahestical"
contains_letters,contains_letters:lsx,L と S と X をすべて含む単語,1510,"acetoxyls, affluxes, aldohexose, alexanders, relaxedness, alexandrianism, alexandrines, alexas, axels, axles, alexias, alexis"
contains_letters,contains_letters:hsv,H と S と V をすべて含む単語,1504,"achievements, misachievement, achievers, archivers, archives, chivarees, achieves, adhesive, adhesives, adhesively, adhesivemeter, adhesiveness"
contains_letters,contains_letters:ckp,C と K と P をすべて含む単語,1501,"alkaptonuric, alpenstock, alpenstocks, alpenstocker, amphikaryotic, ankylopoietic, ankyloproctia, antiskeptic, panickiest, antiskeptical, skepticalness, antiskepticism"
contains_letters,contains_letters:npx,N と P と X をすべて含む単語,1495,"acanthopanax, actinopraxis, adenemphraxis, adnexopexy, alexipharmacon, amplexation, maxillopalatine, amplexicauline, anaphylatoxin, phylloxanthin, anaphylaxis, anaptyxes"
contains_letters,contains_letters:fhu,F と H と U をすべて含む単語,1494,"affrightful, affrightfully, aflush, aforethought, afterthought, thoroughfare, thoroughfarer, africanthropus, afterchurch, chaffcutter, feathercut, afterhours"
contains_letters,contains_letters:bft,B と F と T をすべて含む単語,1491,"abaft, aftaba, baft, bafta, abortifacient, birefraction, febricitation, refabrication, absorbefacient, sorbefacient, acetabuliferous, cobaltiferous"
contains_letters,contains_letters:bcg,B と C と G をすべて含む単語,1486,"abdicating, abducing, abducting, unabdicating, abencerrages, abiogenetic, cabotinage, geobotanic, iceboating, abiogenetical, biogenetical, geobotanical"
contains_letters,contains_letters:bgh,B と G と H をすべて含む単語,1486,"abashing, banishing, bashing, abeigh, abiegh, abhorring, harboring, abigailship, abolishing, abought, absinthiating, abthanage"
contains_letters,contains_letters:nqt,N と Q と T をすべて含む単語,1472,"absquatulation, aceanthrenequinone, equianchorate, acquaint, acquaintant, antiaquatic, quantic, unacquaint, unacquit, uniquantic, acquaintance, acquittance"
contains_letters,contains_letters:hov,H と O と V をすべて含む単語,1469,"advocateship, photodissociative, amphivorous, anarchoindividualist, anchoveta, anchovy, anchovies, schiavone, schiavones, aphidivorous, archgovernor, changeover"
contains_letters,contains_letters:ixy,I と X と Y をすべて含む単語,1469,"acetylperoxide, acetoxyphthalide, acroasphyxia, actinomyxidia, actinomyxidiida, admaxillary, midaxillary, alexipyretic, alloxyproteic, explicatory, ambidexterity, ambidextrously"
contains_letters,contains_letters:mrw,M と R と W をすべて含む単語,1469,"afterswarm, afterswarming, afterwisdom, aimworthiness, aircraftswoman, aircraftswomen, aircraftwoman, aircrewman, aircrewmen, airwayman, airwoman, rainworm"
contains_letters,contains_letters:axy,A と X と Y をすべて含む単語,1467,"acetylperoxide, acetoxyl, acetoxyls, acetoxyphthalide, acyloxy, acyloxymethane, acroasphyxia, acronyx, actinomyxidia, actinomyxidiida, acxoyatl, adenomyxoma"
contains_letters,contains_letters:tux,T と U と X をすべて含む単語,1467,"aboiteaux, accusatrix, accusatrixes, adjutrix, admixture, admixtures, affixture, fixature, ambidexterous, ambidextrous, ambidextrously, ambidextrousness"
contains_letters,contains_letters:ejr,E と J と R をすべて含む単語,1465,"abjure, abjurer, abjured, abjurement, abjurers, abjures, adjiger, adjoiner, adjourned, readjourn, readjourned, unadjourned"
contains_letters,contains_letters:btv,B と T と V をすべて含む単語,1458,"abbreviatable, avertible, irretrievable, liberative, retrievable, triverbal, triverbial, veritable, vertebrarterial, vibratile, abbreviate, aberrative"
contains_letters,contains_letters:gsw,G と S と W をすべて含む単語,1458,"acknowledgements, acknowledgments, acknowledgers, acknowledges, afterglows, afterswarming, agalwoods, agueweeds, airglows, anglewise, glaswegian, weanlings"
contains_letters,contains_letters:dix,D と I と X をすべて含む単語,1457,"aboideaux, acetylperoxide, acetoxyphthalide, achrodextrin, achroodextrin, achrodextrinase, achroodextrinase, dishexecontahedroid, actinomyxidia, actinomyxidiida, adaxial, diaxial"
contains_letters,contains_letters:kow,K と O と W をすべて含む単語,1456,"acknow, acknown, acknowing, acknowledge, acknowledged, acknowledgeable, acknowledgedly, acknowledgement, acknowledgment, nonacknowledgment, acknowledgements, acknowledgments"
contains_letters,contains_letters:npz,N と P と Z をすべて含む単語,1455,"acetylphenylhydrazine, alphabetization, benzophthalazine, alphabetizing, anabaptize, anabaptized, anabaptizing, baptizing, anacephalize, anapaganize, paeanizing, paganize"
contains_letters,contains_letters:ajn,A と J と N をすべて含む単語,1454,"abjectedness, abjection, objectation, abjections, abjectness, abjoint, jobation, abjudging, abjudicating, abjudication, abjunct, abjunction"
contains_letters,contains_letters:cnx,C と N と X をすべて含む単語,1454,"acanthopanax, achrodextrin, achroodextrin, achrodextrinase, achroodextrinase, dishexecontahedroid, acyloxymethane, acronyx, actinomyxidia, actinomyxidiida, actinopraxis, actinotoxemia"
contains_letters,contains_letters:crx,C と R と X をすべて含む単語,1454,"acarotoxic, acroataxia, accusatrix, accusatrixes, acetylperoxide, achrodextrin, achroodextrin, achrodextrinase, achroodextrinase, dishexecontahedroid, acroasphyxia, acronyx"
contains_letters,contains_letters:lpx,L と P と X をすべて含む単語,1454,"acetylperoxide, acetoxyphthalide, alexipharmacon, alexipharmacum, alexipharmic, alexipharmical, alexipyretic, alloxyproteic, explicatory, alpax, ampheclexis, amplex"
contains_letters,contains_letters:aij,A と I と J をすべて含む単語,1451,"abjection, objectation, abjections, abjective, abjoint, jobation, abjudging, abjudicate, abjudicated, abjudicating, abjudication, abjudicator"
contains_letters,contains_letters:ehx,E と H と X をすべて含む単語,1450,"acetoxyphthalide, achrodextrin, achroodextrin, achrodextrinase, achroodextrinase, dishexecontahedroid, acyloxymethane, adenemphraxis, aldohexose, alexipharmacon, alexipharmacum, alexipharmic"
contains_letters,contains_letters:iky,I と K と Y をすべて含む単語,1443,"akiyenik, alkalify, flakily, alkalifying, alkalimetry, martyrlike, alkalimetrically, alkalinity, analkalinity, alkatively, talkatively, alkylamine"
contains_letters,contains_letters:eju,E と J と U をすべて含む単語,1438,"abjudge, abjudged, abjudicate, abjudicated, abjugate, abjunctive, unabjective, abjure, abjurer, abjured, abjurement, abjurers"
contains_letters,contains_letters:klp,K と L と P をすべて含む単語,1434,"aeroplankton, ahepatokla, alkalurops, alkaphrah, alkapton, nannoplankton, nanoplankton, plankton, planktont, alkaptone, alkaptonuria, alkaptonuric"
contains_letters,contains_letters:nux,N と U と X をすべて含む単語,1433,"adfluxion, affluxion, fluxional, agneaux, axunge, ambidextrousness, unambidextrousness, amplexicauline, anauxite, annexure, anthoxanthum, antiauxin"
contains_letters,contains_letters:ptz,P と T と Z をすべて含む単語,1431,"acetylphenylhydrazine, allotropize, proletarize, alphabetization, benzophthalazine, alphabetize, alphabetized, alphabetizer, alphabetizers, alphabetizes, alphabetizing, alpheratz"
contains_letters,contains_letters:glz,G と L と Z をすべて含む単語,1427,"abnormalizing, abolitionizing, battologizing, globalization, acclimatizing, acculturizing, acetylizing, actualizing, adrenalectomizing, aerosolizing, agglutinize, aggrandizable"
contains_letters,contains_letters:ewy,E と W と Y をすべて含む単語,1425,"acknowledgedly, aywhere, hereaway, whereaway, alleyway, leeway, walleye, wellaway, alleyways, elseways, lawlessly, leeways"
contains_letters,contains_letters:kly,K と L と Y をすべて含む単語,1420,"acknowledgedly, akeley, lakey, leaky, alackaday, lackaday, alkalescency, alkalify, flakily, alkalifying, alkalimetry, martyrlike"
contains_letters,contains_letters:dhw,D と H と W をすべて含む単語,1417,"acheweed, chawed, adwesch, allhallowtide, hallowtide, andrewartha, enwreathed, netherward, wandreth, archsteward, scratchweed, archswindler"
contains_letters,contains_letters:efw,E と F と W をすべて含む単語,1414,"aflower, arrowleaf, earflower, flawflower, refallow, wallflower, aforeward, farrowed, foreward, forwarded, forwarder, reforward"
contains_letters,contains_letters:ahx,A と H と X をすべて含む単語,1413,"acanthopanax, acetoxyphthalide, achrodextrin, achroodextrin, achrodextrinase, achroodextrinase, dishexecontahedroid, acyloxymethane, acroasphyxia, adenemphraxis, adoxography, doxography"
contains_letters,contains_letters:psx,P と S と X をすべて含む単語,1408,"acroasphyxia, actinopraxis, adenemphraxis, adipopexis, apodeixis, dopaoxidase, ampheclexis, amphimixes, amphimixis, amphioxides, amphioxis, amphioxus"
contains_letters,contains_letters:ejt,E と J と T をすべて含む単語,1406,"abject, abjectedness, abjection, objectation, abjections, abjective, abjectly, abjectness, abjudicate, abjudicated, abjugate, abjunctive"
contains_letters,contains_letters:jl,J と L をすべて含む単語,1403,"abjectly, adjacently, adjectional, adjectival, adjectivally, adjectively, adjoinedly, adjournal, adjudgeable, judgeable, adjunctively, unadjunctively"
contains_letters,contains_letters:htz,H と T と Z をすべて含む単語,1400,"acethydrazide, acetylhydrazine, acetylphenylhydrazine, achromatizable, achromatization, achromatize, chromatize, orthochromatize, tracheotomize, achromatized, heterochromatized, tracheotomized"
contains_letters,contains_letters:prw,P と R と W をすべて含む単語,1397,"antwerp, enwrapt, prewarrant, applegrower, aprowl, archmugwump, arrowplate, pearlwort, potwaller, potwalloper, tatterwallop, asprawl"
contains_letters,contains_letters:hnz,H と N と Z をすべて含む単語,1394,"acetylhydrazine, acetylphenylhydrazine, achromatization, achromatizing, akhundzada, alchemizing, alcoholization, catholicization, alcoholizing, alphabetization, benzophthalazine, alphabetizing"
contains_letters,contains_letters:cfy,C と F と Y をすべて含む単語,1390,"acetify, efficacity, acetifying, acetylfluoride, acidify, acidifying, actify, caitifty, facticity, affectability, affectibility, beatifically"
contains_letters,contains_letters:bgy,B と G と Y をすべて含む単語,1389,"abidingly, dabblingly, abying, babying, baying, byganging, abiogenetically, biogenetically, congealability, geobotanically, abiogeny, abiology"
contains_letters,contains_letters:fiv,F と I と V をすべて含む単語,1388,"acriflavin, acriflavine, infraclavicle, adversifoliate, diversiflorate, diversifoliate, adversifolious, adviceful, affective, factitive, factive, vivificate"
contains_letters,contains_letters:glw,G と L と W をすべて含む単語,1387,"acknowledge, acknowledged, acknowledgeable, acknowledgedly, acknowledgement, acknowledgment, nonacknowledgment, acknowledgements, acknowledgments, acknowledger, reacknowledge, reacknowledged"
contains_letters,contains_letters:abz,A と B と Z をすべて含む単語,1385,"abastardize, bastardize, bastardized, bastardizes, abaze, baze, bezazz, ezba, abbozzo, bazoo, boza, abiezer"
contains_letters,contains_letters:amx,A と M と X をすべて含む単語,1384,"acetoxim, acetoxime, toxaemic, toxicaemia, toxicemia, acyloxymethane, actinomyxidia, actinomyxidiida, actinotoxemia, adenemphraxis, adenomyxoma, myxadenoma"
contains_letters,contains_letters:tuz,T と U と Z をすべて含む単語,1384,"absolutization, insolubilization, solubilization, substantialization, subtilization, unsubstantialization, absolutize, acculturize, cuticularize, reactualize, acculturized, acculturizing"
contains_letters,contains_letters:muv,M と U と V をすべて含む単語,1380,"accumulativ, accumulative, cumulative, mulctative, accumulatively, cumulatively, accumulativeness, cumulativeness, unaccumulativeness, unemasculative, acromioclavicular, adumbrative"
contains_letters,contains_letters:auw,A と U と W をすべて含む単語,1379,"adawlut, agueweed, agueweeds, aguilawood, ahluwalia, ahurewa, aquashow, aquilawood, archmugwump, arrowbush, aswough, automower"
contains_letters,contains_letters:hrz,H と R と Z をすべて含む単語,1379,"acethydrazide, acetylhydrazine, acetylphenylhydrazine, achromatizable, achromatization, achromatize, chromatize, orthochromatize, tracheotomize, achromatized, heterochromatized, tracheotomized"
contains_letters,contains_letters:sux,S と U と X をすべて含む単語,1374,"accusatrix, accusatrixes, admixtures, adoxaceous, affluxes, alexius, asexualise, ambidexterous, ambidextrous, ambidextrously, ambidextrousness, unambidextrousness"
contains_letters,contains_letters:frv,F と R と V をすべて含む単語,1373,"aboveproof, acriflavin, acriflavine, infraclavicle, adventureful, adversifoliate, diversiflorate, diversifoliate, adversifolious, affirmative, affirmatively, affirmativeness"
contains_letters,contains_letters:gkr,G と K と R をすべて含む単語,1371,"acknowledger, reacknowledge, reacknowledged, acknowledgers, afterking, afterknowledge, afterreckoning, afterworking, agkistrodon, aligreek, alkargen, angiokeratoma"
contains_letters,contains_letters:lxy,L と X と Y をすべて含む単語,1370,"acetylperoxide, acetoxyl, acetoxyls, acetoxyphthalide, acyloxy, acyloxymethane, acxoyatl, admaxillary, midaxillary, agalaxy, galaxy, alexipyretic"
contains_letters,contains_letters:guv,G と U と V をすべて含む単語,1369,"aboveground, acutograve, advantageous, advantageousness, nonadvantageous, nonadvantageousness, unadvantageous, unadvantageousness, advantageously, nonadvantageously, unadvantageously, adventuring"
contains_letters,contains_letters:dox,D と O と X をすべて含む単語,1368,"aboideaux, acetylperoxide, acetoxyphthalide, achrodextrin, achroodextrin, achrodextrinase, achroodextrinase, dishexecontahedroid, actinomyxidia, actinomyxidiida, adenomyxoma, myxadenoma"
contains_letters,contains_letters:psw,P と S と W をすべて含む単語,1366,"antipewism, asprawl, sprawl, sprawls, athwartship, athwartships, thwartship, thwartships, withspar, backswept, sweptback, backwraps"
contains_letters,contains_letters:cfp,C と F と P をすべて含む単語,1364,"acidproof, picofarad, adipoceriform, campodeiform, decapodiform, affenpinscher, africanthropus, afterclap, flattercap, platterface, aftercrop, poetcraft"
contains_letters,contains_letters:ejs,E と J と S をすべて含む単語,1361,"abjectedness, abjections, abjectness, abjurers, abjures, adjacencies, adjectitious, adjectives, adjectivitis, adjectivism, adjoiningness, adjournments"
contains_letters,contains_letters:ejo,E と J と O をすべて含む単語,1358,"abadejo, jobade, abjection, objectation, abjections, adjection, adjectional, adjectitious, adjoined, adjoinedly, adjoiner, adjoiningness"
contains_letters,contains_letters:hox,H と O と X をすべて含む単語,1358,"acanthopanax, acetoxyphthalide, achrodextrin, achroodextrin, achrodextrinase, achroodextrinase, dishexecontahedroid, acyloxymethane, acroasphyxia, adoxography, doxography, aldohexose"
contains_letters,contains_letters:mnw,M と N と W をすべて含む単語,1356,"acknowledgement, acknowledgment, nonacknowledgment, acknowledgements, acknowledgments, afterswarming, aimworthiness, aircraftswoman, aircraftswomen, aircraftwoman, aircrewman, aircrewmen"
contains_letters,contains_letters:klm,K と L と M をすべて含む単語,1354,"abelmosk, abelmosks, smokable, smokables, smokeable, abelmusk, acknowledgement, acknowledgment, nonacknowledgment, acknowledgements, acknowledgments, aftermilk"
contains_letters,contains_letters:iyz,I と Y と Z をすべて含む単語,1351,"acethydrazide, acetylaminobenzene, acetylbenzoic, acetylhydrazine, acetylizable, acetylization, enzootically, acetylize, acetylized, acetylizer, acetylizing, acetylphenylhydrazine"
contains_letters,contains_letters:msw,M と S と W をすべて含む単語,1345,"acknowledgements, acknowledgments, afterswarm, afterswarming, afterwisdom, aimworthiness, aircraftswoman, aircraftswomen, almswoman, almswomen, saleswoman, saleswomen"
contains_letters,contains_letters:suw,S と U と W をすべて含む単語,1345,"agueweeds, aquashow, arrowbush, aswough, awestruck, awfullest, sweatful, wasteful, awfulness, lawfullness, lawfulness, unawfulness"
contains_letters,contains_letters:cfh,C と F と H をすべて含む単語,1343,"achafe, chafe, afdecho, affenpinscher, affich, chiffchaff, affiche, affiches, affranchise, effranchise, enfranchise, enfranchiser"
contains_letters,contains_letters:ioq,I と O と Q をすべて含む単語,1343,"absquatulation, aceanthrenequinone, equianchorate, acequiador, acquisition, acquisitions, quasicontinuous, acquisitional, acquisitor, squattocratic, acquophonia, adequation"
contains_letters,contains_letters:ouz,O と U と Z をすべて含む単語,1335,"absolutization, insolubilization, solubilization, substantialization, subtilization, unsubstantialization, absolutize, aburabozu, zaburro, accustomize, accustomized, accustomizing"
contains_letters,contains_letters:qst,Q と S と T をすべて含む単語,1333,"absquatulate, absquatulation, acquaintances, acquiescent, inacquiescent, quittances, unacquiescent, acquaintanceship, acquaintanceships, acquaintedness, disacquaintance, equidistance"
contains_letters,contains_letters:jno,J と N と O をすべて含む単語,1329,"abjection, objectation, abjections, abjoint, jobation, abjudication, abjunction, abjuration, nonabjuration, objuration, abjurations, adjection"
contains_letters,contains_letters:gkl,G と K と L をすべて含む単語,1326,"acknowledge, acknowledged, acknowledgeable, acknowledgedly, acknowledgement, acknowledgment, nonacknowledgment, acknowledgements, acknowledgments, acknowledger, reacknowledge, reacknowledged"
contains_letters,contains_letters:rwy,R と W と Y をすべて含む単語,1315,"advowry, airway, airwaybill, airwayman, airways, arrisways, airworthy, aywhere, hereaway, whereaway, allworthy, anywhere"
contains_letters,contains_letters:dj,D と J をすべて含む単語,1309,"abadejo, jobade, abjectedness, abjudge, abjudged, abjudging, abjudicate, abjudicated, abjudicating, abjudication, abjudicator, abjured"
contains_letters,contains_letters:opw,O と P と W をすべて含む単語,1309,"alpenglow, applegrower, applewoman, applewood, paddlewood, walloped, aprowl, arrowplate, pearlwort, potwaller, potwalloper, tatterwallop"
contains_letters,contains_letters:fow,F と O と W をすべて含む単語,1308,"aardwolf, floorward, forwardal, waldorf, wolfward, aflow, fallow, aflower, arrowleaf, earflower, flawflower, refallow"
contains_letters,contains_letters:lwy,L と W と Y をすべて含む単語,1306,"acknowledgedly, airwaybill, alleyway, leeway, walleye, wellaway, alleyways, elseways, lawlessly, leeways, salwey, swayless"
contains_letters,contains_letters:blw,B と L と W をすべて含む単語,1304,"ablewhackets, ablow, ballow, balow, blowball, bowla, lowball, acknowledgeable, afterblow, batfowler, airwaybill, allowable"
contains_letters,contains_letters:gko,G と K と O をすべて含む単語,1303,"acknowing, acknowledge, acknowledged, acknowledgeable, acknowledgedly, acknowledgement, acknowledgment, nonacknowledgment, acknowledgements, acknowledgments, acknowledger, reacknowledge"
contains_letters,contains_letters:eoq,E と O と Q をすべて含む単語,1301,"aceanthrenequinone, equianchorate, acequiador, adequation, deaquation, inadequation, aequor, aequoreal, roquelaure, aequorin, aequorins, alcornoque"
contains_letters,contains_letters:dfm,D と F と M をすべて含む単語,1299,"adeniform, formamidine, inferomedian, maeandriniform, meandriniform, nereidiformia, adenofibroma, fibroadenoma, adenoliomyofibroma, adenomyofibroma, adiantiform, antadiform"
contains_letters,contains_letters:oux,O と U と X をすべて含む単語,1298,"aboideaux, aboiteaux, adfluxion, adoxaceous, affluxion, fluxional, alloxuraemia, alloxuremia, alloxuric, oxaluric, uxorilocal, ambidexterous"
contains_letters,contains_letters:cq,C と Q をすべて含む単語,1296,"aceanthrenequinone, equianchorate, acequia, cacique, caique, acequiador, acequias, acquiesce, acquiesces, caciques, caiques, cassique"
contains_letters,contains_letters:mox,M と O と X をすべて含む単語,1295,"acetoxim, acetoxime, toxaemic, toxicaemia, toxicemia, acyloxymethane, actinomyxidia, actinomyxidiida, actinotoxemia, adenomyxoma, myxadenoma, adenomyxosarcoma"
contains_letters,contains_letters:cqu,C と Q と U をすべて含む単語,1291,"aceanthrenequinone, equianchorate, acequia, cacique, caique, acequiador, acequias, acquiesce, acquiesces, caciques, caiques, cassique"
contains_letters,contains_letters:gks,G と K と S をすべて含む単語,1287,"acknowledgements, acknowledgments, acknowledgers, acknowledges, agkistrodon, alkaligenous, kaligenous, alkalinising, alkalising, galligaskin, galligaskins, lakings"
contains_letters,contains_letters:ikw,I と K と W をすべて含む単語,1286,"acknowing, acknowledging, afterworking, akawai, awikiwiki, kaikawaka, kaiwi, kawika, kiwai, waik, wakiki, akwapim"
contains_letters,contains_letters:csw,C と S と W をすべて含む単語,1285,"ablewhackets, acknowledgements, acknowledgments, acknowledgers, acknowledges, advowsance, adwesch, aircraftswoman, aircraftswomen, aircrews, airscrew, airscrews"
contains_letters,contains_letters:txy,T と X と Y をすべて含む単語,1281,"acetylperoxide, acetoxyl, acetoxyls, acetoxyphthalide, acyloxymethane, actinomyxidia, actinomyxidiida, acxoyatl, alexipyretic, alloxyproteic, explicatory, ambidexterity"
contains_letters,contains_letters:jnu,J と N と U をすべて含む単語,1279,"abjudging, abjudicating, abjudication, abjunct, abjunction, abjunctive, unabjective, abjuration, nonabjuration, objuration, abjurations, abjurement"
contains_letters,contains_letters:kmt,K と M と T をすべて含む単語,1278,"acknowledgement, acknowledgment, nonacknowledgment, acknowledgements, acknowledgments, aftermark, aftermarket, aftermilk, akamatsu, makutas, muskat, akmite"
contains_letters,contains_letters:dq,D と Q をすべて含む単語,1273,"acequiador, acquainted, unacquainted, unacquitted, acquaintedness, disacquaintance, equidistance, unacquaintedness, unacquittedness, acquiesced, adequacies, acquired"
contains_letters,contains_letters:apw,A と P と W をすべて含む単語,1265,"akwapim, alewhap, alpenglow, antipewism, antwerp, enwrapt, prewarrant, applegrower, applewife, applewoman, applewood, paddlewood"
contains_letters,contains_letters:lux,L と U と X をすべて含む単語,1263,"adfluxion, afflux, faulx, affluxes, affluxion, fluxional, alexipharmacum, alexius, asexualise, alloxuraemia, alloxuremia, alloxuric"
contains_letters,contains_letters:bkt,B と K と T をすべて含む単語,1261,"ablewhackets, abococket, absarokite, strikeboat, akenobeite, akrabattine, baikerinite, barkantine, barkentine, interbank, aktiebolag, alkylbenzenesulfonate"
contains_letters,contains_letters:oyz,O と Y と Z をすべて含む単語,1255,"acetylaminobenzene, acetylbenzoate, acetylbenzoic, acetylcarbazole, electrolyzable, acetylization, enzootically, acylamidobenzene, acronymize, acronymized, acronymizing, agonizedly"
contains_letters,contains_letters:buv,B と U と V をすべて含む単語,1253,"abbreviature, attributive, breviature, aberduvine, abevacuation, abjunctive, unabjective, abluvion, aboveground, abreuvoir, absolutive, abusive"
contains_letters,contains_letters:dqu,D と Q と U をすべて含む単語,1253,"acequiador, acquainted, unacquainted, unacquitted, acquaintedness, disacquaintance, equidistance, unacquaintedness, unacquittedness, acquiesced, adequacies, acquired"
contains_letters,contains_letters:eyz,E と Y と Z をすべて含む単語,1248,"acethydrazide, acetylaminobenzene, acetylbenzene, acetylbenzoate, acetylbenzoic, acetylcarbazole, electrolyzable, acetylhydrazine, acetylizable, acetylization, enzootically, acetylize"
contains_letters,contains_letters:qrt,Q と R と T をすべて含む単語,1248,"aceanthrenequinone, equianchorate, acquirability, acquirement, acquirements, acquisitor, squattocratic, acquitter, caqueterie, aminoanthraquinone, anthradiquinone, anthrahydroquinone"
contains_letters,contains_letters:tuw,T と U と W をすべて含む単語,1247,"adawlut, automower, awaruite, awestruck, awfullest, sweatful, wasteful, awunctive, bawsunt, bewitchful, bewrought, blowout"
contains_letters,contains_letters:nqs,N と Q と S をすべて含む単語,1246,"absquatulation, acquaintances, acquiescent, inacquiescent, quittances, unacquiescent, acquaintanceship, acquaintanceships, acquaintedness, disacquaintance, equidistance, unacquaintedness"
contains_letters,contains_letters:rux,R と U と X をすべて含む単語,1245,"accusatrix, accusatrixes, acrux, adjutrix, admixture, admixtures, affixture, fixature, affreux, alexipharmacum, alloxuraemia, alloxuremia"
contains_letters,contains_letters:gtz,G と T と Z をすべて含む単語,1239,"abolitionizing, battologizing, globalization, acclimatizing, acculturizing, accustomizing, acetylizing, achromatizing, actionizing, agnotozoic, cognizant, incognizant"
contains_letters,contains_letters:imw,I と M と W をすべて含む単語,1232,"achomawi, afterswarming, afterwisdom, aimworthiness, aircraftswoman, aircraftswomen, aircraftwoman, aircrewman, aircrewmen, airwayman, airwoman, rainworm"
contains_letters,contains_letters:lpz,L と P と Z をすべて含む単語,1231,"acetylphenylhydrazine, alephzero, allotropize, proletarize, alphabetization, benzophthalazine, alphabetize, alphabetized, alphabetizer, alphabetizers, alphabetizes, alphabetizing"
contains_letters,contains_letters:adx,A と D と X をすべて含む単語,1228,"aboideaux, acetylperoxide, acetoxyphthalide, achrodextrin, achroodextrin, achrodextrinase, achroodextrinase, dishexecontahedroid, actinomyxidia, actinomyxidiida, adaxial, diaxial"
contains_letters,contains_letters:ijt,I と J と T をすべて含む単語,1228,"abjection, objectation, abjections, abjective, abjoint, jobation, abjudicate, abjudicated, abjudicating, abjudication, abjudicator, abjunction"
contains_letters,contains_letters:clx,C と L と X をすべて含む単語,1226,"acetylperoxide, acetoxyl, acetoxyls, acetoxyphthalide, acyloxy, acyloxymethane, acxoyatl, alexic, lexica, lexical, lexicalic, alexinic"
contains_letters,contains_letters:qrs,Q と R と S をすべて含む単語,1225,"acquiescer, acquirers, acquires, carquaise, reacquires, acquirements, acquisitor, squattocratic, aequorins, alhambresque, antimasquer, equestrianism"
contains_letters,contains_letters:fov,F と O と V をすべて含む単語,1222,"aboveproof, adversifoliate, diversiflorate, diversifoliate, adversifolious, afformative, efformative, formative, overaffirmative, reformative, affrontive, nonfavorite"
contains_letters,contains_letters:ijo,I と J と O をすべて含む単語,1222,"abjection, objectation, abjections, abjoint, jobation, abjudication, abjudicator, abjunction, abjuration, nonabjuration, objuration, abjurations"
contains_letters,contains_letters:frw,F と R と W をすべて含む単語,1221,"aardwolf, floorward, forwardal, waldorf, wolfward, aflower, arrowleaf, earflower, flawflower, refallow, wallflower, aforeward"
contains_letters,contains_letters:kry,K と R と Y をすべて含む単語,1221,"abkary, barkary, barky, braky, alkalimetry, martyrlike, alkalimetrically, alkalometry, alkylarylsulfonate, ampherotoky, amphikaryon, amphikaryotic"
contains_letters,contains_letters:ksy,K と S と Y をすべて含む単語,1221,"ackeys, alkalescency, alkyds, alkylarylsulfonate, alkylates, eyestalk, eyestalks, katalyses, skeletally, alkylbenzenesulfonate, alkylbenzenesulfonates, alkyls"
contains_letters,contains_letters:iju,I と J と U をすべて含む単語,1214,"abjudging, abjudicate, abjudicated, abjudicating, abjudication, abjudicator, abjunction, abjunctive, unabjective, abjuration, nonabjuration, objuration"
contains_letters,contains_letters:ajr,A と J と R をすべて含む単語,1209,"abatjour, abatjours, abjudicator, abjuration, nonabjuration, objuration, abjurations, abjuratory, abjure, abjurer, abjured, abjurement"
contains_letters,contains_letters:aju,A と J と U をすべて含む単語,1208,"abatjour, abatjours, abjudge, abjudged, abjudging, abjudicate, abjudicated, abjudicating, abjudication, abjudicator, abjugate, abjunct"
contains_letters,contains_letters:bx,B と X をすべて含む単語,1207,"abacaxi, abaxial, biaxal, biaxial, abaxile, exilable, aboideaux, aboiteaux, abox, abrasax, abraxas, affixable"
contains_letters,contains_letters:hix,H と I と X をすべて含む単語,1205,"acetoxyphthalide, achrodextrin, achroodextrin, achrodextrinase, achroodextrinase, dishexecontahedroid, acroasphyxia, adenemphraxis, alexipharmacon, alexipharmacum, alexipharmic, alexipharmical"
contains_letters,contains_letters:bsw,B と S と W をすべて含む単語,1202,"ablewhackets, abwatts, allowableness, answerability, answerable, answerableness, answerably, arrowbush, assemblywoman, assemblywomen, avowableness, bachelorwise"
contains_letters,contains_letters:luw,L と U と W をすべて含む単語,1197,"adawlut, aguilawood, ahluwalia, aquilawood, awful, flawful, fulwa, lawful, wallful, awfuller, wareful, awfullest"
contains_letters,contains_letters:ksw,K と S と W をすべて含む単語,1196,"ablewhackets, acknowledgements, acknowledgments, acknowledgers, acknowledges, alikewise, sawlike, weasellike, anticlockwise, archworkmaster, arkansawyer, artworks"
contains_letters,contains_letters:lmz,L と M と Z をすべて含む単語,1193,"abnormalize, normalizable, abnormalized, modernizable, abnormalizing, acclimatizable, emblematicize, acclimatization, acclimatize, climatize, metallicize, acclimatized"
contains_letters,contains_letters:kny,K と N と Y をすべて含む単語,1191,"acknowledgedly, ahantchuyuk, akhyana, hanky, akiyenik, alkalescency, alkalifying, alkalinity, analkalinity, alkenyl, alkylene, alkyne"
contains_letters,contains_letters:ipw,I と P と W をすべて含む単語,1190,"akwapim, antipewism, applewife, athwartship, athwartships, thwartship, thwartships, withspar, awapuhi, bashawship, bawdship, bedfellowship"
contains_letters,contains_letters:kpt,K と P と T をすべて含む単語,1183,"aeroplankton, afterpeak, agitpunkt, ahepatokla, alkapton, nannoplankton, nanoplankton, plankton, planktont, alkaptone, alkaptonuria, alkaptonuric"
contains_letters,contains_letters:koy,K と O と Y をすべて含む単語,1182,"acknowledgedly, alkalometry, alkylamino, alkylarylsulfonate, alkylation, ankylotia, alkylbenzenesulfonate, alkylbenzenesulfonates, alkylogen, alkylol, yakalo, alkyloxy"
contains_letters,contains_letters:bku,B と K と U をすべて含む単語,1181,"abelmusk, aboudikro, alkylbenzenesulfonate, alkylbenzenesulfonates, ambushlike, anukabiet, babushka, babushkas, bacchuslike, backcountry, backcourt, backcourtman"
contains_letters,contains_letters:ciw,C と I と W をすべて含む単語,1179,"achomawi, acknowing, acknowledging, aircraftswoman, aircraftswomen, aircraftwoman, aircrew, aircrewman, aircrewmen, aircrews, airscrew, airscrews"
contains_letters,contains_letters:dku,D と K と U をすべて含む単語,1176,"aboudikro, adultlike, adusk, akhund, dhanuk, akhundzada, akmudar, akmuddar, akund, antiduke, archduke, archdukedom"
contains_letters,contains_letters:ajo,A と J と O をすべて含む単語,1173,"abadejo, jobade, abatjour, abatjours, abjection, objectation, abjections, abjoint, jobation, abjudication, abjudicator, abjunction"
contains_letters,contains_letters:suz,S と U と Z をすべて含む単語,1172,"absolutization, insolubilization, solubilization, substantialization, subtilization, unsubstantialization, absolutize, accustomize, accustomized, accustomizing, actualizes, aizoaceous"
contains_letters,contains_letters:ckm,C と K と M をすべて含む単語,1170,"ackman, ackmen, acknowledgement, acknowledgment, nonacknowledgment, acknowledgements, acknowledgments, akhmimic, kamachi, kamichi, alarmclock, armlock"
contains_letters,contains_letters:gtw,G と T と W をすべて含む単語,1169,"acknowledgement, acknowledgment, nonacknowledgment, acknowledgements, acknowledgments, afterglow, afterglows, aftergrowth, afterknowledge, afterswarming, afterworking, agateware"
contains_letters,contains_letters:ijs,I と J と S をすべて含む単語,1168,"abjections, abjurations, adjacencies, adjectitious, adjectives, adjectivitis, adjectivism, adjoiningness, adjoins, adjoints, adjudicates, adjudications"
contains_letters,contains_letters:duw,D と U と W をすべて含む単語,1166,"adawlut, agueweed, agueweeds, aguilawood, aquilawood, bawdyhouse, bawdyhouses, befurbelowed, furbelowed, belowground, blueweed, bullweed"
contains_letters,contains_letters:cmv,C と M と V をすべて含む単語,1157,"abdominovesical, vesicoabdominal, accommodative, accommodatively, accommodativeness, accompletive, compellative, complicative, accumulativ, accumulative, cumulative, mulctative"
contains_letters,contains_letters:hnv,H と N と V をすべて含む単語,1157,"achievement, achievements, misachievement, achieving, adhesiveness, disheaven, evanished, inadhesive, vanished, advehent, adventureship, adventurish"
contains_letters,contains_letters:flw,F と L と W をすべて含む単語,1155,"aardwolf, floorward, forwardal, waldorf, wolfward, aflow, fallow, aflower, arrowleaf, earflower, flawflower, refallow"
contains_letters,contains_letters:ajt,A と J と T をすべて含む単語,1154,"abatjour, abatjours, abject, abjectedness, abjection, objectation, abjections, abjective, abjectly, abjectness, abjoint, jobation"
contains_letters,contains_letters:rxy,R と X と Y をすべて含む単語,1149,"acetylperoxide, acroasphyxia, acronyx, adenomyxosarcoma, admaxillary, midaxillary, adoxography, doxography, alexipyretic, alloxyproteic, explicatory, ambidexterity"
contains_letters,contains_letters:knw,K と N と W をすべて含む単語,1144,"acknew, wacken, acknow, acknown, acknowing, acknowledge, acknowledged, acknowledgeable, acknowledgedly, acknowledgement, acknowledgment, nonacknowledgment"
contains_letters,contains_letters:efk,E と F と K をすべて含む単語,1143,"afikomen, aflicker, farcelike, afrikander, afrikanderdom, afrikanderism, afrikaner, frankenia, afterattack, crakefeet, afterdeck, afterdecks"
contains_letters,contains_letters:gx,G と X をすべて含む単語,1139,"admixing, adoxography, doxography, affixing, faxing, agalaxy, galaxy, agalaxia, agitatrix, agneaux, axunge, anaxagorean"
contains_letters,contains_letters:biw,B と I と W をすべて含む単語,1136,"airwaybill, angwantibo, answerability, awabi, biwa, wabi, awmbrie, bachelorwise, backflowing, backswimmer, backswing, swingback"
contains_letters,contains_letters:hku,H と K と U をすべて含む単語,1129,"ahantchuyuk, aikuchi, kuichua, akhund, dhanuk, akhundzada, akolouthia, akoluthia, ambushlike, ampherotokous, amphitokous, anakoluthia"
contains_letters,contains_letters:lnq,L と N と Q をすべて含む単語,1123,"absquatulation, acquiescently, sesquicentennially, unacquiescently, acquiescingly, acquisitional, alcornoque, alfaquin, alfaquins, algonquian, algonquin, algonquians"
contains_letters,contains_letters:dfg,D と F と G をすべて含む単語,1122,"acidifying, adfreezing, adsignify, adsignification, affording, fanfaronading, affrighted, affrightedly, affusedaffusing, unfadingness, afgod, afterdischarge"
contains_letters,contains_letters:dpv,D と P と V をすべて含む単語,1122,"adaptative, adaptive, adaptively, adaptiveness, dispensative, adaptivity, pavidity, vapidity, adoptative, adoptive, videotape, videotaped"
contains_letters,contains_letters:jtu,J と T と U をすべて含む単語,1122,"abatjour, abatjours, abjudicate, abjudicated, abjudicating, abjudication, abjudicator, abjugate, abjunct, abjunction, abjunctive, unabjective"
contains_letters,contains_letters:bnz,B と N と Z をすべて含む単語,1110,"abnormalize, normalizable, abnormalized, modernizable, abnormalizing, abolitionize, abolitionized, delabialization, nondiazotizable, abolitionizing, battologizing, globalization"
contains_letters,contains_letters:jnt,J と N と T をすべて含む単語,1106,"abjectedness, abjection, objectation, abjections, abjectness, abjoint, jobation, abjudicating, abjudication, abjunct, abjunction, abjunctive"
contains_letters,contains_letters:htx,H と T と X をすべて含む単語,1105,"acanthopanax, acetoxyphthalide, achrodextrin, achroodextrin, achrodextrinase, achroodextrinase, dishexecontahedroid, acyloxymethane, anaphylatoxin, phylloxanthin, anthelix, antihelix"
contains_letters,contains_letters:nqr,N と Q と R をすべて含む単語,1105,"aceanthrenequinone, equianchorate, acquirement, acquirements, acquirenda, unacquired, acquiring, aequorin, aequorins, alcornoque, aminoanthraquinone, andromaque"
contains_letters,contains_letters:cgk,C と G と K をすべて含む単語,1098,"acknowing, acknowledge, acknowledged, acknowledgeable, acknowledgedly, acknowledgement, acknowledgment, nonacknowledgment, acknowledgements, acknowledgments, acknowledger, reacknowledge"
contains_letters,contains_letters:iuw,I と U と W をすべて含む単語,1098,"aguilawood, ahluwalia, aquilawood, awapuhi, awaruite, awunctive, bewitchful, bluewing, boroughwide, bowieful, braunschweiger, browningesque"
contains_letters,contains_letters:nxy,N と X と Y をすべて含む単語,1096,"acyloxymethane, acronyx, actinomyxidia, actinomyxidiida, adenomyxoma, myxadenoma, adenomyxosarcoma, adnexopexy, amylodextrin, aminoxylol, anaphylatoxin, phylloxanthin"
contains_letters,contains_letters:ayz,A と Y と Z をすべて含む単語,1095,"acethydrazide, acetylaminobenzene, acetylbenzene, acetylbenzoate, acetylbenzoic, acetylcarbazole, electrolyzable, acetylhydrazine, acetylizable, acetylization, enzootically, acetylize"
contains_letters,contains_letters:csz,C と S と Z をすべて含む単語,1094,"accessorize, accessorized, accessorizing, acclimatizes, accustomize, accustomized, accustomizing, actualizes, aestheticize, catechizes, chastize, aizoaceous"
contains_letters,contains_letters:chw,C と H と W をすべて含む単語,1090,"ablewhackets, acheweed, chawed, achomawi, adwesch, anchorwise, angletwitch, angwich, chawing, chinwag, anywhence, archcrown"
contains_letters,contains_letters:pvy,P と V と Y をすべて含む単語,1088,"absorptively, absorptivity, adaptively, adaptivity, pavidity, vapidity, adoptively, adsorptively, anticipatively, antiexpressively, antihypertensive, antihypertensives"
contains_letters,contains_letters:dfy,D と F と Y をすべて含む単語,1086,"acetylfluoride, acidify, acidifying, adenoliomyofibroma, adenomyofibroma, adsignify, aefaldy, deafly, fadedly, flayed, affectedly, affidavy"
contains_letters,contains_letters:mtx,M と T と X をすべて含む単語,1082,"acetoxim, acetoxime, toxaemic, toxicaemia, toxicemia, acyloxymethane, actinomyxidia, actinomyxidiida, actinotoxemia, administratrix, admixt, admixtion"
contains_letters,contains_letters:bnw,B と N と W をすべて含む単語,1080,"acknowledgeable, allowableness, angwantibo, answerability, answerable, answerableness, answerably, assemblywoman, assemblywomen, avowableness, awakenable, aweband"
contains_letters,contains_letters:ajs,A と J と S をすべて含む単語,1076,"abatjours, abjectedness, abjections, abjectness, abjurations, abjurers, abjures, acajous, adjacencies, adjectitious, adjectives, adjectivitis"
contains_letters,contains_letters:owy,O と W と Y をすべて含む単語,1060,"acknowledgedly, advowry, airworthy, allowably, allowedly, allworthy, anyhow, arborway, armyworm, marrowy, armyworms, arrowy"
contains_letters,contains_letters:blz,B と L と Z をすべて含む単語,1058,"ablaze, ableeze, bezaleel, blaze, abnormalize, normalizable, abnormalized, modernizable, abnormalizing, abolitionize, abolitionized, delabialization"
contains_letters,contains_letters:psz,P と S と Z をすべて含む単語,1057,"alphabetizers, alphabetizes, antisepticize, antisepticized, antisepticizing, asepticizing, antiseptize, peasantize, sapientize, antistrophize, rephosphorization, apaesthetize"
contains_letters,contains_letters:csx,C と S と X をすべて含む単語,1056,"accusatrix, accusatrixes, acetoxyls, achrodextrinase, achroodextrinase, dishexecontahedroid, acroasphyxia, actinopraxis, adenomyxosarcoma, adoxaceous, ampheclexis, anorexics"
contains_letters,contains_letters:ijr,I と J と R をすべて含む単語,1051,"abjudicator, abjuration, nonabjuration, objuration, abjurations, abjuring, adjiger, adjoiner, adjourning, jaguarondi, adjudicator, coadjudicator"
contains_letters,contains_letters:dnx,D と N と X をすべて含む単語,1046,"achrodextrin, achroodextrin, achrodextrinase, achroodextrinase, dishexecontahedroid, actinomyxidia, actinomyxidiida, adenemphraxis, adenomyxoma, myxadenoma, adenomyxosarcoma, adfluxion"
contains_letters,contains_letters:jsu,J と S と U をすべて含む単語,1045,"abatjours, abjurations, abjurers, abjures, acajous, adjectitious, adjournments, juramentados, readjournments, adjourns, adjoust, adjudges"
contains_letters,contains_letters:cej,C と E と J をすべて含む単語,1044,"abject, abjectedness, abjection, objectation, abjections, abjective, abjectly, abjectness, abjudicate, abjudicated, abjunctive, unabjective"
contains_letters,contains_letters:jot,J と O と T をすべて含む単語,1041,"abatjour, abatjours, abjection, objectation, abjections, abjoint, jobation, abjudication, abjudicator, abjunction, abjuration, nonabjuration"
contains_letters,contains_letters:noq,N と O と Q をすべて含む単語,1041,"absquatulation, aceanthrenequinone, equianchorate, acquisition, acquisitions, quasicontinuous, acquisitional, acquophonia, adequation, deaquation, inadequation, aequorin"
contains_letters,contains_letters:oqt,O と Q と T をすべて含む単語,1040,"absquatulation, aceanthrenequinone, equianchorate, acquisition, acquisitions, quasicontinuous, acquisitional, acquisitor, squattocratic, adequation, deaquation, inadequation"
contains_letters,contains_letters:msz,M と S と Z をすべて含む単語,1039,"acclimatizes, accustomize, accustomized, accustomizing, aggrandizements, disanagrammatize, aluminizes, amazedness, mazedness, amazers, mazers, amazes"
contains_letters,contains_letters:drx,D と R と X をすべて含む単語,1037,"acetylperoxide, achrodextrin, achroodextrin, achrodextrinase, achroodextrinase, dishexecontahedroid, adenemphraxis, adenomyxosarcoma, adjutrix, admaxillary, midaxillary, administratrix"
contains_letters,contains_letters:dfh,D と F と H をすべて含む単語,1036,"adderfish, adhafera, afdecho, affranchised, archfiends, diffranchise, disenfranchise, disenfranchised, disenfranchises, disfranchise, disfranchised, disfranchiser"
contains_letters,contains_letters:cnw,C と N と W をすべて含む単語,1032,"acknew, wacken, acknow, acknown, acknowing, acknowledge, acknowledged, acknowledgeable, acknowledgedly, acknowledgement, acknowledgment, nonacknowledgment"
contains_letters,contains_letters:jor,J と O と R をすべて含む単語,1032,"abatjour, abatjours, abjudicator, abjuration, nonabjuration, objuration, abjurations, abjuratory, adjoiner, adjourn, adjournal, adjourned"
contains_letters,contains_letters:htv,H と T と V をすべて含む単語,1030,"achievability, achievement, achievements, misachievement, achterveld, adhesivemeter, advehent, adventureship, adventurish, advocateship, photodissociative, aftershave"
contains_letters,contains_letters:dsz,D と S と Z をすべて含む単語,1029,"abastardize, bastardize, bastardized, bastardizes, accessorized, accustomized, advertizes, adzes, dazes, adzooks, aerosolized, solarized"
contains_letters,contains_letters:dtx,D と T と X をすべて含む単語,1028,"acetylperoxide, acetoxyphthalide, achrodextrin, achroodextrin, achrodextrinase, achroodextrinase, dishexecontahedroid, actinomyxidia, actinomyxidiida, adjutrix, administratrix, admixt"
contains_letters,contains_letters:iwy,I と W と Y をすべて含む単語,1026,"airway, airwaybill, airwayman, airways, arrisways, airworthy, anywhither, anywither, anywise, yawniness, answerability, answeringly"
contains_letters,contains_letters:cky,C と K と Y をすべて含む単語,1021,"ackey, cakey, ackeys, acknowledgedly, ahantchuyuk, alackaday, lackaday, alkalescency, alkalimetrically, alkylic, lilacky, amphikaryotic"
contains_letters,contains_letters:aoq,A と O と Q をすべて含む単語,1019,"absquatulation, aceanthrenequinone, equianchorate, acequiador, acquisition, acquisitions, quasicontinuous, acquisitional, acquisitor, squattocratic, acquophonia, adequation"
contains_letters,contains_letters:lqs,L と Q と S をすべて含む単語,1015,"absquatulate, absquatulation, acquiescently, sesquicentennially, unacquiescently, acquiescingly, acquisible, acquisitional, acquisitively, acquittals, aiguillesque, squillagee"
contains_letters,contains_letters:cfg,C と F と G をすべて含む単語,1012,"acetifying, acidifying, adsignification, afacing, affiancing, facing, fiancing, financing, affecting, faceting, facetting, affectingly"
contains_letters,contains_letters:fgy,F と G と Y をすべて含む単語,1008,"acetifying, acidifying, adsignify, aerifying, rarefying, affectingly, affying, faying, yaffing, affirmingly, afflictingly, lactifying"
contains_letters,contains_letters:ctw,C と T と W をすべて含む単語,1005,"ablewhackets, acknowledgement, acknowledgment, nonacknowledgment, acknowledgements, acknowledgments, aircraftswoman, aircraftswomen, aircraftwoman, angletwitch, anticlockwise, archsteward"
contains_letters,contains_letters:hsz,H と S と Z をすべて含む単語,1005,"aestheticize, catechizes, chastize, alphabetizers, alphabetizes, anaesthetization, anesthetization, hoatzines, zonaesthesia, zonesthesia, anaesthetize, anesthetize"
contains_letters,contains_letters:vw,V と W をすべて含む単語,1001,"aardwolves, advowee, avowed, advowry, advowsance, advowson, advowsons, aeroview, airview, airwave, waiver, wavier"
contains_letters,contains_letters:nyz,N と Y と Z をすべて含む単語,1000,"acetylaminobenzene, acetylbenzene, acetylbenzoate, acetylbenzoic, acetylhydrazine, acetylization, enzootically, acetylizing, acetylphenylhydrazine, acylamidobenzene, acronymize, acronymized"
contains_sequence,contains_sequence:er,ER を含む単語,63834,"abacterial, abaiser, abampere, abamperes, abandoner, abandoners, abaser, abasers, abater, abaters, abderian, abderite"
contains_sequence,contains_sequence:in,IN を含む単語,57580,"aahing, abacinate, abacination, abactinal, abactinally, abalienating, abandoning, abashing, abasing, abassin, abating, abbreviating"
contains_sequence,contains_sequence:ti,TI を含む単語,46940,"aaronitic, abacination, abactinal, abactinally, abaction, abalation, abalienating, abalienation, abannition, abaptiston, abaptistum, abarticular"
contains_sequence,contains_sequence:es,ES を含む単語,44843,"aardwolves, abacuses, abalones, abamperes, abantes, abasedness, abases, abashedness, abashes, abashless, abashlessly, abates"
contains_sequence,contains_sequence:on,ON を含む単語,44235,"aaron, aaronic, aaronical, aaronite, aaronitic, abacination, abaction, abaddon, abalation, abalienation, abalone, abalones"
contains_sequence,contains_sequence:te,TE を含む単語,42908,"aaronite, abacate, abacinate, abacterial, abadite, abalienate, abalienated, abantes, abate, abated, abatement, abatements"
contains_sequence,contains_sequence:at,AT を含む単語,41170,"abacate, abacinate, abacination, abalation, abalienate, abalienated, abalienating, abalienation, abarticulation, abatable, abatage, abate"
contains_sequence,contains_sequence:al,AL を含む単語,39606,"aal, aalii, aaliis, aals, aaronical, abacterial, abactinal, abactinally, abalation, abalienate, abalienated, abalienating"
contains_sequence,contains_sequence:an,AN を含む単語,38714,"aani, abaisance, aband, abandon, abandonable, abandoned, abandonedly, abandonee, abandoner, abandoners, abandoning, abandonment"
contains_sequence,contains_sequence:re,RE を含む単語,38384,"abampere, abamperes, abature, abbrev, abbreviatable, abbreviate, abbreviated, abbreviately, abbreviates, abbreviating, abbreviation, abbreviations"
contains_sequence,contains_sequence:en,EN を含む単語,36734,"abadengo, abalienate, abalienated, abalienating, abalienation, abandonment, abandonments, abasement, abasements, abashment, abashments, abatement"
contains_sequence,contains_sequence:is,IS を含む単語,35682,"aaliis, abacisci, abaciscus, abacist, abaisance, abaised, abaiser, abaisse, abaissed, abaptiston, abaptistum, abaris"
contains_sequence,contains_sequence:ic,IC を含む単語,35108,"aaronic, aaronical, aaronitic, abanic, abapical, abarticular, abarticulation, abasic, abatic, abbatical, abbotric, abdicable"
contains_sequence,contains_sequence:ri,RI を含む単語,34924,"abacterial, abaris, abbotric, abdaria, abderian, abderite, abdominoanterior, abdominoposterior, abecedaria, abecedarian, abecedarians, abecedaries"
contains_sequence,contains_sequence:ra,RA を含む単語,34506,"abarambo, abastral, abdominothoracic, abearance, abencerrages, aberrance, aberrancy, aberrancies, aberrant, aberrantly, aberrants, aberrate"
contains_sequence,contains_sequence:le,LE を含む単語,34063,"abandonable, abashless, abashlessly, abatable, abaxile, abbreviatable, abdicable, abdominales, abele, abeles, abhominable, abhorrible"
contains_sequence,contains_sequence:st,ST を含む単語,33463,"abacist, abaptiston, abaptistum, abastard, abastardize, abastral, abbeystead, abbeystede, abbest, abdest, abdominocystic, abdominohysterectomy"
contains_sequence,contains_sequence:li,LI を含む単語,32410,"aalii, aaliis, abacli, abaculi, abalienate, abalienated, abalienating, abalienation, abbevillian, abbotnullius, abdali, abdominalia"
contains_sequence,contains_sequence:ne,NE を含む単語,31480,"abalone, abalones, abandoned, abandonedly, abandonee, abandoner, abandoners, abanet, abasedness, abashedness, aberdavine, aberdevine"
contains_sequence,contains_sequence:ar,AR を含む単語,31077,"aardvark, aardvarks, aardwolf, aardwolves, aargh, aaron, aaronic, aaronical, aaronite, aaronitic, aarrgh, aarrghh"
contains_sequence,contains_sequence:ro,RO を含む単語,30360,"aaron, aaronic, aaronical, aaronite, aaronitic, abarthrosis, abbroachment, abdominohysterotomy, aberrometer, aberroscope, abiotrophy, abiotrophic"
contains_sequence,contains_sequence:ed,ED を含む単語,30334,"aahed, abaised, abaissed, abalienated, abandoned, abandonedly, abased, abasedly, abasedness, abashed, abashedly, abashedness"
contains_sequence,contains_sequence:ng,NG を含む単語,29107,"aahing, abadengo, abalienating, abandoning, abanga, abashing, abasing, abating, abbreviating, abdicating, abducing, abducting"
contains_sequence,contains_sequence:nt,NT を含む単語,28551,"abandonment, abandonments, abantes, abasement, abasements, abashment, abashments, abatement, abatements, abbroachment, abdicant, abdominoanterior"
contains_sequence,contains_sequence:or,OR を含む単語,28094,"abactor, abator, abators, abbreviator, abbreviatory, abbreviators, abdicator, abditory, abdominoanterior, abdominoposterior, abdominothoracic, abductor"
contains_sequence,contains_sequence:un,UN を含む単語,27169,"aberuncate, aberuncator, abjunct, abjunction, abjunctive, abound, abounded, abounder, abounding, aboundingly, abounds, aboveground"
contains_sequence,contains_sequence:la,LA を含む単語,24637,"abalation, abarticular, abarticulation, abilao, abilla, abyssopelagic, ablach, ablactate, ablactated, ablactating, ablactation, ablaqueate"
contains_sequence,contains_sequence:it,IT を含む単語,24473,"aaronite, aaronitic, abadite, abannition, abderite, abditive, abditory, abdominogenital, abelite, abepithymia, abichite, abietite"
contains_sequence,contains_sequence:co,CO を含む単語,23747,"abacot, abbacomes, abcoulomb, abdominoscope, abdominoscopy, aberroscope, abococket, abrico, abricock, abricot, abrocoma, abrocome"
contains_sequence,contains_sequence:ing,ING を含む単語,23325,"aahing, abalienating, abandoning, abashing, abasing, abating, abbreviating, abdicating, abducing, abducting, aberrating, abetting"
contains_sequence,contains_sequence:ca,CA を含む単語,22792,"aaronical, abaca, abacay, abacas, abacate, abacaxi, abapical, abbatical, abboccato, abdicable, abdicant, abdicate"
contains_sequence,contains_sequence:ni,NI を含む単語,21902,"aani, aaronic, aaronical, aaronite, aaronitic, abandoning, abanic, abannition, abdominogenital, abelonian, aberdonian, abietinic"
contains_sequence,contains_sequence:io,IO を含む単語,21836,"abacination, abaction, abalation, abalienation, abannition, abarticulation, abasio, abbreviation, abbreviations, abdication, abdications, abdominoanterior"
contains_sequence,contains_sequence:de,DE を含む単語,21703,"ababdeh, abadejo, abadengo, abbadide, abbasside, abbeystede, abderian, abderite, abdest, abede, aberdeen, aberdevine"
contains_sequence,contains_sequence:to,TO を含む単語,20825,"abactor, abaptiston, abaton, abator, abators, abattoir, abattoirs, abboccato, abbreviator, abbreviatory, abbreviators, abdicator"
contains_sequence,contains_sequence:ta,TA を含む単語,20745,"abastard, abastardize, abatable, abatage, abattage, abbreviatable, abdominogenital, abettal, abettals, abietate, abilitable, abintestate"
contains_sequence,contains_sequence:se,SE を含む単語,20541,"abacuses, abaised, abaiser, abaisse, abaissed, abase, abased, abasedly, abasedness, abasement, abasements, abaser"
contains_sequence,contains_sequence:ia,IA を含む単語,20431,"abacterial, abadia, abasia, abasias, abaxial, abbatial, abbevillian, abbreviatable, abbreviate, abbreviated, abbreviately, abbreviates"
contains_sequence,contains_sequence:tr,TR を含む単語,20090,"abastral, abbotric, abeltree, abiotrophy, abiotrophic, absorptiometric, abstr, abstract, abstractable, abstracted, abstractedly, abstractedness"
contains_sequence,contains_sequence:ly,LY を含む単語,20076,"abactinally, abandonedly, abasedly, abashedly, abashlessly, abbreviately, abdominally, aberrantly, abhorrently, abidingly, abiogenetically, abiologically"
contains_sequence,contains_sequence:ss,SS を含む単語,20060,"abaisse, abaissed, abasedness, abashedness, abashless, abashlessly, abassi, abassin, abbassi, abbasside, abbess, abbesses"
contains_sequence,contains_sequence:no,NO を含む単語,19932,"abbandono, abdominoanterior, abdominocardiac, abdominocentesis, abdominocystic, abdominogenital, abdominohysterectomy, abdominohysterotomy, abdominoposterior, abdominoscope, abdominoscopy, abdominothoracic"
contains_sequence,contains_sequence:us,US を含む単語,19637,"abaciscus, abaculus, abacus, abacuses, abbotnullius, abdominous, abecedarius, abelmoschus, abelmusk, abietineous, abigeus, abiogenous"
contains_sequence,contains_sequence:ch,CH を含む単語,19445,"abbroachment, abelmoschus, abichite, ablach, abouchement, abrachia, abrachias, abranchial, abranchialism, abranchian, abranchiata, abranchiate"
contains_sequence,contains_sequence:el,EL を含む単語,19439,"aasvogel, aasvogels, abbreviately, abdiel, abel, abele, abeles, abelia, abelian, abelicea, abelite, abelmoschus"
contains_sequence,contains_sequence:ma,MA を含む単語,19318,"abama, abysmal, abysmally, abnormal, abnormalcy, abnormalcies, abnormalise, abnormalised, abnormalising, abnormalism, abnormalist, abnormality"
contains_sequence,contains_sequence:ou,OU を含む単語,19280,"abatjour, abatjours, abcoulomb, abdominous, abietineous, abiogenous, ablastous, ablatitious, ablepharous, abnormous, abouchement, aboudikro"
contains_sequence,contains_sequence:di,DI を含む単語,19148,"abadia, abadite, abastardize, abbadide, abdicable, abdicant, abdicate, abdicated, abdicates, abdicating, abdication, abdications"
contains_sequence,contains_sequence:lo,LO を含む単語,18728,"abalone, abalones, abcoulomb, abelonian, abilo, abiology, abiological, abiologically, ablock, abloom, ablow, absalom"
contains_sequence,contains_sequence:me,ME を含む単語,18637,"abandonment, abandonments, abasement, abasements, abashment, abashments, abatement, abatements, abbacomes, abbroachment, abdomen, abdomens"
contains_sequence,contains_sequence:ll,LL を含む単語,18612,"abactinally, abbevillian, abbotnullius, abdominally, abilla, abiogenetically, abiologically, abiotically, abysmally, ableptically, abnormally, abolla"
contains_sequence,contains_sequence:he,HE を含む単語,18427,"aahed, abashed, abashedly, abashedness, abashes, abhenry, abhenries, abhenrys, abolished, abolisher, abolishers, abolishes"
contains_sequence,contains_sequence:na,NA を含む単語,18233,"abacinate, abacination, abactinal, abactinally, abalienate, abalienated, abalienating, abalienation, abandonable, abdomina, abdominal, abdominales"
contains_sequence,contains_sequence:ol,OL を含む単語,18135,"aardwolf, aardwolves, abiology, abiological, abiologically, abyssolith, abolete, abolish, abolishable, abolished, abolisher, abolishers"
contains_sequence,contains_sequence:si,SI を含む単語,17971,"abarthrosis, abasia, abasias, abasic, abasing, abasio, abassi, abassin, abbasi, abbasid, abbassi, abbasside"
contains_sequence,contains_sequence:et,ET を含む単語,17915,"abanet, abernethy, aberrometer, abet, abetment, abetments, abets, abettal, abettals, abetted, abetter, abetters"
contains_sequence,contains_sequence:mi,MI を含む単語,17833,"abdomina, abdominal, abdominales, abdominalia, abdominalian, abdominally, abdominals, abdominoanterior, abdominocardiac, abdominocentesis, abdominocystic, abdominogenital"
contains_sequence,contains_sequence:ac,AC を含む単語,17726,"abac, abaca, abacay, abacas, abacate, abacaxi, abaci, abacinate, abacination, abacisci, abaciscus, abacist"
contains_sequence,contains_sequence:ve,VE を含む単語,17347,"aardwolves, abave, abdicative, abditive, abdominovesical, aberrative, abessive, abirritative, abjective, abjunctive, ablative, ablatively"
contains_sequence,contains_sequence:pe,PE を含む単語,16971,"abampere, abamperes, abdominoscope, aberroscope, abyssopelagic, absampere, acappella, acarpellous, acarpelous, accipenser, acetylperoxide, acetyltropeine"
contains_sequence,contains_sequence:om,OM を含む単語,16743,"abbacomes, abcoulomb, abdom, abdomen, abdomens, abdomina, abdominal, abdominales, abdominalia, abdominalian, abdominally, abdominals"
contains_sequence,contains_sequence:as,AS を含む単語,16427,"aas, aasvogel, aasvogels, abacas, abakas, abas, abase, abased, abasedly, abasedness, abasement, abasements"
contains_sequence,contains_sequence:th,TH を含む単語,16272,"abarthrosis, abdominothoracic, abepithymia, abernethy, abyssobenthonic, abyssolith, absinth, absinthe, absinthes, absinthial, absinthian, absinthiate"
contains_sequence,contains_sequence:ph,PH を含む単語,15867,"abiotrophy, abiotrophic, ablepharia, ablepharon, ablepharous, ablepharus, acaleph, acalepha, acalephae, acalephan, acalephe, acalephes"
contains_sequence,contains_sequence:il,IL を含む単語,15858,"abaxile, abbevillian, abigail, abigails, abigailship, abilao, abilene, abiliment, abilitable, ability, abilities, abilla"
contains_sequence,contains_sequence:os,OS を含む単語,15324,"abarthrosis, abdominoposterior, abdominoscope, abdominoscopy, abelmoschus, abelmosk, abelmosks, aberroscope, abioses, abiosis, abmhos, abogados"
contains_sequence,contains_sequence:ati,ATI を含む単語,15065,"abacination, abalation, abalienating, abalienation, abarticulation, abatic, abating, abatis, abatised, abatises, abbatial, abbatical"
contains_sequence,contains_sequence:nd,ND を含む単語,14873,"aband, abandon, abandonable, abandoned, abandonedly, abandonee, abandoner, abandoners, abandoning, abandonment, abandonments, abandons"
contains_sequence,contains_sequence:ea,EA を含む単語,14859,"abbeystead, abeam, abear, abearance, abelicea, abietineae, abigeat, ablaqueate, aboideau, aboideaus, aboideaux, aboiteau"
contains_sequence,contains_sequence:ess,ESS を含む単語,14622,"abasedness, abashedness, abashless, abashlessly, abbess, abbesses, abcess, abesse, abessive, abidingness, abjectedness, abjectness"
contains_sequence,contains_sequence:op,OP を含む単語,14592,"abdominoposterior, abdominoscope, abdominoscopy, aberroscope, abiotrophy, abiotrophic, abyssopelagic, acanthopanax, acanthophis, acanthophorous, acanthopod, acanthopodous"
contains_sequence,contains_sequence:hi,HI を含む単語,14555,"aahing, abashing, abbotship, abbotships, abhinaya, abhiseka, abichite, abigailship, abiotrophic, abolishing, abrachia, abrachias"
contains_sequence,contains_sequence:pr,PR を含む単語,14547,"aboveproof, acidoproteolytic, acidproof, actinopraxis, acupress, acupressure, adpress, adpromission, adpromissor, afterimpression, afterpressure, afterproof"
contains_sequence,contains_sequence:ce,CE を含む単語,14537,"abaisance, abcess, abdominocentesis, abduce, abduced, abducens, abducent, abducentes, abduces, abearance, abecedaire, abecedary"
contains_sequence,contains_sequence:ho,HO を含む単語,14393,"abdominothoracic, abhominable, abhor, abhorred, abhorrence, abhorrences, abhorrency, abhorrent, abhorrently, abhorrer, abhorrers, abhorrible"
contains_sequence,contains_sequence:ns,NS を含む単語,14276,"abandons, abbreviations, abdications, abdomens, abducens, abductions, abecedarians, aberrations, abyssinians, abjections, abjurations, ablations"
contains_sequence,contains_sequence:id,ID を含む単語,14219,"abbadide, abbasid, abbasside, abidal, abidance, abidances, abidden, abide, abided, abider, abiders, abides"
contains_sequence,contains_sequence:ion,ION を含む単語,14094,"abacination, abaction, abalation, abalienation, abannition, abarticulation, abbreviation, abbreviations, abdication, abdications, abduction, abductions"
contains_sequence,contains_sequence:ur,UR を含む単語,14058,"abatjour, abatjours, abature, abbreviature, abiuret, abjuration, abjurations, abjuratory, abjure, abjured, abjurement, abjurer"
contains_sequence,contains_sequence:ul,UL を含む単語,13938,"abaculi, abaculus, abarticular, abarticulation, abbotnullius, abcoulomb, aboulia, aboulias, aboulic, abscoulomb, absquatulate, absquatulation"
contains_sequence,contains_sequence:ha,HA を含む単語,13936,"abkhas, abkhasian, ablepharia, ablepharon, ablepharous, ablepharus, ablewhackets, abolishable, abraham, abrahamic, abrahamidae, abrahamite"
contains_sequence,contains_sequence:ter,TER を含む単語,13830,"abacterial, abater, abaters, abdominoanterior, abdominohysterectomy, abdominohysterotomy, abdominoposterior, abenteric, aberrometer, abetter, abetters, aborter"
contains_sequence,contains_sequence:ie,IE を含む単語,13309,"abalienate, abalienated, abalienating, abalienation, abbacies, abbatie, abbie, abbotcies, abdiel, abecedaries, abeyancies, aberrancies"
contains_sequence,contains_sequence:ab,AB を含む単語,13152,"aba, ababdeh, ababua, abac, abaca, abacay, abacas, abacate, abacaxi, abaci, abacinate, abacination"
contains_sequence,contains_sequence:nc,NC を含む単語,13112,"abaisance, abearance, abeyance, abeyances, abeyancy, abeyancies, abencerrages, aberrance, aberrancy, aberrancies, aberuncate, aberuncator"
contains_sequence,contains_sequence:ec,EC を含む単語,13051,"abdominohysterectomy, abecedaire, abecedary, abecedaria, abecedarian, abecedarians, abecedaries, abecedarium, abecedarius, abject, abjectedness, abjection"
contains_sequence,contains_sequence:ot,OT を含む単語,12693,"abacot, abbot, abbotcy, abbotcies, abbotnullius, abbotric, abbots, abbotship, abbotships, abbott, abdominohysterotomy, abdominothoracic"
contains_sequence,contains_sequence:em,EM を含む単語,12552,"abasement, abasements, abatement, abatements, abjurement, ablastemic, abodement, abonnement, aborsement, abouchement, abovementioned, abridgement"
contains_sequence,contains_sequence:po,PO を含む単語,12392,"abdominoposterior, abipon, acanthocarpous, acanthopod, acanthopodous, acanthopomatous, acanthopore, acarpous, acataposis, accorporate, accorporation, acepots"
contains_sequence,contains_sequence:bl,BL を含む単語,12363,"abandonable, abatable, abbreviatable, abdicable, abhominable, abhorrible, abilitable, abl, ablach, ablactate, ablactated, ablactating"
contains_sequence,contains_sequence:pa,PA を含む単語,12352,"acanthopanax, accompanable, accompany, accompanied, accompanier, accompanies, accompanying, accompanyist, accompaniment, accompanimental, accompaniments, accompanist"
contains_sequence,contains_sequence:mo,MO を含む単語,12304,"abelmoschus, abelmosk, abelmosks, abmodality, abmodalities, abnormous, acantholimon, accommodable, accommodableness, accommodate, accommodated, accommodately"
contains_sequence,contains_sequence:nes,NES を含む単語,11985,"abalones, abasedness, abashedness, abidingness, abiogeneses, abiogenesis, abiogenesist, abjectedness, abjectness, ableness, abnormalness, abominableness"
contains_sequence,contains_sequence:ge,GE を含む単語,11878,"aasvogel, aasvogels, abatage, abattage, abdominogenital, abedge, abegge, abencerrages, abigeat, abigei, abigeus, abiogeneses"
contains_sequence,contains_sequence:rs,RS を含む単語,11779,"abandoners, abasers, abaters, abatjours, abators, abattoirs, abbreviators, abductors, abetters, abettors, abhorrers, abhors"
contains_sequence,contains_sequence:tio,TIO を含む単語,11574,"abacination, abaction, abalation, abalienation, abannition, abarticulation, abbreviation, abbreviations, abdication, abdications, abduction, abductions"
contains_sequence,contains_sequence:ate,ATE を含む単語,11527,"abacate, abacinate, abalienate, abalienated, abate, abated, abatement, abatements, abater, abaters, abates, abbate"
contains_sequence,contains_sequence:am,AM を含む単語,11354,"aam, abama, abamp, abampere, abamperes, abamps, abarambo, abeam, abraham, abrahamic, abrahamidae, abrahamite"
contains_sequence,contains_sequence:ci,CI を含む単語,11350,"abaci, abacinate, abacination, abacisci, abaciscus, abacist, abbacies, abbotcies, abcissa, abdominothoracic, abducing, abeyancies"
contains_sequence,contains_sequence:ent,ENT を含む単語,11152,"abandonment, abandonments, abasement, abasements, abashment, abashments, abatement, abatements, abbroachment, abdominocentesis, abducent, abducentes"
contains_sequence,contains_sequence:sh,SH を含む単語,11036,"abash, abashed, abashedly, abashedness, abashes, abashing, abashless, abashlessly, abashment, abashments, abbotship, abbotships"
contains_sequence,contains_sequence:tion,TION を含む単語,10871,"abacination, abaction, abalation, abalienation, abannition, abarticulation, abbreviation, abbreviations, abdication, abdications, abduction, abductions"
contains_sequence,contains_sequence:oc,OC を含む単語,10700,"abboccato, abdominocardiac, abdominocentesis, abdominocystic, ablock, abococket, abricock, abrocoma, abrocome, acanthocarpous, acanthocephala, acanthocephalan"
contains_sequence,contains_sequence:ous,OUS を含む単語,10656,"abdominous, abietineous, abiogenous, ablastous, ablatitious, ablepharous, abnormous, abranchious, absonous, abstemious, abstemiously, abstemiousness"
contains_sequence,contains_sequence:og,OG を含む単語,10548,"aasvogel, aasvogels, abbogada, abdominogenital, abiogeneses, abiogenesis, abiogenesist, abiogenetic, abiogenetical, abiogenetically, abiogeny, abiogenist"
contains_sequence,contains_sequence:ap,AP を含む単語,10501,"abapical, abaptiston, abaptistum, acapnia, acapnial, acapnias, acappella, acapsular, acapu, acapulco, acarapis, acataphasia"
contains_sequence,contains_sequence:su,SU を含む単語,10303,"abyssus, abomasum, abomasus, abomasusi, absume, absumption, absurd, absurder, absurdest, absurdism, absurdist, absurdity"
contains_sequence,contains_sequence:ct,CT を含む単語,10255,"abacterial, abactinal, abactinally, abaction, abactor, abdominohysterectomy, abduct, abducted, abducting, abduction, abductions, abductor"
contains_sequence,contains_sequence:pi,PI を含む単語,10214,"abapical, abepithymia, acarapis, accipient, accipiter, accipitral, accipitrary, accipitres, accipitrine, acetopiperone, achromatopia, acidaspis"
contains_sequence,contains_sequence:ness,NESS を含む単語,9904,"abasedness, abashedness, abidingness, abjectedness, abjectness, ableness, abnormalness, abominableness, abortiveness, abrasiveness, abruptness, absentmindedness"
contains_sequence,contains_sequence:tic,TIC を含む単語,9852,"aaronitic, abarticular, abarticulation, abatic, abbatical, abdominocystic, abietic, abiogenetic, abiogenetical, abiogenetically, abiotic, abiotical"
contains_sequence,contains_sequence:ad,AD を含む単語,9547,"abada, abaddon, abadejo, abadengo, abadia, abadite, abbadide, abbeystead, abbogada, abfarad, abfarads, abogado"
contains_sequence,contains_sequence:sc,SC を含む単語,9488,"abacisci, abaciscus, abdominoscope, abdominoscopy, abelmoschus, aberroscope, abscam, abscess, abscessed, abscesses, abscessing, abscession"
contains_sequence,contains_sequence:ica,ICA を含む単語,9340,"aaronical, abapical, abbatical, abdicable, abdicant, abdicate, abdicated, abdicates, abdicating, abdication, abdications, abdicative"
contains_sequence,contains_sequence:ut,UT を含む単語,9258,"ablaut, ablauts, ablute, abluted, ablution, ablutionary, ablutions, about, abouts, absolute, absolutely, absoluteness"
contains_sequence,contains_sequence:sa,SA を含む単語,9200,"abaisance, abcissa, abyssa, abyssal, abomasa, abomasal, abovesaid, abrasax, absalom, absampere, absaroka, absarokite"
contains_sequence,contains_sequence:ist,IST を含む単語,8989,"abacist, abaptiston, abaptistum, abiogenesist, abiogenist, abiston, abnormalist, abolitionist, abolitionists, abortionist, abortionists, abristle"
contains_sequence,contains_sequence:bi,BI を含む単語,8845,"abbie, abib, abichite, abidal, abidance, abidances, abidden, abide, abided, abider, abiders, abides"
contains_sequence,contains_sequence:so,SO を含む単語,8789,"abhorson, abyssobenthonic, abyssolith, abyssopelagic, absohm, absoil, absolent, absolute, absolutely, absoluteness, absoluter, absolutes"
contains_sequence,contains_sequence:be,BE を含む単語,8781,"abbe, abbey, abbeys, abbeystead, abbeystede, abbes, abbess, abbesses, abbest, abbevillian, abe, abeam"
contains_sequence,contains_sequence:um,UM を含む単語,8721,"abandum, abaptistum, abecedarium, abnumerable, abomasum, abraum, abrotanum, absinthium, absume, absumption, absurdum, abumbral"
contains_sequence,contains_sequence:da,DA を含む単語,8570,"abada, abbogada, abdal, abdali, abdaria, abdat, abecedaire, abecedary, abecedaria, abecedarian, abecedarians, abecedaries"
contains_sequence,contains_sequence:ba,BA を含む単語,8532,"aba, ababdeh, ababua, abac, abaca, abacay, abacas, abacate, abacaxi, abaci, abacinate, abacination"
contains_sequence,contains_sequence:ep,EP を含む単語,8532,"abepithymia, ablepharia, ablepharon, ablepharous, ablepharus, ablepsy, ablepsia, ableptical, ableptically, aboveproof, abreption, acaleph"
contains_sequence,contains_sequence:sp,SP を含む単語,8530,"acidaspis, acmispon, acraspeda, acraspedote, acroasphyxia, acrosphacelus, acrospire, acrospired, acrospiring, acrospore, acrosporous, actinosphaerium"
contains_sequence,contains_sequence:ag,AG を含む単語,8508,"abatage, abattage, abdominovaginal, abencerrages, abyssopelagic, aboardage, abthanage, aburagiri, abusage, accourage, achage, achagua"
contains_sequence,contains_sequence:gi,GI を含む単語,8481,"abasgi, abdominovaginal, abiological, abiologically, abyssopelagic, abjudging, aboriginal, aboriginality, aboriginally, aboriginals, aboriginary, aborigine"
contains_sequence,contains_sequence:rt,RT を含む単語,8413,"abarthrosis, abarticular, abarticulation, abort, aborted, aborter, aborters, aborticide, abortient, abortifacient, abortin, aborting"
contains_sequence,contains_sequence:iz,IZ を含む単語,8376,"abastardize, abnormalize, abnormalized, abnormalizing, abolitionize, abolitionized, abolitionizing, absolutization, absolutize, academization, academize, academized"
contains_sequence,contains_sequence:iv,IV を含む単語,8318,"abdicative, abditive, aberrative, abessive, abirritative, abjective, abjunctive, ablatival, ablative, ablatively, ablatives, abnegative"
contains_sequence,contains_sequence:im,IM を含む単語,8309,"abiliment, abime, abrim, acantholimon, acclaim, acclaimable, acclaimed, acclaimer, acclaimers, acclaiming, acclaims, acclimatable"
contains_sequence,contains_sequence:cr,CR を含む単語,8306,"accra, accrease, accredit, accreditable, accreditate, accreditation, accreditations, accredited, accreditee, accrediting, accreditment, accredits"
contains_sequence,contains_sequence:cal,CAL を含む単語,8301,"aaronical, abapical, abbatical, abdominovesical, abiogenetical, abiogenetically, abiological, abiologically, abiotical, abiotically, ableptical, ableptically"
contains_sequence,contains_sequence:do,DO を含む単語,8248,"abaddon, abandon, abandonable, abandoned, abandonedly, abandonee, abandoner, abandoners, abandoning, abandonment, abandonments, abandons"
contains_sequence,contains_sequence:ers,ERS を含む単語,8140,"abandoners, abasers, abaters, abetters, abhorrers, abiders, abjurers, abolishers, aborters, abraders, abridgers, absconders"
contains_sequence,contains_sequence:ble,BLE を含む単語,8092,"abandonable, abatable, abbreviatable, abdicable, abhominable, abhorrible, abilitable, able, abled, ableeze, ablegate, ablegates"
contains_sequence,contains_sequence:non,NON を含む単語,7996,"acanonical, aceanthrenequinone, acetophenone, acetothienone, actinon, actinonema, actinoneuritis, actinons, adenoncus, adenoneural, adenoneure, adiaphonon"
contains_sequence,contains_sequence:hy,HY を含む単語,7963,"abdominohysterectomy, abdominohysterotomy, abepithymia, abernethy, abiotrophy, acenaphthylene, acetaldehydase, acetaldehyde, acetaldehydrase, acethydrazide, acetylhydrazine, acetylmethylcarbinol"
contains_sequence,contains_sequence:ant,ANT を含む単語,7937,"abantes, abdicant, abdominoanterior, abeyant, aberrant, aberrantly, aberrants, abirritant, abradant, abradants, absonant, absorbant"
contains_sequence,contains_sequence:per,PER を含む単語,7875,"abampere, abamperes, absampere, acetylperoxide, acetopiperone, adenohypersthenia, adoperate, adoperation, aeroperitoneum, aeroperitonia, aftersupper, agamospermy"
contains_sequence,contains_sequence:ke,KE を含む単語,7804,"ablewhackets, abococket, achoke, ackee, ackees, ackey, ackeys, acker, adultlike, advoke, aettekees, aflicker"
contains_sequence,contains_sequence:all,ALL を含む単語,7795,"abactinally, abdominally, abiogenetically, abiologically, abiotically, abysmally, ableptically, abnormally, aborally, aboriginally, absolutistically, academically"
contains_sequence,contains_sequence:ine,INE を含む単語,7704,"aberdavine, aberdevine, aberduvine, abietineae, abietineous, abomine, aborigine, aborigines, abrine, abrotine, absinthine, abstained"
contains_sequence,contains_sequence:ga,GA を含む単語,7669,"abanga, abbogada, abigail, abigails, abigailship, abjugate, ablegate, ablegates, ablegation, abnegate, abnegated, abnegates"
contains_sequence,contains_sequence:od,OD を含む単語,7660,"abmodality, abmodalities, abodah, abode, aboded, abodement, abodes, abody, aboding, abrood, acanthodea, acanthodean"
contains_sequence,contains_sequence:cu,CU を含む単語,7628,"abaciscus, abaculi, abaculus, abacus, abacuses, abarticular, abarticulation, abevacuation, acalculia, acalyculate, accubation, accubita"
contains_sequence,contains_sequence:atio,ATIO を含む単語,7619,"abacination, abalation, abalienation, abarticulation, abbreviation, abbreviations, abdication, abdications, aberration, aberrational, aberrations, abevacuation"
contains_sequence,contains_sequence:ry,RY を含む単語,7548,"abbreviatory, abditory, abecedary, abhenry, abhenrys, abjuratory, abkary, ablutionary, abolitionary, aboriginary, abshenry, absolutory"
contains_sequence,contains_sequence:oo,OO を含む単語,7363,"abloom, aboon, aboveproof, abrood, abrook, abscessroot, achoo, achroodextrin, achroodextrinase, achroous, acidproof, acool"
contains_sequence,contains_sequence:ty,TY を含む単語,7349,"ability, abmodality, abnormality, abnormity, abominability, aboriginality, absorbability, absorptivity, abstrusity, absurdity, accendibility, accentuality"
contains_sequence,contains_sequence:pl,PL を含む単語,7329,"accomplement, accompletive, accompli, accomplice, accomplices, accompliceship, accomplicity, accomplis, accomplish, accomplishable, accomplished, accomplisher"
contains_sequence,contains_sequence:ver,VER を含む単語,7264,"absolver, absolvers, acetoveratrone, achiever, achievers, adverb, adverbial, adverbiality, adverbialize, adverbially, adverbiation, adverbless"
contains_sequence,contains_sequence:ir,IR を含む単語,7259,"abattoir, abattoirs, abecedaire, abir, abirritant, abirritate, abirritated, abirritating, abirritation, abirritative, abovestairs, abreuvoir"
contains_sequence,contains_sequence:tu,TU を含む単語,7255,"abaptistum, abattu, abattue, abatua, abature, abbreviature, abortus, abortuses, absyrtus, absquatulate, absquatulation, acastus"
contains_sequence,contains_sequence:sm,SM を含む単語,7237,"abysm, abysmal, abysmally, abysms, abnormalism, abolitionism, abranchialism, absenteeism, absinthism, absinthismic, absmho, absolutism"
contains_sequence,contains_sequence:gr,GR を含む単語,7235,"aboveground, accelerograph, acrography, acromonogrammatic, actinautography, actinautographic, actinogram, actinograph, actinography, actinographic, acutograve, addressograph"
contains_sequence,contains_sequence:ee,EE を含む単語,7230,"abandonee, abeltree, aberdeen, ableeze, abreed, absee, absentee, absenteeism, absentees, absenteeship, abusee, acceptee"
contains_sequence,contains_sequence:eri,ERI を含む単語,7203,"abacterial, abderian, abderite, abdominoanterior, abdominoposterior, abenteric, aberia, acanthomeridae, acanthopteri, accoutering, aceratherium, aceric"
contains_sequence,contains_sequence:tin,TIN を含む単語,7185,"abactinal, abactinally, abalienating, abating, abbreviating, abdicating, abducting, aberrating, abetting, abietin, abietineae, abietineous"
contains_sequence,contains_sequence:ig,IG を含む単語,7010,"abeigh, abigail, abigails, abigailship, abigeat, abigei, abigeus, aboriginal, aboriginality, aboriginally, aboriginals, aboriginary"
contains_sequence,contains_sequence:abl,ABL を含む単語,7004,"abandonable, abatable, abbreviatable, abdicable, abhominable, abilitable, abl, ablach, ablactate, ablactated, ablactating, ablactation"
contains_sequence,contains_sequence:fi,FI を含む単語,6996,"acecaffin, acecaffine, acetification, acetified, acetifier, acetifies, acidifiable, acidifiant, acidific, acidification, acidified, acidifier"
contains_sequence,contains_sequence:ip,IP を含む単語,6995,"abbotship, abbotships, abigailship, abipon, absenteeship, academicianship, accessaryship, accipenser, accipient, accipiter, accipitral, accipitrary"
contains_sequence,contains_sequence:mp,MP を含む単語,6908,"abamp, abampere, abamperes, abamps, absampere, absumption, acampsia, accompanable, accompany, accompanied, accompanier, accompanies"
contains_sequence,contains_sequence:bo,BO を含む単語,6899,"abarambo, abboccato, abbogada, abbot, abbotcy, abbotcies, abbotnullius, abbotric, abbots, abbotship, abbotships, abbott"
contains_sequence,contains_sequence:ali,ALI を含む単語,6716,"aalii, aaliis, abalienate, abalienated, abalienating, abalienation, abdali, abdominalia, abdominalian, abmodality, abmodalities, abnormalise"
contains_sequence,contains_sequence:lu,LU を含む単語,6714,"abaculus, ablude, abluent, abluents, ablush, ablute, abluted, ablution, ablutionary, ablutions, abluvion, absolute"
contains_sequence,contains_sequence:rm,RM を含む単語,6689,"abnormal, abnormalcy, abnormalcies, abnormalise, abnormalised, abnormalising, abnormalism, abnormalist, abnormality, abnormalities, abnormalize, abnormalized"
contains_sequence,contains_sequence:vi,VI を含む単語,6650,"abbevillian, abbreviatable, abbreviate, abbreviated, abbreviately, abbreviates, abbreviating, abbreviation, abbreviations, abbreviator, abbreviatory, abbreviators"
contains_sequence,contains_sequence:ai,AI を含む単語,6537,"abaisance, abaised, abaiser, abaisse, abaissed, abecedaire, abigail, abigails, abigailship, abovesaid, abovestairs, abraid"
contains_sequence,contains_sequence:pre,PRE を含む単語,6479,"acupress, acupressure, adpress, afterimpression, afterpressure, angiopressure, antepredicament, antepredicamental, antepreterit, antepretonic, antidepressant, antidepressants"
contains_sequence,contains_sequence:ck,CK を含む単語,6413,"aback, ablewhackets, ablock, abococket, abovedeck, abricock, acheck, ack, ackee, ackees, ackey, ackeys"
contains_sequence,contains_sequence:ov,OV を含む単語,6353,"abdominovaginal, abdominovesical, above, aboveboard, abovedeck, aboveground, abovementioned, aboveproof, aboves, abovesaid, abovestairs, acetoveratrone"
contains_sequence,contains_sequence:ical,ICAL を含む単語,6339,"aaronical, abapical, abbatical, abdominovesical, abiogenetical, abiogenetically, abiological, abiologically, abiotical, abiotically, ableptical, ableptically"
contains_sequence,contains_sequence:tra,TRA を含む単語,6305,"abastral, abstract, abstractable, abstracted, abstractedly, abstractedness, abstracter, abstracters, abstractest, abstracting, abstraction, abstractional"
contains_sequence,contains_sequence:ze,ZE を含む単語,6275,"abastardize, abaze, abiezer, ablaze, ableeze, abnormalize, abnormalized, abolitionize, abolitionized, absolutize, academize, academized"
contains_sequence,contains_sequence:con,CON を含む単語,6257,"absconce, abscond, absconded, abscondedly, abscondence, absconder, absconders, absconding, absconds, absconsa, aceconitic, aconative"
contains_sequence,contains_sequence:if,IF を含む単語,6240,"abortifacient, acariform, acetabuliferous, acetabuliform, acetify, acetification, acetified, acetifier, acetifies, acetifying, acidiferous, acidify"
contains_sequence,contains_sequence:br,BR を含む単語,6084,"abbr, abbrev, abbreviatable, abbreviate, abbreviated, abbreviately, abbreviates, abbreviating, abbreviation, abbreviations, abbreviator, abbreviatory"
contains_sequence,contains_sequence:ru,RU を含む単語,6047,"aaru, aberuncate, aberuncator, ablepharus, abrupt, abruptedly, abrupter, abruptest, abruptio, abruption, abruptiones, abruptly"
contains_sequence,contains_sequence:ae,AE を含む単語,5995,"abietineae, abollae, abrahamidae, abscissae, acaena, acalephae, acalypterae, acalyptratae, acanthaceae, acanthodidae, acanthomeridae, acanthuridae"
contains_sequence,contains_sequence:lin,LIN を含む単語,5991,"ablings, ablins, abseiling, acauline, acclinal, acclinate, acephalina, acephaline, acervuline, acetylaniline, acetylcholine, acetylcholinesterase"
contains_sequence,contains_sequence:ted,TED を含む単語,5985,"abalienated, abated, abbeystede, abbreviated, abdicated, abducted, aberrated, abetted, abirritated, abjectedness, abjudicated, ablactated"
contains_sequence,contains_sequence:sti,STI を含む単語,5958,"abdominocystic, ablastin, absolutistic, absolutistically, abstinence, abstinency, abstinent, abstinential, abstinently, accosting, achondroplastic, acystia"
contains_sequence,contains_sequence:ive,IVE を含む単語,5845,"abdicative, abditive, aberrative, abessive, abirritative, abjective, abjunctive, ablative, ablatively, ablatives, abnegative, aborsive"
contains_sequence,contains_sequence:tt,TT を含む単語,5815,"abattage, abattis, abattised, abattises, abattoir, abattoirs, abattu, abattue, abbott, abettal, abettals, abetted"
contains_sequence,contains_sequence:able,ABLE を含む単語,5812,"abandonable, abatable, abbreviatable, abdicable, abhominable, abilitable, able, abled, ableeze, ablegate, ablegates, ablegation"
contains_sequence,contains_sequence:oi,OI を含む単語,5802,"abattoir, abattoirs, abjoint, aboideau, aboideaus, aboideaux, aboil, aboiteau, aboiteaus, aboiteaux, abreuvoir, absoil"
contains_sequence,contains_sequence:nte,NTE を含む単語,5798,"abantes, abdominoanterior, abdominocentesis, abducentes, abenteric, abintestate, absented, absentee, absenteeism, absentees, absenteeship, absenter"
contains_sequence,contains_sequence:ene,ENE を含む単語,5797,"abietene, abilene, abiogeneses, abiogenesis, abiogenesist, abiogenetic, abiogenetical, abiogenetically, ableness, abominableness, abortiveness, abrasiveness"
contains_sequence,contains_sequence:rat,RAT を含む単語,5750,"aberrate, aberrated, aberrating, aberration, aberrational, aberrations, aberrative, aberrator, abjuration, abjurations, abjuratory, acalyptrata"
contains_sequence,contains_sequence:rr,RR を含む単語,5747,"aarrgh, aarrghh, abencerrages, aberr, aberrance, aberrancy, aberrancies, aberrant, aberrantly, aberrants, aberrate, aberrated"
contains_sequence,contains_sequence:rc,RC を含む単語,5697,"acronarcotic, acrosarc, acrosarca, acrosarcum, adenocarcinoma, adenocarcinomas, adenocarcinomata, adenocarcinomatous, adenochondrosarcoma, adenomyxosarcoma, adenosarcoma, adenosarcomas"
contains_sequence,contains_sequence:res,RES を含む単語,5697,"abamperes, abductores, abjures, acceptress, accipitres, accoutres, accresce, accrescence, accrescendi, accrescendo, accrescent, acipenseres"
contains_sequence,contains_sequence:ies,IES を含む単語,5690,"abbacies, abbotcies, abecedaries, abeyancies, aberrancies, abhenries, abies, abilities, abmodalities, abnormalcies, abnormalities, abnormities"
contains_sequence,contains_sequence:est,EST を含む単語,5670,"abbest, abdest, abintestate, ablest, abovestairs, abruptest, absolutest, abstractest, abstrusest, absurdest, acenesthesia, acerbest"
contains_sequence,contains_sequence:tri,TRI を含む単語,5666,"abbotric, absorptiometric, abstrict, abstricted, abstricting, abstriction, abstricts, accipitrine, accoutring, accusatrix, accusatrixes, acentric"
contains_sequence,contains_sequence:rd,RD を含む単語,5655,"aardvark, aardvarks, aardwolf, aardwolves, abastard, abastardize, abdominocardiac, aberdavine, aberdeen, aberdevine, aberdonian, aberduvine"
contains_sequence,contains_sequence:qu,QU を含む単語,5653,"ablaqueate, absquatulate, absquatulation, aceanthrenequinone, acequia, acequiador, acequias, achaque, acquaint, acquaintance, acquaintances, acquaintanceship"
contains_sequence,contains_sequence:ts,TS を含む単語,5635,"abandonments, abasements, abashments, abatements, abbots, abbotship, abbotships, abducts, aberrants, abetments, abets, ablauts"
contains_sequence,contains_sequence:oni,ONI を含む単語,5623,"aaronic, aaronical, aaronite, aaronitic, abandoning, abelonian, aberdonian, abyssobenthonic, abolitionise, abolitionised, abolitionising, abolitionism"
contains_sequence,contains_sequence:gl,GL を含む単語,5606,"abidingly, aboundingly, absorbingly, acceleratingly, acceptingly, accommodatingly, accordingly, accusingly, acetylglycin, acetylglycine, achingly, achroglobin"
contains_sequence,contains_sequence:pro,PRO を含む単語,5588,"aboveproof, acidoproteolytic, acidproof, adpromission, adpromissor, afterproof, agitprop, agitpropist, agitprops, agueproof, airproof, airproofed"
contains_sequence,contains_sequence:men,MEN を含む単語,5541,"abandonment, abandonments, abasement, abasements, abashment, abashments, abatement, abatements, abbroachment, abdomen, abdomens, abetment"
contains_sequence,contains_sequence:nti,NTI を含む単語,5531,"abovementioned, absentia, absenting, abstention, abstentionism, abstentionist, abstentions, abstentious, abstinential, abundantia, accenting, accidential"
contains_sequence,contains_sequence:fo,FO を含む単語,5526,"acariform, acetabuliform, aciform, acinacifoliate, acinacifolious, acinaciform, acinetiform, aciniform, acneform, acneiform, actiniform, aculeiform"
contains_sequence,contains_sequence:au,AU を含む単語,5430,"abaue, ablaut, ablauts, aboideau, aboideaus, aboideaux, aboiteau, aboiteaus, aboiteaux, abraum, acaudal, acaudate"
contains_sequence,contains_sequence:eo,EO を含む単語,5428,"abietineous, acanaceous, acanthaceous, aceology, aceologic, aceraceous, achariaceous, achlamydeous, acidoproteolytic, acidosteophyte, acinaceous, actaeon"
contains_sequence,contains_sequence:tor,TOR を含む単語,5334,"abactor, abator, abators, abbreviator, abbreviatory, abbreviators, abdicator, abditory, abductor, abductores, abductors, aberrator"
contains_sequence,contains_sequence:ub,UB を含む単語,5273,"abubble, accubation, accubita, accubitum, accubitus, acetosoluble, acinotubular, acubens, ayyubid, ayubite, alveolosubnasal, anopubic"
contains_sequence,contains_sequence:lat,LAT を含む単語,5191,"abalation, abarticulation, ablate, ablated, ablates, ablating, ablation, ablations, ablatitious, ablatival, ablative, ablatively"
contains_sequence,contains_sequence:ex,EX を含む単語,5166,"achrodextrin, achrodextrinase, achroodextrin, achroodextrinase, adipopexia, adipopexic, adipopexis, adnex, adnexa, adnexal, adnexed, adnexitis"
contains_sequence,contains_sequence:ite,ITE を含む単語,5164,"aaronite, abadite, abderite, abelite, abichite, abietite, aboiteau, aboiteaus, aboiteaux, abrahamite, abrazite, absarokite"
contains_sequence,contains_sequence:ari,ARI を含む単語,5148,"abaris, abdaria, abecedaria, abecedarian, abecedarians, abecedaries, abecedarium, abecedarius, abkari, ablepharia, acantharia, acarari"
contains_sequence,contains_sequence:fe,FE を含む単語,5137,"acetabuliferous, achafe, acidiferous, actiniferous, adfected, adhafera, aeriferous, afear, afeard, afeared, afebrile, afenil"
contains_sequence,contains_sequence:lly,LLY を含む単語,5133,"abactinally, abdominally, abiogenetically, abiologically, abiotically, abysmally, ableptically, abnormally, aborally, aboriginally, absolutistically, abusefully"
contains_sequence,contains_sequence:lit,LIT を含む単語,5132,"abelite, abilitable, ability, abilities, abyssolith, abmodality, abmodalities, abnormality, abnormalities, abolition, abolitionary, abolitionise"
contains_sequence,contains_sequence:ove,OVE を含む単語,5132,"abdominovesical, above, aboveboard, abovedeck, aboveground, abovementioned, aboveproof, aboves, abovesaid, abovestairs, acetoveratrone, admove"
contains_sequence,contains_sequence:rin,RIN を含む単語,5129,"abhorring, abjuring, abrin, abrine, acarina, acarine, acarines, acarinosis, accessariness, accessoriness, accipitrine, accoutering"
contains_sequence,contains_sequence:ste,STE を含む単語,5117,"abbeystead, abbeystede, abdominohysterectomy, abdominohysterotomy, abdominoposterior, ablastemic, abstemious, abstemiously, abstemiousness, abstention, abstentionism, abstentionist"
contains_sequence,contains_sequence:cl,CL を含む単語,5068,"abacli, acanthocladous, acclaim, acclaimable, acclaimed, acclaimer, acclaimers, acclaiming, acclaims, acclamation, acclamations, acclamator"
contains_sequence,contains_sequence:up,UP を含む単語,5067,"abrupt, abruptedly, abrupter, abruptest, abruptio, abruption, abruptiones, abruptly, abruptness, accouple, accouplement, accupy"
contains_sequence,contains_sequence:iti,ITI を含む単語,5036,"aaronitic, abannition, abditive, abilities, abitibi, ablatitious, abmodalities, abnormalities, abnormities, abolition, abolitionary, abolitionise"
contains_sequence,contains_sequence:dr,DR を含む単語,5016,"acetaldehydrase, acethydrazide, acetylhydrazine, acetylphenylhydrazine, achlorhydria, achlorhydric, achondrite, achondritic, achondroplasia, achondroplastic, acrodrome, acrodromous"
contains_sequence,contains_sequence:ize,IZE を含む単語,4994,"abastardize, abnormalize, abnormalized, abolitionize, abolitionized, absolutize, academize, academized, accessorize, accessorized, acclimatize, acclimatized"
contains_sequence,contains_sequence:va,VA を含む単語,4986,"aardvark, aardvarks, abdominovaginal, abevacuation, ablatival, abnerval, absolvable, absolvatory, accusatival, acerval, acervate, acervately"
contains_sequence,contains_sequence:der,DER を含む単語,4953,"abderian, abderite, abider, abiders, abounder, abrader, abraders, absconder, absconders, absurder, acarodermatitis, acceder"
contains_sequence,contains_sequence:era,ERA を含む単語,4939,"abnumerable, acalypterae, acanthopteran, accelerable, accelerando, accelerant, accelerate, accelerated, acceleratedly, accelerates, accelerating, acceleratingly"
contains_sequence,contains_sequence:the,THE を含む単語,4929,"absinthe, absinthes, acatamathesia, aceacenaphthene, acenaphthene, acenaphthenyl, acenesthesia, acerathere, aceratherium, achyranthes, achroanthes, achroiocythemia"
contains_sequence,contains_sequence:nde,NDE を含む単語,4824,"abounded, abounder, absconded, abscondedly, abscondence, absconder, absconders, absentminded, absentmindedly, absentmindedness, adscendent, affriended"
contains_sequence,contains_sequence:les,LES を含む単語,4800,"abashless, abashlessly, abdominales, abeles, ables, ablesse, ablest, acaudelescent, acaulescence, acaulescent, accentless, accessless"
contains_sequence,contains_sequence:wa,WA を含む単語,4798,"abwab, abwatt, abwatts, adward, aforeward, afterswarm, afterswarming, afterwale, afterwar, afterward, afterwards, afterwash"
contains_sequence,contains_sequence:go,GO を含む単語,4791,"abadengo, abongo, acategorical, achango, actinogonidiate, actinologous, adephagous, aegophony, aegopodium, aerugo, aerugos, afgod"
contains_sequence,contains_sequence:ran,RAN を含む単語,4775,"abearance, aberrance, aberrancy, aberrancies, aberrant, aberrantly, aberrants, abranchial, abranchialism, abranchian, abranchiata, abranchiate"
contains_sequence,contains_sequence:ob,OB を含む単語,4769,"abyssobenthonic, abobra, acarophobia, acerbophobia, acetylaminobenzene, acetobacter, acetobenzoic, acetobromanilide, achillobursitis, achluophobia, achroglobin, achromobacter"
contains_sequence,contains_sequence:int,INT を含む単語,4764,"abintestate, abjoint, absinth, absinthe, absinthes, absinthial, absinthian, absinthiate, absinthiated, absinthiating, absinthic, absinthiin"
contains_sequence,contains_sequence:ism,ISM を含む単語,4731,"abnormalism, abolitionism, abranchialism, absenteeism, absinthism, absinthismic, absolutism, abstentionism, abstractionism, absurdism, academicism, academism"
contains_sequence,contains_sequence:ib,IB を含む単語,4656,"abhorrible, abib, abitibi, accendibility, accendible, accessibility, accessible, accessibleness, accessibly, acquisible, addibility, addible"
contains_sequence,contains_sequence:ere,ERE を含む単語,4654,"abampere, abamperes, abdominohysterectomy, absampere, acanthocereus, accoutered, acerathere, acipenseres, acquereur, actinomere, actinostereoscopy, adhere"
contains_sequence,contains_sequence:str,STR を含む単語,4651,"abastral, abstr, abstract, abstractable, abstracted, abstractedly, abstractedness, abstracter, abstracters, abstractest, abstracting, abstraction"
contains_sequence,contains_sequence:bu,BU を含む単語,4624,"ababua, abu, abubble, abucco, abuilding, abuleia, abulia, abulias, abulic, abulyeit, abulomania, abumbral"
contains_sequence,contains_sequence:dis,DIS を含む単語,4586,"absurdism, absurdist, addis, addison, addisonian, addisoniana, adenoidism, afterdischarge, agdistis, aggrandise, aggrandised, aggrandisement"
contains_sequence,contains_sequence:pt,PT を含む単語,4578,"abaptiston, abaptistum, ableptical, ableptically, abreption, abrupt, abruptedly, abrupter, abruptest, abruptio, abruption, abruptiones"
contains_sequence,contains_sequence:ast,AST を含む単語,4565,"abastard, abastardize, abastral, ablastemic, ablastin, ablastous, abrastol, abreast, acast, acastus, acatastasia, acatastatic"
contains_sequence,contains_sequence:gra,GRA を含む単語,4525,"accelerograph, acrography, acromonogrammatic, actinautography, actinautographic, actinogram, actinograph, actinography, actinographic, acutograve, addressograph, adenographer"
contains_sequence,contains_sequence:uc,UC を含む単語,4514,"abduce, abduced, abducens, abducent, abducentes, abduces, abducing, abduct, abducted, abducting, abduction, abductions"
contains_sequence,contains_sequence:her,HER を含む単語,4495,"abolisher, abolishers, accomplisher, accomplishers, acerathere, aceratherium, acher, achernar, acheron, acheronian, acherontic, acherontical"
contains_sequence,contains_sequence:ons,ONS を含む単語,4487,"abandons, abbreviations, abdications, abductions, aberrations, abjections, abjurations, ablations, ablutions, abnegations, abominations, abortions"
contains_sequence,contains_sequence:ili,ILI を含む単語,4486,"abiliment, abilitable, ability, abilities, abominability, abseiling, absorbability, accendibility, acceptability, accessability, accessibility, accountability"
contains_sequence,contains_sequence:man,MAN を含む単語,4473,"abulomania, acetobromanilide, ackman, acreman, acromania, adamance, adamances, adamancy, adamancies, adamant, adamantean, adamantine"
contains_sequence,contains_sequence:ian,IAN を含む単語,4472,"abbevillian, abderian, abdominalian, abecedarian, abecedarians, abelian, abelonian, aberdonian, abyssinian, abyssinians, abkhasian, abranchian"
contains_sequence,contains_sequence:ki,KI を含む単語,4471,"abnaki, absarokite, adiadochokinesia, adiadochokinesis, adiadokokinesi, adiadokokinesia, afluking, afterking, afterworking, agkistrodon, aikido, aikidos"
contains_sequence,contains_sequence:ric,RIC を含む単語,4469,"abbotric, abenteric, abrico, abricock, abricot, absorptiometric, abstrict, abstricted, abstricting, abstriction, abstricts, acaricidal"
contains_sequence,contains_sequence:ting,TING を含む単語,4463,"abalienating, abating, abbreviating, abdicating, abducting, aberrating, abetting, abirritating, abjudicating, ablactating, ablating, abnegating"
contains_sequence,contains_sequence:eu,EU を含む単語,4457,"abigeus, abneural, abreuvoir, acanthocereus, accoucheur, accoucheurs, accoucheuse, accoucheuses, acheulean, acquereur, acroneurosis, acrorrheuma"
contains_sequence,contains_sequence:ona,ONA を含む単語,4429,"abandonable, aberrational, ablutionary, abolitionary, abortional, absonant, absorptional, abstractional, accessional, accommodational, accretionary, acculturational"
contains_sequence,contains_sequence:ato,ATO を含む単語,4397,"abaton, abator, abators, abboccato, abbreviator, abbreviatory, abbreviators, abdicator, aberrator, aberuncator, abjudicator, abjuratory"
contains_sequence,contains_sequence:ally,ALLY を含む単語,4396,"abactinally, abdominally, abiogenetically, abiologically, abiotically, abysmally, ableptically, abnormally, aborally, aboriginally, absolutistically, academically"
contains_sequence,contains_sequence:over,OVER を含む単語,4367,"acetoveratrone, allover, allovers, antigovernment, antigovernmental, antigovernmentally, antipoverty, antroversion, antrovert, approver, approvers, archgovernor"
contains_sequence,contains_sequence:olo,OLO を含む単語,4361,"abiology, abiological, abiologically, acanthology, acanthological, acarology, acarologist, aceology, aceologic, acholoe, acholous, acidology"
contains_sequence,contains_sequence:ei,EI を含む単語,4351,"abeigh, abigei, abreid, abseil, abseiled, abseiling, abseils, absenteeism, abuleia, abulyeit, acanthodei, accueil"
contains_sequence,contains_sequence:ect,ECT を含む単語,4347,"abdominohysterectomy, abject, abjectedness, abjection, abjections, abjective, abjectly, abjectness, acatalectic, acoustoelectric, actinodielectric, actinoelectric"
contains_sequence,contains_sequence:mat,MAT を含む単語,4344,"acanthopomatous, acaridomatia, acaridomatium, acarodermatitis, acatamathesia, acclamation, acclamations, acclamator, acclamatory, acclimatable, acclimatation, acclimate"
contains_sequence,contains_sequence:mb,MB を含む単語,4324,"abarambo, abcoulomb, abscoulomb, abumbral, abumbrellar, accombination, accumb, accumbency, accumbent, accumber, acumble, adambulacral"
contains_sequence,contains_sequence:ow,OW を含む単語,4318,"ablow, abow, acknow, acknowing, acknowledge, acknowledgeable, acknowledged, acknowledgedly, acknowledgement, acknowledgements, acknowledger, acknowledgers"
contains_sequence,contains_sequence:ero,ERO を含む単語,4313,"abdominohysterotomy, acanthopterous, accelerograph, accelerometer, accelerometers, acerbityacerose, acerola, acerolas, acerose, acerous, acetabuliferous, acetylperoxide"
contains_sequence,contains_sequence:rn,RN を含む単語,4304,"abernethy, aborning, acharne, acharnement, achernar, acorn, acorned, acorns, acromiosternal, adjourn, adjournal, adjourned"
contains_sequence,contains_sequence:oph,OPH を含む単語,4301,"abiotrophy, abiotrophic, acanthophis, acanthophorous, acarophilous, acarophobia, acerbophobia, acetaminophen, acetoamidophenol, acetophenetide, acetophenetidin, acetophenetidine"
contains_sequence,contains_sequence:tro,TRO を含む単語,4264,"abiotrophy, abiotrophic, acentrous, acetyltropeine, acetoveratrone, acrotrophic, acrotrophoneurosis, actinotrocha, adrenocorticotrophic, adrenocorticotrophin, adrenocorticotropic, adrenotrophin"
contains_sequence,contains_sequence:ina,INA を含む単語,4239,"abacinate, abacination, abactinal, abactinally, abdomina, abdominal, abdominales, abdominalia, abdominalian, abdominally, abdominals, abdominovaginal"
contains_sequence,contains_sequence:tiv,TIV を含む単語,4237,"abdicative, abditive, aberrative, abirritative, abjective, abjunctive, ablatival, ablative, ablatively, ablatives, abnegative, abortive"
contains_sequence,contains_sequence:eg,EG を含む単語,4155,"abegge, abiegh, ablegate, ablegates, ablegation, abnegate, abnegated, abnegates, abnegating, abnegation, abnegations, abnegative"
contains_sequence,contains_sequence:ity,ITY を含む単語,4138,"ability, abmodality, abnormality, abnormity, abominability, aboriginality, absorbability, absorptivity, abstrusity, absurdity, accendibility, accentuality"
contains_sequence,contains_sequence:ui,UI を含む単語,4131,"abuilding, accruing, aceanthrenequinone, acequia, acequiador, acequias, acetotoluid, acetotoluide, acetotoluidine, acettoluide, acquiesce, acquiesced"
contains_sequence,contains_sequence:log,LOG を含む単語,4129,"abiology, abiological, abiologically, acanthology, acanthological, acarology, acarologist, aceology, aceologic, acidology, acylogen, acyrology"
contains_sequence,contains_sequence:und,UND を含む単語,4118,"abound, abounded, abounder, abounding, aboundingly, abounds, aboveground, abscound, abundance, abundances, abundancy, abundant"
contains_sequence,contains_sequence:ua,UA を含む単語,4111,"ababua, abatua, abevacuation, absquatulate, absquatulation, accentuable, accentual, accentuality, accentually, accentuate, accentuated, accentuates"
contains_sequence,contains_sequence:ria,RIA を含む単語,4095,"abacterial, abdaria, abderian, abecedaria, abecedarian, abecedarians, aberia, ablepharia, acantharia, acarian, acariasis, acariatre"
contains_sequence,contains_sequence:fl,FL を含む単語,4084,"acetylfluoride, acriflavin, acriflavine, adfluxion, afflate, afflated, afflation, afflatus, afflatuses, afflict, afflicted, afflictedness"
contains_sequence,contains_sequence:hr,HR を含む単語,4070,"abarthrosis, aceanthrene, aceanthrenequinone, achras, achree, achroacyte, achroanthes, achrodextrin, achrodextrinase, achroglobin, achroiocythaemia, achroiocythemia"
contains_sequence,contains_sequence:one,ONE を含む単語,4039,"abalone, abalones, abandoned, abandonedly, abandonee, abandoner, abandoners, abovementioned, abruptiones, accessioned, accessioner, aceanthrenequinone"
contains_sequence,contains_sequence:ula,ULA を含む単語,4030,"abarticular, abarticulation, absquatulate, absquatulation, acalyculate, acapsular, accumulable, accumulate, accumulated, accumulates, accumulating, accumulation"
contains_sequence,contains_sequence:ani,ANI を含む単語,4008,"aani, abanic, abulomania, accompanied, accompanier, accompanies, accompaniment, accompanimental, accompaniments, accompanist, accompanists, acetanilid"
contains_sequence,contains_sequence:min,MIN を含む単語,3980,"abdomina, abdominal, abdominales, abdominalia, abdominalian, abdominally, abdominals, abdominoanterior, abdominocardiac, abdominocentesis, abdominocystic, abdominogenital"
contains_sequence,contains_sequence:chi,CHI を含む単語,3976,"abichite, abrachia, abrachias, abranchial, abranchialism, abranchian, abranchiata, abranchiate, abranchious, acacatechin, accroaching, achier"
contains_sequence,contains_sequence:mu,MU を含む単語,3973,"abelmusk, academus, accismus, accumulable, accumulate, accumulated, accumulates, accumulating, accumulation, accumulations, accumulativ, accumulative"
contains_sequence,contains_sequence:red,RED を含む単語,3947,"abhorred, abjured, accoutered, accoutred, accredit, accreditable, accreditate, accreditation, accreditations, accredited, accreditee, accrediting"
contains_sequence,contains_sequence:nn,NN を含む単語,3943,"abannition, abonne, abonnement, acertannin, acetannin, acetyltannin, acetocinnamene, adrienne, afterdinner, agennesis, agennetic, aginner"
contains_sequence,contains_sequence:ome,OME を含む単語,3888,"abbacomes, abdomen, abdomens, aberrometer, abrasiometer, abrocome, absorptiometer, absorptiometric, acanthomeridae, accelerometer, accelerometers, accustomed"
contains_sequence,contains_sequence:fu,FU を含む単語,3879,"abuseful, abusefully, abusefulness, addressful, adventureful, adviceful, affrightful, affrightfully, affuse, affusedaffusing, affusion, affusions"
contains_sequence,contains_sequence:sta,STA を含む単語,3869,"abastard, abastardize, abintestate, abovestairs, absolutista, abstain, abstained, abstainer, abstainers, abstaining, abstainment, abstains"
contains_sequence,contains_sequence:ps,PS を含む単語,3858,"abamps, abbotships, ablepsy, ablepsia, acampsia, acapsular, acatalepsy, acatalepsia, achloropsia, achromatopsy, achromatopsia, achropsia"
contains_sequence,contains_sequence:ori,ORI を含む単語,3838,"aboriginal, aboriginality, aboriginally, aboriginals, aboriginary, aborigine, aborigines, acategorical, accessorial, accessories, accessorii, accessorily"
contains_sequence,contains_sequence:yl,YL を含む単語,3816,"acenaphthenyl, acenaphthylene, acetenyl, acetyl, acetylacetonates, acetylacetone, acetylamine, acetylaminobenzene, acetylaniline, acetylasalicylic, acetylate, acetylated"
contains_sequence,contains_sequence:gu,GU を含む単語,3806,"achagua, acridophagus, acrologue, acrorhagus, actinologue, acutangular, acutilinguae, acutilingual, aedeagus, aedoeagus, aerogun, aetiologue"
contains_sequence,contains_sequence:nat,NAT を含む単語,3795,"abacinate, abacination, abalienate, abalienated, abalienating, abalienation, abominate, abominated, abominates, abominating, abomination, abominations"
contains_sequence,contains_sequence:ial,IAL を含む単語,3787,"abacterial, abaxial, abbatial, abranchial, abranchialism, absinthial, abstinential, academial, acadialite, acanthial, acapnial, accessorial"
contains_sequence,contains_sequence:pho,PHO を含む単語,3787,"acalephoid, acanthophorous, acarophobia, acerbophobia, achluophobia, acouophonia, acousticophobia, acquophonia, acrophobia, acrophonetic, acrophony, acrophonic"
contains_sequence,contains_sequence:ell,ELL を含む単語,3775,"abumbrellar, acappella, acarpellous, acellular, acetylcellulose, achatinella, aconelline, adamellite, adenocellulitis, adipocellulose, adumbrellar, aflagellar"
contains_sequence,contains_sequence:ef,EF を含む単語,3771,"absorbefacient, abuseful, abusefully, abusefulness, acneform, adventureful, adviceful, aefald, aefaldy, aefaldness, aefauld, aeronef"
contains_sequence,contains_sequence:pu,PU を含む単語,3768,"acapu, acapulco, acromioscapular, acupunctuate, acupunctuation, acupuncturation, acupuncturator, acupuncture, acupunctured, acupuncturing, acupuncturist, acupuncturists"
contains_sequence,contains_sequence:cti,CTI を含む単語,3766,"abactinal, abactinally, abaction, abducting, abduction, abductions, abjection, abjections, abjective, abjunction, abjunctive, abreacting"
contains_sequence,contains_sequence:ish,ISH を含む単語,3766,"abolish, abolishable, abolished, abolisher, abolishers, abolishes, abolishing, abolishment, abolishments, accomplish, accomplishable, accomplished"
contains_sequence,contains_sequence:lis,LIS を含む単語,3749,"abnormalise, abnormalised, abnormalising, abnormalism, abnormalist, abolish, abolishable, abolished, abolisher, abolishers, abolishes, abolishing"
contains_sequence,contains_sequence:sl,SL を含む単語,3741,"abashlessly, abstemiously, accessless, acidulously, acrimoniously, acrogenously, adscititiously, adulterously, advantageously, adventitiously, adventurously, agelessly"
contains_sequence,contains_sequence:emi,EMI を含む単語,3736,"ablastemic, abstemious, abstemiously, abstemiousness, academia, academial, academian, academias, academic, academical, academically, academicals"
contains_sequence,contains_sequence:yp,YP を含む単語,3724,"acalypha, acalypterae, acalyptrata, acalyptratae, acalyptrate, acetoxyphthalide, adenohypersthenia, adenohypophyseal, adenohypophysial, adenohypophysis, adenotyphoid, adenotyphus"
contains_sequence,contains_sequence:and,AND を含む単語,3721,"aband, abandon, abandonable, abandoned, abandonedly, abandonee, abandoner, abandoners, abandoning, abandonment, abandonments, abandons"
contains_sequence,contains_sequence:cat,CAT を含む単語,3710,"abacate, abboccato, abdicate, abdicated, abdicates, abdicating, abdication, abdications, abdicative, abdicator, aberuncate, aberuncator"
contains_sequence,contains_sequence:rop,ROP を含む単語,3697,"abiotrophy, abiotrophic, acarophilous, acarophobia, acetyltropeine, achlorophyllous, achloropsia, achondroplasia, achondroplastic, achropsia, acroparalysis, acroparesthesia"
contains_sequence,contains_sequence:oa,OA を含む単語,3659,"abbroachment, abdominoanterior, aboard, aboardage, aboveboard, abroach, abroad, accoast, accroach, accroached, accroaching, accroachment"
contains_sequence,contains_sequence:ud,UD を含む単語,3654,"abjudge, abjudged, abjudging, abjudicate, abjudicated, abjudicating, abjudication, abjudicator, ablude, aboudikro, abstrude, acaudal"
contains_sequence,contains_sequence:ys,YS を含む単語,3642,"abbeys, abbeystead, abbeystede, abdominocystic, abdominohysterectomy, abdominohysterotomy, abhenrys, abys, abysm, abysmal, abysmally, abysms"
contains_sequence,contains_sequence:che,CHE を含む単語,3639,"abouchement, accouche, accouchement, accouchements, accoucheur, accoucheurs, accoucheuse, accoucheuses, accroached, ache, acheat, achech"
contains_sequence,contains_sequence:nis,NIS を含む単語,3635,"abiogenist, abolitionise, abolitionised, abolitionising, abolitionism, abolitionist, abolitionists, abortionist, abortionists, abstentionism, abstentionist, abstractionism"
contains_sequence,contains_sequence:nal,NAL を含む単語,3626,"abactinal, abactinally, abdominal, abdominales, abdominalia, abdominalian, abdominally, abdominals, abdominovaginal, aberrational, aboriginal, aboriginality"
contains_sequence,contains_sequence:nter,NTER を含む単語,3622,"abdominoanterior, abenteric, absenter, absenters, accounter, accounters, acounter, aerenterectasia, aeroenterectasia, affronter, ailantery, alimenter"
contains_sequence,contains_sequence:tive,TIVE を含む単語,3622,"abdicative, abditive, aberrative, abirritative, abjective, abjunctive, ablative, ablatively, ablatives, abnegative, abortive, abortively"
contains_sequence,contains_sequence:ill,ILL を含む単語,3610,"abbevillian, abilla, achill, achillea, achillean, achilleas, achilleid, achillein, achilleine, achilles, achillize, achillobursitis"
contains_sequence,contains_sequence:wi,WI を含む単語,3609,"achomawi, acknowing, afterwisdom, afterwise, afterwit, afterwitted, afwillite, airwise, alawi, alewife, alewives, alikewise"
contains_sequence,contains_sequence:met,MET を含む単語,3576,"aberrometer, abrasiometer, absorptiometer, absorptiometric, accelerometer, accelerometers, acemetae, acemetic, acetylmethylcarbinol, acetimeter, acetimetry, acetimetric"
contains_sequence,contains_sequence:nce,NCE を含む単語,3565,"abaisance, abearance, abeyance, abeyances, abencerrages, aberrance, abhorrence, abhorrences, abidance, abidances, abience, abondance"
contains_sequence,contains_sequence:pp,PP を含む単語,3565,"acappella, aftersupper, aganippe, airdropped, airdropping, alcippe, aleppine, aleppo, antishipping, antisnapper, aplopappus, app"
contains_sequence,contains_sequence:cy,CY を含む単語,3554,"abbacy, abbotcy, abdominocystic, abeyancy, aberrancy, abhorrency, abnormalcy, absorbancy, absorbency, abstinency, abundancy, acceptancy"
contains_sequence,contains_sequence:fa,FA を含む単語,3546,"abfarad, abfarads, abortifacient, absfarad, absorbefacient, aefald, aefaldy, aefaldness, aefauld, aerifaction, aface, afaced"
contains_sequence,contains_sequence:ele,ELE を含む単語,3542,"abele, abeles, acaudelescent, accelerable, accelerando, accelerant, accelerate, accelerated, acceleratedly, accelerates, accelerating, acceleratingly"
contains_sequence,contains_sequence:lt,LT を含む単語,3534,"abeltree, absvolt, abvolt, abvolts, accultural, acculturate, acculturated, acculturates, acculturating, acculturation, acculturational, acculturationist"
contains_sequence,contains_sequence:ment,MENT を含む単語,3514,"abandonment, abandonments, abasement, abasements, abashment, abashments, abatement, abatements, abbroachment, abetment, abetments, abiliment"
contains_sequence,contains_sequence:ise,ISE を含む単語,3512,"abaised, abaiser, abatised, abatises, abattised, abattises, abhiseka, abnormalise, abnormalised, abolitionise, abolitionised, abscise"
contains_sequence,contains_sequence:rp,RP を含む単語,3503,"absorpt, absorptance, absorptiometer, absorptiometric, absorption, absorptional, absorptions, absorptive, absorptively, absorptiveness, absorptivity, acanthocarpous"
contains_sequence,contains_sequence:av,AV を含む単語,3487,"abave, aberdavine, acceptavit, acriflavin, acriflavine, acromioclavicular, acutograve, aeolsklavier, affidavy, affydavy, affidavit, affidavits"
contains_sequence,contains_sequence:we,WE を含む単語,3480,"acheweed, adawe, advowee, adwesch, aflower, afterswell, agueweed, agueweeds, ailweed, aiseweed, allowed, allowedly"
contains_sequence,contains_sequence:par,PAR を含む単語,3473,"acroparalysis, acroparesthesia, afterpart, airpark, airparks, albuminiparous, alpargata, ambiparous, amparo, angioparalysis, angioparalytic, angioparesis"
contains_sequence,contains_sequence:tl,TL を含む単語,3469,"aberrantly, abhorrently, abjectly, abristle, abruptly, absently, abstinently, abstractly, abundantly, accentless, accidently, accordantly"
contains_sequence,contains_sequence:for,FOR を含む単語,3448,"acariform, acetabuliform, aciform, acinaciform, acinetiform, aciniform, acneform, acneiform, actiniform, aculeiform, adeniform, adiantiform"
contains_sequence,contains_sequence:ide,IDE を含む単語,3433,"abbadide, abbasside, abide, abided, abider, abiders, abides, aboideau, aboideaus, aboideaux, aborticide, acaricide"
contains_sequence,contains_sequence:du,DU を含む単語,3429,"abandum, abduce, abduced, abducens, abducent, abducentes, abduces, abducing, abduct, abducted, abducting, abduction"
contains_sequence,contains_sequence:ost,OST を含む単語,3426,"abdominoposterior, accost, accostable, accosted, accosting, accosts, acetostearin, acidosteophyte, acost, acromiosternal, acrostic, acrostical"
contains_sequence,contains_sequence:mm,MM を含む単語,3424,"accommodable, accommodableness, accommodate, accommodated, accommodately, accommodateness, accommodates, accommodating, accommodatingly, accommodatingness, accommodation, accommodational"
contains_sequence,contains_sequence:ue,UE を含む単語,3421,"abattue, abaue, ablaqueate, abluent, abluents, accrue, accrued, accruement, accruer, accrues, accueil, achaque"
contains_sequence,contains_sequence:nf,NF を含む単語,3416,"ahnfeltia, anfeeld, anfract, anfractuose, anfractuosity, anfractuous, anfractuousness, anfracture, angelinformal, anteroinferior, anticonfederationism, anticonfederationist"
contains_sequence,contains_sequence:mis,MIS を含む単語,3403,"abramis, academise, academised, academising, academism, academist, acmispon, acosmism, acosmist, acosmistic, actinochemistry, admissability"
contains_sequence,contains_sequence:rap,RAP を含む単語,3394,"acarapis, accelerograph, acrography, actinautography, actinautographic, actinograph, actinography, actinographic, actinotherapeutic, actinotherapeutics, actinotherapy, addressograph"
contains_sequence,contains_sequence:rea,REA を含む単語,3386,"abreact, abreacted, abreacting, abreaction, abreactions, abreacts, abreast, accrease, acetylurea, acorea, acreable, acreage"
contains_sequence,contains_sequence:ev,EV を含む単語,3382,"abbevillian, abbrev, abbreviatable, abbreviate, abbreviated, abbreviately, abbreviates, abbreviating, abbreviation, abbreviations, abbreviator, abbreviatory"
contains_sequence,contains_sequence:rac,RAC を含む単語,3378,"abdominothoracic, abracadabra, abrachia, abrachias, abstract, abstractable, abstracted, abstractedly, abstractedness, abstracter, abstracters, abstractest"
contains_sequence,contains_sequence:nic,NIC を含む単語,3371,"aaronic, aaronical, abanic, abietinic, abyssobenthonic, abortogenic, acanonical, acetylcholinic, acetylenic, acetonic, achromatinic, achronical"
contains_sequence,contains_sequence:ris,RIS を含む単語,3357,"abaris, abris, abristle, acrisy, acrisia, acrisius, actorish, acupuncturist, acupuncturists, adiaphorism, adiaphorist, adiaphoristic"
contains_sequence,contains_sequence:tal,TAL を含む単語,3308,"abdominogenital, abettal, abettals, abuttal, abuttals, acatalectic, acatalepsy, acatalepsia, acataleptic, acatallactic, accidental, accidentalism"
contains_sequence,contains_sequence:cha,CHA を含む単語,3298,"achaean, achaemenian, achaemenid, achaemenidae, achaemenidian, achaenocarp, achaenodon, achaeta, achaetous, achafe, achage, achagua"
contains_sequence,contains_sequence:lar,LAR を含む単語,3296,"abarticular, ablare, abumbrellar, acapsular, acellular, acetabular, acetabularia, acheilary, achilary, acicular, acicularity, acicularly"
contains_sequence,contains_sequence:nu,NU を含む単語,3295,"abbotnullius, abnumerable, abrenunciate, abrenunciation, abrotanum, acetonuria, acetonurometer, acinuni, acinus, aconuresis, acromyotonus, actinocrinus"
contains_sequence,contains_sequence:phi,PHI を含む単語,3278,"abiotrophic, acanthophis, acarophilous, acetomorphin, acetomorphine, achromatophil, achromatophile, achromatophilia, achromatophilic, achromophilous, acidophil, acidophile"
contains_sequence,contains_sequence:rg,RG を含む単語,3250,"aargh, aarrgh, aarrghh, absterge, absterged, abstergent, absterges, absterging, aciurgy, admarginate, adrenergic, afterdischarge"
contains_sequence,contains_sequence:ini,INI を含む単語,3247,"abietinic, abyssinia, abyssinian, abyssinians, abstaining, acanthodini, acetylcholinic, achatinidae, achromatinic, acini, acinic, aciniform"
contains_sequence,contains_sequence:oma,OMA を含む単語,3240,"aboma, abomas, abomasa, abomasal, abomasi, abomasum, abomasus, abomasusi, abrocoma, abroma, abulomania, acanthoma"
contains_sequence,contains_sequence:ace,ACE を含む単語,3239,"acacetin, acanaceous, acanthaceae, acanthaceous, ace, aceacenaphthene, aceanthrene, aceanthrenequinone, acecaffin, acecaffine, aceconitic, aced"
contains_sequence,contains_sequence:lli,LLI を含む単語,3231,"abbevillian, abbotnullius, achillize, aconelline, actinobaccilli, actinobacilli, adamellite, aeroballistic, aeroballistics, aetiophyllin, afwillite, albarelli"
contains_sequence,contains_sequence:rec,REC を含む単語,3223,"abdominohysterectomy, adrectal, aerenterectasia, aeroenterectasia, afterreckoning, albrecht, algesireceptor, anorectal, anorectic, anorectous, anteresurrection, antiinsurrectionally"
contains_sequence,contains_sequence:sto,STO を含む単語,3222,"abaptiston, abiston, ablastous, abrastol, absistos, abstort, accustom, accustomation, accustomed, accustomedly, accustomedness, accustoming"
contains_sequence,contains_sequence:wo,WO を含む単語,3212,"aardwolf, aardwolves, adderwort, afterword, afterwork, afterworking, afterworld, afterwort, agalawood, agalwood, agalwoods, agilawood"
contains_sequence,contains_sequence:eli,ELI を含む単語,3206,"abelia, abelian, abelicea, abelite, adelia, adelina, adeline, adeling, adelite, adeliza, aeciotelia, aecioteliospore"
contains_sequence,contains_sequence:gen,GEN を含む単語,3202,"abdominogenital, abiogeneses, abiogenesis, abiogenesist, abiogenetic, abiogenetical, abiogenetically, abiogeny, abiogenist, abiogenous, abortogenic, abstergent"
contains_sequence,contains_sequence:com,COM を含む単語,3188,"abbacomes, abrocoma, abrocome, accombination, accommodable, accommodableness, accommodate, accommodated, accommodately, accommodateness, accommodates, accommodating"
contains_sequence,contains_sequence:len,LEN を含む単語,3187,"abilene, ablend, ableness, abominableness, absolent, acceptableness, accessibleness, accolent, accommodableness, accountableness, acenaphthylene, acetylenation"
contains_sequence,contains_sequence:enes,ENES を含む単語,3175,"abiogeneses, abiogenesis, abiogenesist, ableness, abominableness, abortiveness, abrasiveness, absoluteness, absorptiveness, abstersiveness, abstractiveness, abstruseness"
contains_sequence,contains_sequence:oli,OLI を含む単語,3172,"abyssolith, abolish, abolishable, abolished, abolisher, abolishers, abolishes, abolishing, abolishment, abolishments, abolition, abolitionary"
contains_sequence,contains_sequence:nta,NTA を含む単語,3151,"absentation, accidental, accidentalism, accidentalist, accidentality, accidentally, accidentalness, accidentals, accidentary, accidentarily, accompanimental, accountability"
contains_sequence,contains_sequence:olog,OLOG を含む単語,3147,"abiology, abiological, abiologically, acanthology, acanthological, acarology, acarologist, aceology, aceologic, acidology, acyrology, acyrological"
contains_sequence,contains_sequence:aph,APH を含む単語,3137,"acataphasia, accelerograph, aceacenaphthene, acenaphthene, acenaphthenyl, acenaphthylene, acetnaphthalide, acetonaphthone, acrography, actinautography, actinautographic, actinograph"
contains_sequence,contains_sequence:mon,MON を含む単語,3133,"acantholimon, aclemon, acrimony, acrimonies, acrimonious, acrimoniously, acrimoniousness, acromonogrammatic, ademonist, adenophlegmon, adenostemonous, admonish"
contains_sequence,contains_sequence:car,CAR を含む単語,3127,"abdominocardiac, acanthocarpous, acara, acarapis, acarari, acardia, acardiac, acardite, acari, acarian, acariasis, acariatre"
contains_sequence,contains_sequence:tat,TAT を含む単語,3106,"abietate, abintestate, abirritate, abirritated, abirritating, abirritation, abirritative, ablactate, ablactated, ablactating, ablactation, absentation"
contains_sequence,contains_sequence:ten,TEN を含む単語,3105,"abietene, absoluteness, abstention, abstentionism, abstentionist, abstentions, abstentious, accommodateness, accurateness, acetenyl, acutenaculum, acuteness"
contains_sequence,contains_sequence:unc,UNC を含む単語,3095,"aberuncate, aberuncator, abjunct, abjunction, abjunctive, abrenounce, abrenunciate, abrenunciation, acupunctuate, acupunctuation, acupuncturation, acupuncturator"
contains_sequence,contains_sequence:tis,TIS を含む単語,3094,"abaptiston, abaptistum, abatis, abatised, abatises, abattis, abattised, abattises, absolutism, absolutist, absolutista, absolutistic"
contains_sequence,contains_sequence:erm,ERM を含む単語,3090,"abterminal, acarodermatitis, accouterment, accouterments, achromoderma, acrodermatitis, acroscleroderma, actinodermatitis, adenodermia, adermia, adermin, adermine"
contains_sequence,contains_sequence:lan,LAN を含む単語,3087,"acanthocephalan, acephalan, acetylaniline, acetmethylanilide, acidulant, acutiplantar, adelantado, adelantados, adelante, aerohydroplane, aeroplane, aeroplaner"
contains_sequence,contains_sequence:rb,RB を含む単語,3081,"absorb, absorbability, absorbable, absorbance, absorbancy, absorbant, absorbed, absorbedly, absorbedness, absorbefacient, absorbency, absorbencies"
contains_sequence,contains_sequence:sub,SUB を含む単語,3067,"alveolosubnasal, antisubmarine, antisubstance, assubjugate, ausubo, ausubos, auxosubstance, bisubstituted, bisubstitution, chasuble, chasubled, chasubles"
contains_sequence,contains_sequence:anc,ANC を含む単語,3060,"abaisance, abearance, abeyance, abeyances, abeyancy, abeyancies, aberrance, aberrancy, aberrancies, abidance, abidances, abondance"
contains_sequence,contains_sequence:ff,FF を含む単語,3056,"abaff, acecaffin, acecaffine, acrestaff, adffroze, adffrozen, aff, affa, affability, affable, affableness, affably"
contains_sequence,contains_sequence:eb,EB を含む単語,3041,"aboveboard, addebted, addlebrain, addlebrained, afebrile, affeeble, ahorseback, akebi, akebia, aktiebolag, aldebaran, aldebaranium"
contains_sequence,contains_sequence:rou,ROU を含む単語,3040,"ablepharous, aboveground, acanthophorous, acanthopterous, acentrous, acerous, acetabuliferous, acheirous, acidiferous, acrosporous, actiniferous, actinophorous"
contains_sequence,contains_sequence:ak,AK を含む単語,3036,"abaka, abakas, abnaki, achakzai, acreak, adhaka, afterpeak, afterrake, agathokakological, aimak, aitutakian, aka"
contains_sequence,contains_sequence:dl,DL を含む単語,3012,"abandonedly, abasedly, abashedly, abridgedly, abruptedly, abscondedly, absentmindedly, absorbedly, abstractedly, absurdly, abusedly, acceleratedly"
contains_sequence,contains_sequence:sy,SY を含む単語,2992,"ablepsy, absyrtus, acatalepsy, acatharsy, achromatopsy, acrasy, acrisy, actressy, adipsy, advisy, aerognosy, aeroscepsy"
contains_sequence,contains_sequence:cul,CUL を含む単語,2974,"abaculi, abaculus, abarticular, abarticulation, acalculia, acalyculate, accultural, acculturate, acculturated, acculturates, acculturating, acculturation"
contains_sequence,contains_sequence:ls,LS を含む単語,2965,"aals, aasvogels, abdominals, abettals, abigails, abigailship, abnormals, aboriginals, abseils, abuttals, academicals, accidentals"
contains_sequence,contains_sequence:enc,ENC を含む単語,2945,"abencerrages, abhorrence, abhorrences, abhorrency, abience, abscondence, absence, absences, absorbency, absorbencies, abstinence, abstinency"
contains_sequence,contains_sequence:mic,MIC を含む単語,2925,"ablastemic, abrahamic, absinthismic, academic, academical, academically, academicals, academician, academicians, academicianship, academicism, academics"
contains_sequence,contains_sequence:ete,ETE を含む単語,2924,"aberrometer, abietene, abolete, abrasiometer, absorptiometer, accelerometer, accelerometers, accrete, accreted, accretes, acetenyl, acetimeter"
contains_sequence,contains_sequence:sis,SIS を含む単語,2919,"abarthrosis, abdominocentesis, abiogenesis, abiogenesist, abiosis, absis, absist, absistos, acantholysis, acanthosis, acariasis, acarinosis"
contains_sequence,contains_sequence:lic,LIC を含む単語,2902,"abelicea, aboulic, abulic, acatholic, accomplice, accomplices, accompliceship, accomplicity, acetylasalicylic, acetylic, acetylsalicylate, acetylsalicylic"
contains_sequence,contains_sequence:ral,RAL を含む単語,2886,"abastral, abneural, aboral, aborally, abumbral, accipitral, accultural, acetochloral, acieral, acousticolateral, acraldehyde, acromiohumeral"
contains_sequence,contains_sequence:ard,ARD を含む単語,2884,"aardvark, aardvarks, aardwolf, aardwolves, abastard, abastardize, abdominocardiac, aboard, aboardage, aboveboard, acardia, acardiac"
contains_sequence,contains_sequence:pha,PHA を含む単語,2872,"ablepharia, ablepharon, ablepharous, ablepharus, acalepha, acalephae, acalephan, acalypha, acanthocephala, acanthocephalan, acanthocephali, acanthocephalous"
contains_sequence,contains_sequence:call,CALL を含む単語,2871,"abiogenetically, abiologically, abiotically, ableptically, absolutistically, academically, acerbically, acetometrically, achromatically, acyclically, acidimetrically, acoustically"
contains_sequence,contains_sequence:out,OUT を含む単語,2869,"about, abouts, accouter, accoutered, accoutering, accouterment, accouterments, accouters, accoutre, accoutred, accoutrement, accoutrements"
contains_sequence,contains_sequence:gh,GH を含む単語,2855,"aargh, aarrgh, aarrghh, abeigh, abiegh, abought, adighe, adight, aeolight, affreight, affreighter, affreightment"
contains_sequence,contains_sequence:ling,LING を含む単語,2846,"ablings, abseiling, acutilinguae, acutilingual, addling, addlings, adeling, aetheling, ailing, airling, airmailing, aisling"
contains_sequence,contains_sequence:nin,NIN を含む単語,2836,"abandoning, aborning, abstaining, accessioning, acertannin, acetannin, acetyltannin, acetophenin, acetophenine, aconin, aconine, actinine"
contains_sequence,contains_sequence:ros,ROS を含む単語,2832,"abarthrosis, aberroscope, abrosia, abrosias, acerbityacerose, acerose, acetylrosaniline, acroneurosis, acrosarc, acrosarca, acrosarcum, acroscleriasis"
contains_sequence,contains_sequence:fr,FR を含む単語,2829,"adffroze, adffrozen, adfreeze, adfreezing, adfroze, adfrozen, affray, affrayed, affrayer, affrayers, affraying, affrays"
contains_sequence,contains_sequence:oe,OE を含む単語,2822,"acholoe, acoela, acoelomata, acoelomate, acoelomatous, acoelomi, acoelomous, acoelous, acoemetae, acoemeti, acoemetic, acoenaesthesia"
contains_sequence,contains_sequence:rl,RL を含む単語,2819,"acerli, acicularly, afterlife, afterlifetime, afterlight, afterlives, afterloss, afterlove, afterworld, airless, airlessly, airlessness"
contains_sequence,contains_sequence:ont,ONT を含む単語,2817,"acherontic, acherontical, acontia, acontias, acontium, acontius, acrocontracture, acrodont, acrodontism, acrodonts, aerobiont, aerodontalgia"
contains_sequence,contains_sequence:eti,ETI を含む単語,2816,"abietic, abietin, abietineae, abietineous, abietinic, abietite, abiogenetic, abiogenetical, abiogenetically, acacetin, accompletive, accreting"
contains_sequence,contains_sequence:tom,TOM を含む単語,2814,"abdominohysterectomy, abdominohysterotomy, accustom, accustomation, accustomed, accustomedly, accustomedness, accustoming, accustomize, accustomized, accustomizing, accustoms"
contains_sequence,contains_sequence:stic,STIC を含む単語,2797,"abdominocystic, absolutistic, absolutistically, achondroplastic, aclastic, acosmistic, acoustic, acoustical, acoustically, acoustician, acousticolateral, acousticon"
contains_sequence,contains_sequence:rit,RIT を含む単語,2793,"abderite, abirritant, abirritate, abirritated, abirritating, abirritation, abirritative, achirite, achondrite, achondritic, acicularity, acrita"
contains_sequence,contains_sequence:art,ART を含む単語,2792,"abarthrosis, abarticular, abarticulation, acroarthritis, adarticulation, adelarthra, adelarthrosomata, adelarthrosomatous, adsheart, aerocartograph, aerocartography, afterpart"
contains_sequence,contains_sequence:hu,HU を含む単語,2789,"abelmoschus, acanthuridae, acanthurus, acanthus, acanthuses, acanthuthi, achuas, achuete, acolhua, acolhuan, acromiohumeral, acrostichum"
contains_sequence,contains_sequence:end,END を含む単語,2785,"abend, abends, ablend, accend, accendibility, accendible, accrescendi, accrescendo, acquirenda, addend, addenda, addends"
contains_sequence,contains_sequence:ida,IDA を含む単語,2783,"abidal, abidance, abidances, abrahamidae, acanthodidae, acanthomeridae, acanthuridae, acaricidal, acarida, acaridae, acaridan, acaridans"
contains_sequence,contains_sequence:gn,GN を含む単語,2776,"abidingness, acceptingness, accommodatingness, adiagnostic, adjoiningness, adsignify, adsignification, aegithognathae, aegithognathism, aegithognathous, aerognosy, aeromagnetic"
contains_sequence,contains_sequence:ara,ARA を含む単語,2773,"abarambo, abearance, abfarad, abfarads, absfarad, acara, acarapis, acarari, acroparalysis, adhara, afara, aftercataract"
contains_sequence,contains_sequence:ort,ORT を含む単語,2773,"abort, aborted, aborter, aborters, aborticide, abortient, abortifacient, abortin, aborting, abortion, abortional, abortionist"
contains_sequence,contains_sequence:sin,SIN を含む単語,2767,"abasing, abassin, abyssinia, abyssinian, abyssinians, abnormalising, abolitionising, abrasing, abscessing, abscising, abscisins, abscissin"
contains_sequence,contains_sequence:my,MY を含む単語,2766,"abdominohysterectomy, abdominohysterotomy, academy, achlamydate, achlamydeae, achlamydeous, acrogamy, acromyodi, acromyodian, acromyodic, acromyodous, acromyotonia"
contains_sequence,contains_sequence:inte,INTE を含む単語,2764,"abintestate, acquainted, acquaintedness, anointed, anointer, anointers, anterointerior, anterointernal, appointe, appointed, appointee, appointees"
contains_sequence,contains_sequence:eni,ENI を含む単語,2763,"abdominogenital, abiogenist, abortogenic, acetylenic, acetoarsenite, acetophenin, acetophenine, achaemenian, achaemenid, achaemenidae, achaemenidian, achenia"
contains_sequence,contains_sequence:ore,ORE を含む単語,2751,"abductores, acanthopore, acorea, acropore, acrospore, actinophore, adenophore, adenophoreus, adiaphoresis, adiaphoretic, adjustores, adore"
contains_sequence,contains_sequence:ici,ICI を含む単語,2746,"aborticide, academician, academicians, academicianship, academicism, acaricidal, acaricide, accomplicity, achromaticity, acoustician, acrosticism, actinoelectricity"
contains_sequence,contains_sequence:tes,TES を含む単語,2744,"abantes, abates, abbreviates, abdicates, abdominocentesis, abducentes, abintestate, ablates, ablegates, abnegates, abominates, abrogates"
contains_sequence,contains_sequence:pla,PLA を含む単語,2724,"achondroplasia, achondroplastic, acutiplantar, aerohydroplane, aeroplane, aeroplaner, aeroplanes, aeroplanist, aeroplankton, afterplay, afterplanting, agranuloplastic"
contains_sequence,contains_sequence:ated,ATED を含む単語,2721,"abalienated, abated, abbreviated, abdicated, aberrated, abirritated, abjudicated, ablactated, ablated, abnegated, abominated, abrogated"
contains_sequence,contains_sequence:act,ACT を含む単語,2714,"abacterial, abactinal, abactinally, abaction, abactor, ablactate, ablactated, ablactating, ablactation, abreact, abreacted, abreacting"
contains_sequence,contains_sequence:lle,LLE を含む単語,2711,"accolle, accolled, accollee, achillea, achillean, achilleas, achilleid, achillein, achilleine, achilles, admerveylle, aiguelle"
contains_sequence,contains_sequence:ds,DS を含む単語,2702,"abends, abfarads, abounds, absconds, absurds, acarids, accords, acetamids, acidheads, acids, actinoids, addends"
contains_sequence,contains_sequence:ron,RON を含む単語,2701,"aaron, aaronic, aaronical, aaronite, aaronitic, ablepharon, abronia, acetopiperone, acetoveratrone, acheron, acheronian, acherontic"
contains_sequence,contains_sequence:ngl,NGL を含む単語,2678,"abidingly, aboundingly, absorbingly, acceleratingly, acceptingly, accommodatingly, accordingly, accusingly, achingly, acquiescingly, adangle, admiringly"
contains_sequence,contains_sequence:lla,LLA を含む単語,2675,"abilla, abolla, abollae, abumbrellar, acappella, acatallactic, achatinella, admaxillary, adrenomedullary, adullam, adullamite, adumbrellar"
contains_sequence,contains_sequence:ang,ANG を含む単語,2667,"abanga, achango, acutangular, adangle, aganglionic, ajangle, alang, alange, alangiaceae, alangin, alangine, alangium"
contains_sequence,contains_sequence:anti,ANTI を含む単語,2644,"abundantia, adamantine, adamantinoma, adiantiform, aeromantic, afterplanting, ailantine, alantic, alantin, allantiasis, alloantibody, alloxantin"
contains_sequence,contains_sequence:tur,TUR を含む単語,2629,"abature, abbreviature, acciaccatura, acciaccaturas, acciaccature, acclimature, accordatura, accordaturas, accordature, accultural, acculturate, acculturated"
contains_sequence,contains_sequence:oid,OID を含む単語,2626,"aboideau, aboideaus, aboideaux, acalephoid, acanthoid, acaroid, accroides, acidoid, acipenseroid, acipenseroidei, acrocoracoid, acromiocoracoid"
contains_sequence,contains_sequence:ik,IK を含む単語,2618,"aboudikro, adultlike, afikomen, afrikaans, afrikander, afrikanderdom, afrikanderism, afrikaner, agatelike, aguelike, aik, aikane"
contains_sequence,contains_sequence:uns,UNS を含む単語,2606,"accounsel, adnouns, afterguns, blowguns, bosuns, braunschweiger, brunswick, buns, bunsen, bunsenite, cajuns, calsouns"
contains_sequence,contains_sequence:led,LED を含む単語,2598,"abled, abseiled, accolled, acknowledge, acknowledgeable, acknowledged, acknowledgedly, acknowledgement, acknowledgements, acknowledger, acknowledgers, acknowledges"
contains_sequence,contains_sequence:ler,LER を含む単語,2595,"abler, accelerable, accelerando, accelerant, accelerate, accelerated, acceleratedly, accelerates, accelerating, acceleratingly, acceleration, accelerations"
contains_sequence,contains_sequence:rom,ROM を含む単語,2595,"aberrometer, abroma, accelerometer, accelerometers, acetbromamide, acetobromanilide, acetonurometer, achroma, achromacyte, achromasia, achromat, achromate"
contains_sequence,contains_sequence:ay,AY を含む単語,2591,"abacay, abay, abayah, abbaye, abhinaya, abray, aday, adays, adlay, affray, affrayed, affrayer"
contains_sequence,contains_sequence:ssi,SSI を含む単語,2588,"abassi, abassin, abbassi, abbasside, abessive, abyssinia, abyssinian, abyssinians, abscessing, abscession, abscissin, abscission"
contains_sequence,contains_sequence:cho,CHO を含む単語,2584,"acacatechol, acetylcholine, acetylcholinesterase, acetylcholinic, achoke, acholia, acholias, acholic, acholoe, acholous, acholuria, acholuric"
contains_sequence,contains_sequence:ndi,NDI を含む単語,2584,"abounding, aboundingly, absconding, accendibility, accendible, accrescendi, aggrandise, aggrandised, aggrandisement, aggrandiser, aggrandising, aggrandizable"
contains_sequence,contains_sequence:sn,SN を含む単語,2567,"abstemiousness, acidulousness, acrimoniousness, adiaphanousness, adulterousness, advantageousness, adventitiousness, adventurousness, affectlessness, agelessness, aimlessness, airlessness"
contains_sequence,contains_sequence:ath,ATH を含む単語,2556,"acatamathesia, acatharsy, acatharsia, acatholic, acerathere, aceratherium, acrobatholithic, acropathy, acropathology, adenopathy, adiathermal, adiathermancy"
contains_sequence,contains_sequence:vo,VO を含む単語,2547,"aasvogel, aasvogels, abreuvoir, absvolt, abvolt, abvolts, acclivous, acervose, advocaat, advocacy, advocacies, advocate"
contains_sequence,contains_sequence:np,NP を含む単語,2537,"affenpinscher, antiturnpikeism, apopenptic, azinphosmethyl, beanpole, beanpoles, brainpan, brainpans, brainpower, brownprint, cannonproof, chainplate"
contains_sequence,contains_sequence:din,DIN を含む単語,2532,"abiding, abidingly, abidingness, aboding, abounding, aboundingly, abrading, absconding, abuilding, acanthodini, acceding, according"
contains_sequence,contains_sequence:ner,NER を含む単語,2525,"abandoner, abandoners, abner, abnerval, abstainer, abstainers, accessioner, actioner, adjoiner, admonitioner, adnerval, adorner"
contains_sequence,contains_sequence:nder,NDER を含む単語,2524,"abounder, absconder, absconders, africander, afrikander, afrikanderdom, afrikanderism, alexander, alexanders, alisanders, almander, amender"
contains_sequence,contains_sequence:phy,PHY を含む単語,2521,"abiotrophy, achlorophyllous, acidosteophyte, acroasphyxia, acrography, actinautography, actinography, actinomorphy, adenography, adenohypophyseal, adenohypophysial, adenohypophysis"
contains_sequence,contains_sequence:ure,URE を含む単語,2518,"abature, abbreviature, abiuret, abjure, abjured, abjurement, abjurer, abjurers, abjures, acciaccature, acclimature, accordature"
contains_sequence,contains_sequence:ret,RET を含む単語,2512,"abiuret, abret, accretal, accrete, accreted, accretes, accreting, accretion, accretionary, accretions, accretive, acetylbiuret"
contains_sequence,contains_sequence:ita,ITA を含む単語,2504,"abdominogenital, abilitable, abirritant, abirritate, abirritated, abirritating, abirritation, abirritative, accreditable, accreditate, accreditation, accreditations"
contains_sequence,contains_sequence:osi,OSI を含む単語,2498,"abarthrosis, abiosis, abrosia, abrosias, acanthosis, acarinosis, acataposis, aceratosis, acetosity, achromatosis, acidosis, acrocyanosis"
contains_sequence,contains_sequence:ora,ORA を含む単語,2496,"abdominothoracic, aborad, aboral, aborally, accorporate, accorporation, acetochloral, acrocoracoid, acromiocoracoid, acromiothoracic, acropora, acrothoracica"
contains_sequence,contains_sequence:etr,ETR を含む単語,2493,"absorptiometric, acetimetry, acetimetric, acetometry, acetometric, acetometrical, acetometrically, acetract, acidimetry, acidimetric, acidimetrical, acidimetrically"
contains_sequence,contains_sequence:less,LESS を含む単語,2492,"abashless, abashlessly, ablesse, accentless, accessless, actionless, actless, adless, adverbless, affectionless, affectless, affectlessness"
contains_sequence,contains_sequence:ogi,OGI を含む単語,2492,"abiological, abiologically, acanthological, acarologist, aceologic, acyrological, acologic, acrologic, acrologically, acrologies, acrologism, adenological"
contains_sequence,contains_sequence:shi,SHI を含む単語,2491,"abashing, abbotship, abbotships, abigailship, abolishing, absenteeship, academicianship, accessaryship, accompliceship, accomplishing, accountantship, aceship"
contains_sequence,contains_sequence:age,AGE を含む単語,2482,"abatage, abattage, abencerrages, aboardage, abthanage, abusage, accourage, achage, acierage, acreage, acreages, adage"
contains_sequence,contains_sequence:tan,TAN を含む単語,2481,"abirritant, abrotanum, absorptance, acceptance, acceptances, acceptancy, acceptancies, acceptant, accountancy, accountant, accountants, accountantship"
contains_sequence,contains_sequence:ht,HT を含む単語,2472,"abought, accomplisht, aceacenaphthene, acenaphthene, acenaphthenyl, acenaphthylene, acetnaphthalide, acetonaphthone, acetoxyphthalide, achtehalber, achtel, achtelthaler"
contains_sequence,contains_sequence:hor,HOR を含む単語,2470,"abdominothoracic, abhor, abhorred, abhorrence, abhorrences, abhorrency, abhorrent, abhorrently, abhorrer, abhorrers, abhorrible, abhorring"
contains_sequence,contains_sequence:nit,NIT を含む単語,2470,"aaronite, aaronitic, abannition, abdominogenital, aceconitic, acetoarsenite, acetonitrile, aconital, aconite, aconites, aconitia, aconitic"
contains_sequence,contains_sequence:ach,ACH を含む単語,2466,"abbroachment, ablach, abrachia, abrachias, abroach, accroach, accroached, accroaching, accroachment, ach, achaean, achaemenian"
contains_sequence,contains_sequence:ses,SES を含む単語,2462,"abacuses, abases, abatises, abattises, abbesses, abiogeneses, abioses, abysses, abortuses, abscesses, abscises, abstrusenesses"
contains_sequence,contains_sequence:tho,THO を含む単語,2459,"abdominothoracic, abyssobenthonic, absinthol, absinthole, acanthocarpous, acanthocephala, acanthocephalan, acanthocephali, acanthocephalous, acanthocereus, acanthocladous, acanthodea"
contains_sequence,contains_sequence:tica,TICA を含む単語,2459,"abbatical, abiogenetical, abiogenetically, abiotical, abiotically, ableptical, ableptically, absolutistically, acherontical, achromatically, acoustical, acoustically"
contains_sequence,contains_sequence:den,DEN を含む単語,2458,"abadengo, abidden, abscondence, accedence, accidence, accidency, accidencies, accident, accidental, accidentalism, accidentalist, accidentality"
contains_sequence,contains_sequence:tte,TTE を含む単語,2455,"abetted, abetter, abetters, abutted, abutter, abutters, acquitted, acquitter, admitted, admittedly, admittee, admitter"
contains_sequence,contains_sequence:bil,BIL を含む単語,2444,"abilao, abilene, abiliment, abilitable, ability, abilities, abilla, abilo, abominability, absorbability, accendibility, acceptability"
contains_sequence,contains_sequence:dia,DIA を含む単語,2443,"abadia, abdominocardiac, acadia, acadialite, acadian, acanthodian, acardia, acardiac, acarocecidia, accadian, accidia, acedia"
contains_sequence,contains_sequence:nco,NCO を含む単語,2440,"aduncous, alencon, alencons, ancodont, ancoly, ancome, ancon, ancona, anconad, anconagra, anconal, anconas"
contains_sequence,contains_sequence:ono,ONO を含む単語,2440,"abbandono, absonous, acotyledonous, acromonogrammatic, acronomy, acutonodose, adenostemonous, adiaphonon, aeronomer, aeronomy, aeronomic, aeronomical"
contains_sequence,contains_sequence:rie,RIE を含む単語,2440,"abecedaries, abhenries, abthainrie, accessaries, accessories, achromobacterieae, actuaries, acturience, adrienne, adulteries, adversaries, advisories"
contains_sequence,contains_sequence:za,ZA を含む単語,2429,"absolutization, academization, acclimatizable, acclimatization, acetalization, acetylizable, acetylization, acetonization, achakzai, achromatizable, achromatization, actualization"
contains_sequence,contains_sequence:hal,HAL を含む単語,2428,"acanthocephala, acanthocephalan, acanthocephali, acanthocephalous, acephal, acephala, acephalan, acephali, acephalia, acephalina, acephaline, acephalism"
contains_sequence,contains_sequence:mer,MER を含む単語,2424,"abnumerable, acanthomeridae, acclaimer, acclaimers, acromiohumeral, actinomere, actinomeric, admerveylle, aerocamera, aeronomer, affirmer, affirmers"
contains_sequence,contains_sequence:oto,OTO を含む単語,2414,"abdominohysterotomy, acarotoxic, acetotoluid, acetotoluide, acetotoluidine, acromyotonia, acromyotonus, acrotomous, actinotoxemia, adenotome, adenotomy, adenotomic"
contains_sequence,contains_sequence:ster,STER を含む単語,2414,"abdominohysterectomy, abdominohysterotomy, abdominoposterior, absterge, absterged, abstergent, absterges, absterging, absterse, abstersion, abstersive, abstersiveness"
contains_sequence,contains_sequence:ens,ENS を含む単語,2408,"abdomens, abducens, accensed, accension, accensor, accipenser, acensuada, acensuador, acipenser, acipenseres, acipenserid, acipenseridae"
contains_sequence,contains_sequence:ier,IER を含む単語,2401,"accompanier, acetifier, achier, acidifier, acidifiers, acier, acierage, acieral, acierate, acierated, acierates, acierating"
contains_sequence,contains_sequence:ym,YM を含む単語,2397,"abepithymia, acetylthymol, achymia, achymous, acyloxymethane, acronym, acronymic, acronymically, acronymize, acronymized, acronymizing, acronymous"
contains_sequence,contains_sequence:ring,RING を含む単語,2387,"abhorring, abjuring, accoutering, accoutring, acquiring, acrospiring, acupuncturing, adhering, adjuring, adjustoring, admeasuring, administering"
contains_sequence,contains_sequence:cro,CRO を含む単語,2380,"accroach, accroached, accroaching, accroachment, accroides, acroa, acroaesthesia, acroama, acroamata, acroamatic, acroamatical, acroamatics"
contains_sequence,contains_sequence:ass,ASS を含む単語,2376,"abassi, abassin, abbassi, abbasside, admass, aftergrass, aftermass, airmass, allassotonic, amass, amassable, amassed"
contains_sequence,contains_sequence:cc,CC を含む単語,2368,"abboccato, abucco, acc, acca, accable, accademia, accadian, acce, accede, acceded, accedence, acceder"
contains_sequence,contains_sequence:ew,EW を含む単語,2364,"ablewhackets, acheweed, acknew, aeroview, aforeward, agateware, agueweed, agueweeds, ahurewa, aircrew, aircrewman, aircrewmen"
contains_sequence,contains_sequence:ntr,NTR を含む単語,2360,"accountrement, acentric, acentrous, acrocentric, acrocontracture, adventry, agentry, agentries, alterocentric, amphicentric, ancientry, androcentric"
contains_sequence,contains_sequence:nia,NIA を含む単語,2356,"abelonian, aberdonian, abyssinia, abyssinian, abyssinians, abronia, abulomania, acapnia, acapnial, acapnias, achaemenian, achenia"
contains_sequence,contains_sequence:ug,UG を含む単語,2352,"abjugate, abought, adjugate, aeruginous, aerugo, aerugos, aforethought, afterthought, afterthoughted, afterthoughts, aguglia, ajuga"
contains_sequence,contains_sequence:unt,UNT を含む単語,2334,"account, accountability, accountable, accountableness, accountably, accountancy, accountant, accountants, accountantship, accounted, accounter, accounters"
contains_sequence,contains_sequence:las,LAS を含む単語,2323,"ablastemic, ablastin, ablastous, acerolas, acetylasalicylic, achalasia, achondroplasia, achondroplastic, aciculas, acylase, aclastic, acroblast"
contains_sequence,contains_sequence:ld,LD を含む単語,2315,"abuilding, aceldama, aceldamas, acetaldehydase, acetaldehyde, acetaldehydrase, acetaldol, achterveld, acold, acraldehyde, acrylaldehyde, aefald"
contains_sequence,contains_sequence:yn,YN を含む単語,2315,"acesodyne, acesodynous, achillodynia, acrodynia, acrogynae, acrogynous, adenodynia, adenopharyngeal, adenopharyngitis, adynamy, adynamia, adynamias"
contains_sequence,contains_sequence:hin,HIN を含む単語,2308,"aahing, abashing, abhinaya, abolishing, absinthin, absinthine, acacatechin, acanthin, acanthine, accomplishing, accroaching, acetomorphin"
contains_sequence,contains_sequence:ans,ANS を含む単語,2307,"abecedarians, abyssinians, academicians, academicianship, acaridans, actinians, adansonia, afghans, africans, afrikaans, agrarians, airmanship"
contains_sequence,contains_sequence:cor,COR を含む単語,2305,"accord, accordable, accordance, accordances, accordancy, accordant, accordantly, accordatura, accordaturas, accordature, accorded, accorder"
contains_sequence,contains_sequence:logi,LOGI を含む単語,2302,"abiological, abiologically, acanthological, acarologist, aceologic, acyrological, acologic, acrologic, acrologically, acrologies, acrologism, adenological"
contains_sequence,contains_sequence:zi,ZI を含む単語,2299,"abnormalizing, abolitionizing, abrazite, abrazitic, academizing, accessorizing, acclimatizing, acculturizing, accustomizing, acethydrazide, acetylhydrazine, acetylizing"
contains_sequence,contains_sequence:ator,ATOR を含む単語,2297,"abator, abators, abbreviator, abbreviatory, abbreviators, abdicator, aberrator, aberuncator, abjudicator, abjuratory, ablator, abnegator"
contains_sequence,contains_sequence:sup,SUP を含む単語,2297,"aftersupper, anterosuperior, antesuperior, antisupernatural, antisupernaturalism, antisupernaturalist, antisupernaturalistic, archisupreme, autosuppression, catsup, catsups, costosuperior"
contains_sequence,contains_sequence:ton,TON を含む単語,2295,"abaptiston, abaton, abiston, aburton, acetylacetonates, acetylacetone, acetonaemia, acetonaemic, acetonaphthone, acetonate, acetonation, acetone"
contains_sequence,contains_sequence:ka,KA を含む単語,2288,"abaka, abakas, abhiseka, abkar, abkari, abkary, absaroka, achkan, adhaka, afrikaans, afrikander, afrikanderdom"
contains_sequence,contains_sequence:ven,VEN を含む単語,2287,"abortiveness, abrasiveness, absolvent, absorptiveness, abstersiveness, abstractiveness, abusiveness, accommodativeness, accumulativeness, accusativeness, acquisitiveness, activeness"
contains_sequence,contains_sequence:rati,RATI を含む単語,2283,"aberrating, aberration, aberrational, aberrations, aberrative, abjuration, abjurations, accelerating, acceleratingly, acceleration, accelerations, accelerative"
contains_sequence,contains_sequence:uri,URI を含む単語,2280,"abjuring, acanthuridae, acculturize, acculturized, acculturizing, acetonuria, aceturic, acholuria, acholuric, achromaturia, aciduria, acidurias"
contains_sequence,contains_sequence:rot,ROT を含む単語,2279,"abdominohysterotomy, abrotanum, abrotin, abrotine, acarotoxic, acidoproteolytic, acrotarsial, acrotarsium, acroteleutic, acroter, acroteral, acroteria"
contains_sequence,contains_sequence:atin,ATIN を含む単語,2275,"abalienating, abating, abbreviating, abdicating, aberrating, abirritating, abjudicating, ablactating, ablating, abnegating, abominating, abrogating"
contains_sequence,contains_sequence:lity,LITY を含む単語,2272,"ability, abmodality, abnormality, abominability, aboriginality, absorbability, accendibility, accentuality, acceptability, accessability, accessibility, accidentality"
contains_sequence,contains_sequence:unde,UNDE を含む単語,2269,"abounded, abounder, afounde, aliunde, anunder, archfounder, archplunderer, astounded, asunder, bethunder, bhunder, blunder"
contains_sequence,contains_sequence:har,HAR を含む単語,2263,"ablepharia, ablepharon, ablepharous, ablepharus, acantharia, acatharsy, acatharsia, achar, acharya, achariaceae, achariaceous, acharne"
contains_sequence,contains_sequence:kin,KIN を含む単語,2258,"adiadochokinesia, adiadochokinesis, adiadokokinesi, adiadokokinesia, afluking, afterking, afterworking, aikinite, akin, akindle, akinesia, akinesic"
contains_sequence,contains_sequence:yc,YC を含む単語,2249,"acalycal, acalycine, acalycinous, acalyculate, acetylglycin, acetylglycine, achronychous, acyclic, acyclically, acolyctine, acronyc, acronycal"
contains_sequence,contains_sequence:ale,ALE を含む単語,2245,"abdominales, acale, acaleph, acalepha, acalephae, acalephan, acalephe, acalephes, acalephoid, acalephs, acatalectic, acatalepsy"
contains_sequence,contains_sequence:iu,IU を含む単語,2239,"abbotnullius, abecedarium, abecedarius, abiuret, absinthium, acaridomatium, acarocecidium, accessorius, accessoriusorii, aceratherium, acetylbiuret, acetylenediurein"
contains_sequence,contains_sequence:ino,INO を含む単語,2237,"abdominoanterior, abdominocardiac, abdominocentesis, abdominocystic, abdominogenital, abdominohysterectomy, abdominohysterotomy, abdominoposterior, abdominoscope, abdominoscopy, abdominothoracic, abdominous"
contains_sequence,contains_sequence:ser,SER を含む単語,2234,"abaiser, abaser, abasers, abraser, abstruser, abuser, abusers, accipenser, acclimatiser, accuser, accusers, acipenser"
contains_sequence,contains_sequence:erc,ERC を含む単語,2231,"aftercare, aftercareer, aftercast, aftercataract, aftercause, afterchance, afterchrome, afterchurch, afterclap, afterclause, aftercome, aftercomer"
contains_sequence,contains_sequence:ogr,OGR を含む単語,2230,"accelerograph, acrography, acromonogrammatic, actinautography, actinautographic, actinogram, actinograph, actinography, actinographic, acutograve, addressograph, adenographer"
contains_sequence,contains_sequence:ind,IND を含む単語,2227,"abscind, absentminded, absentmindedly, absentmindedness, acrindolin, acrindoline, aftergrind, ahind, akindle, amerind, amerindian, amerindians"
contains_sequence,contains_sequence:ins,INS を含む単語,2225,"ablins, abscisins, abstains, acetins, acyloins, acrasins, acroleins, actins, addlins, adjoins, adminstration, aequorins"
contains_sequence,contains_sequence:ala,ALA を含む単語,2224,"abalation, acanthocephala, acanthocephalan, acephala, acephalan, achalasia, adalat, adenomalacia, agalactia, agalactic, agalactous, agalawood"
contains_sequence,contains_sequence:cen,CEN を含む単語,2218,"abdominocentesis, abducens, abducent, abducentes, acaudelescent, acaulescence, acaulescent, accend, accendibility, accendible, accensed, accension"
contains_sequence,contains_sequence:orm,ORM を含む単語,2218,"abnormal, abnormalcy, abnormalcies, abnormalise, abnormalised, abnormalising, abnormalism, abnormalist, abnormality, abnormalities, abnormalize, abnormalized"
contains_sequence,contains_sequence:omi,OMI を含む単語,2217,"abdomina, abdominal, abdominales, abdominalia, abdominalian, abdominally, abdominals, abdominoanterior, abdominocardiac, abdominocentesis, abdominocystic, abdominogenital"
contains_sequence,contains_sequence:ber,BER を含む単語,2213,"aberdavine, aberdeen, aberdevine, aberdonian, aberduvine, aberia, abernethy, aberr, aberrance, aberrancy, aberrancies, aberrant"
contains_sequence,contains_sequence:raph,RAPH を含む単語,2205,"accelerograph, acrography, actinautography, actinautographic, actinograph, actinography, actinographic, addressograph, adenographer, adenography, adenographic, adenographical"
contains_sequence,contains_sequence:idi,IDI を含む単語,2203,"abidi, abiding, abidingly, abidingness, acarocecidia, acarocecidium, accidia, accidie, accidies, acetamidin, acetamidine, acetanisidide"
contains_sequence,contains_sequence:liz,LIZ を含む単語,2201,"abnormalize, abnormalized, abnormalizing, acetalization, acetalize, acetylizable, acetylization, acetylize, acetylized, acetylizer, acetylizing, achillize"
contains_sequence,contains_sequence:nk,NK を含む単語,2200,"aeroplankton, afterthinker, agitpunkt, ahankara, algonkian, alitrunk, anankastic, ananke, anankes, ankara, ankaramite, ankaratrite"
contains_sequence,contains_sequence:sco,SCO を含む単語,2200,"abdominoscope, abdominoscopy, aberroscope, absconce, abscond, absconded, abscondedly, abscondence, absconder, absconders, absconding, absconds"
contains_sequence,contains_sequence:qui,QUI を含む単語,2195,"aceanthrenequinone, acequia, acequiador, acequias, acquiesce, acquiesced, acquiescement, acquiescence, acquiescency, acquiescent, acquiescently, acquiescer"
contains_sequence,contains_sequence:ren,REN を含む単語,2195,"abhorrence, abhorrences, abhorrency, abhorrent, abhorrently, abrenounce, abrenunciate, abrenunciation, aceanthrene, aceanthrenequinone, acquirenda, adherence"
contains_sequence,contains_sequence:pol,POL を含む単語,2192,"acropoleis, acropolis, acropolises, acropolitan, adipolysis, adipolytic, alepole, allopolyploid, allopolyploidy, aminopolypeptidase, ampollosity, annapolis"
contains_sequence,contains_sequence:ana,ANA を含む単語,2185,"abthanage, acana, acanaceous, acanthopanax, accompanable, addisoniana, adriana, aduana, africana, ayapana, akhyana, aldermanate"
contains_sequence,contains_sequence:ely,ELY を含む単語,2180,"abbreviately, ablatively, abortively, abrasively, absolutely, absorptively, abstractively, abstrusely, abusively, accessively, accommodately, accommodatively"
contains_sequence,contains_sequence:yt,YT を含む単語,2172,"acetolytic, achroacyte, achroiocythaemia, achroiocythemia, achromacyte, achromatocyte, acidoproteolytic, acidosteophyte, acolyte, acolytes, acolyth, acolythate"
contains_sequence,contains_sequence:nch,NCH を含む単語,2169,"abranchial, abranchialism, abranchian, abranchiata, abranchiate, abranchious, actinenchyma, actinobranch, actinobranchia, adrench, aerenchyma, aerobranchia"
contains_sequence,contains_sequence:roc,ROC を含む単語,2169,"abrocoma, abrocome, acarocecidia, acarocecidium, acrocarpi, acrocarpous, acrocentric, acrocephaly, acrocephalia, acrocephalic, acrocephalous, acrocera"
contains_sequence,contains_sequence:col,COL を含む単語,2167,"accolade, accoladed, accolades, accolated, accolent, accoll, accolle, accolled, accollee, acolapissa, acold, acolhua"
contains_sequence,contains_sequence:gly,GLY を含む単語,2166,"abidingly, aboundingly, absorbingly, acceleratingly, acceptingly, accommodatingly, accordingly, accusingly, acetylglycin, acetylglycine, achingly, acquiescingly"
contains_sequence,contains_sequence:eno,ENO を含む単語,2165,"abiogenous, abrenounce, acetylenogen, acetylphenol, acetoamidophenol, acetophenone, acetothienone, achaenocarp, achaenodon, achenocarp, achenodia, achenodium"
contains_sequence,contains_sequence:rous,ROUS を含む単語,2154,"ablepharous, acanthophorous, acanthopterous, acentrous, acerous, acetabuliferous, acheirous, acidiferous, acrosporous, actiniferous, actinophorous, actinopterous"
contains_sequence,contains_sequence:iat,IAT を含む単語,2146,"abbreviatable, abbreviate, abbreviated, abbreviately, abbreviates, abbreviating, abbreviation, abbreviations, abbreviator, abbreviatory, abbreviators, abbreviature"
contains_sequence,contains_sequence:af,AF を含む単語,2143,"abaff, abaft, acecaffin, acecaffine, achafe, acrestaff, adcraft, adhafera, aerocraft, aface, afaced, afacing"
contains_sequence,contains_sequence:of,OF を含む単語,2141,"aboveproof, acidproof, adenofibroma, adenofibrosis, adenoliomyofibroma, adenomyofibroma, adipofibroma, aecidioform, aerofoil, aerofoils, affloof, afterproof"
contains_sequence,contains_sequence:sse,SSE を含む単語,2136,"abaisse, abaissed, abbesses, abesse, abysses, ablesse, abscessed, abscesses, abscisse, abstrusenesses, accessed, accesses"
contains_sequence,contains_sequence:xi,XI を含む単語,2136,"abacaxi, abaxial, abaxile, acarotoxic, acetylperoxide, acetoxim, acetoxime, acroasphyxia, acroataxia, actinomyxidia, actinomyxidiida, actinopraxis"
contains_sequence,contains_sequence:ose,OSE を含む単語,2122,"abioses, acanthoses, acaulose, acerbityacerose, acerose, acervose, acetylcellulose, acetose, acidoses, acinose, acondylose, acrose"
contains_sequence,contains_sequence:grap,GRAP を含む単語,2121,"accelerograph, acrography, actinautography, actinautographic, actinograph, actinography, actinographic, addressograph, adenographer, adenography, adenographic, adenographical"
contains_sequence,contains_sequence:pin,PIN を含む単語,2112,"adipinic, affenpinscher, airdropping, albespine, alepine, aleppine, alipin, alypin, alypine, alpine, alpinely, alpinery"
contains_sequence,contains_sequence:gg,GG を含む単語,2107,"abegge, aggadic, aggelation, aggenerate, agger, aggerate, aggeration, aggerose, aggers, aggest, aggie, aggies"
contains_sequence,contains_sequence:ogra,OGRA を含む単語,2107,"accelerograph, acrography, acromonogrammatic, actinautography, actinautographic, actinogram, actinograph, actinography, actinographic, acutograve, addressograph, adenographer"
contains_sequence,contains_sequence:sem,SEM を含む単語,2107,"abasement, abasements, aborsement, advertisement, advertisements, advisement, advisements, affranchisement, aggrandisement, allosematic, amortissement, amusement"
contains_sequence,contains_sequence:pos,POS を含む単語,2101,"abdominoposterior, acataposis, adipose, adiposeness, adiposes, adiposis, adiposity, adiposities, adiposogenital, adiposuria, adposition, aerocolpos"
contains_sequence,contains_sequence:eme,EME を含む単語,2096,"abasement, abasements, abatement, abatements, abjurement, abodement, abonnement, aborsement, abouchement, abovementioned, abridgement, abridgements"
contains_sequence,contains_sequence:bra,BRA を含む単語,2095,"abobra, abracadabra, abrachia, abrachias, abradable, abradant, abradants, abrade, abraded, abrader, abraders, abrades"
contains_sequence,contains_sequence:ert,ERT を含む単語,2087,"abstertion, acertannin, acroterteria, adelbert, advert, adverted, advertence, advertency, advertent, advertently, adverting, advertisable"
contains_sequence,contains_sequence:iou,IOU を含む単語,2086,"ablatitious, abranchious, abstemious, abstemiously, abstemiousness, abstentious, abstractitious, abusious, acetarious, acinacifolious, acinacious, acinarious"
contains_sequence,contains_sequence:ya,YA を含む単語,2086,"abayah, abeyance, abeyances, abeyancy, abeyancies, abeyant, abhinaya, acerbityacerose, acetylcyanide, acharya, acyanoblepsia, acyanopsia"
contains_sequence,contains_sequence:han,HAN を含む単語,2084,"abthanage, acalephan, achango, acyloxymethane, acrolithan, adiaphanous, adiaphanousness, aeromaechanic, aeromechanic, aeromechanical, aeromechanics, aerophane"
contains_sequence,contains_sequence:hea,HEA を含む単語,2084,"acheat, acidhead, acidheads, acrosticheae, addlehead, addleheaded, addleheadedly, addleheadedness, adsheart, afterheat, aglethead, ahead"
contains_sequence,contains_sequence:nr,NR を含む単語,2083,"abhenry, abhenries, abhenrys, abshenry, abthainry, abthainrie, aldermanry, aldermanries, almonry, almonries, anre, antesunrise"
contains_sequence,contains_sequence:esi,ESI を含む単語,2082,"abdominocentesis, abdominovesical, abiogenesis, abiogenesist, acatamathesia, acenesthesia, acyesis, acmaesthesia, acmesthesia, acoenaesthesia, aconuresis, acraturesis"
contains_sequence,contains_sequence:iona,IONA を含む単語,2081,"aberrational, ablutionary, abolitionary, abortional, absorptional, abstractional, accessional, accommodational, accretionary, acculturational, acquisitional, actionability"
contains_sequence,contains_sequence:late,LATE を含む単語,2077,"ablate, ablated, ablates, absquatulate, acalyculate, acceptilate, acceptilated, accolated, accumulate, accumulated, accumulates, acetylate"
contains_sequence,contains_sequence:des,DES を含む単語,2076,"abdest, abides, abodes, abrades, absurdest, acanthodes, accedes, accolades, accroides, achyrodes, aclydes, acnodes"
contains_sequence,contains_sequence:ful,FUL を含む単語,2072,"abuseful, abusefully, abusefulness, addressful, adventureful, adviceful, affrightful, affrightfully, aidful, aimful, aimfully, almsful"
contains_sequence,contains_sequence:nge,NGE を含む単語,2070,"accinge, accinged, adenomeningeal, adenopharyngeal, adstringe, ahungered, airmonger, akonge, alange, alemonger, alenge, allonge"
contains_sequence,contains_sequence:rh,RH を含む単語,2069,"achlorhydria, achlorhydric, acrorhagus, acrorrheuma, afterhand, afterharm, afterhatch, afterheat, afterhelp, afterhend, afterhold, afterhope"
contains_sequence,contains_sequence:tab,TAB を含む単語,2067,"abatable, abbreviatable, abilitable, abstractable, acceptability, acceptable, acceptableness, acceptably, acclimatable, accostable, accountability, accountable"
contains_sequence,contains_sequence:ami,AMI を含む単語,2063,"abrahamic, abrahamidae, abrahamite, abrahamitic, abramis, acediamin, acediamine, acetamid, acetamide, acetamidin, acetamidine, acetamido"
contains_sequence,contains_sequence:hro,HRO を含む単語,2061,"abarthrosis, achroacyte, achroanthes, achrodextrin, achrodextrinase, achroglobin, achroiocythaemia, achroiocythemia, achroite, achroma, achromacyte, achromasia"
contains_sequence,contains_sequence:alis,ALIS を含む単語,2059,"abnormalise, abnormalised, abnormalising, abnormalism, abnormalist, abranchialism, accidentalism, accidentalist, acephalism, acephalist, actualisation, actualise"
contains_sequence,contains_sequence:ema,EMA を含む単語,2059,"acreman, actiniohematin, actinonema, aethionema, aglaonema, alemana, alemanni, alemannian, alemannic, alemannish, allemand, allemande"
contains_sequence,contains_sequence:por,POR を含む単語,2059,"acanthopore, accorporate, accorporation, acropora, acropore, acrospore, acrosporous, aecidiospore, aeciospore, aecioteliospore, aeroporotomy, aerosporin"
contains_sequence,contains_sequence:ger,GER を含む単語,2057,"abridger, abridgers, acknowledger, acknowledgers, adjiger, adjudger, aeger, aegerian, aegeriid, aegeriidae, ager, agerasia"
contains_sequence,contains_sequence:gy,GY を含む単語,2055,"abiology, acanthology, acarology, aceology, acidology, acyrology, aciurgy, acology, acrogynae, acrogynous, acrology, acropathology"
contains_sequence,contains_sequence:arc,ARC を含む単語,2054,"acronarcotic, acrosarc, acrosarca, acrosarcum, adenocarcinoma, adenocarcinomas, adenocarcinomata, adenocarcinomatous, adenochondrosarcoma, adenomyxosarcoma, adenosarcoma, adenosarcomas"
contains_sequence,contains_sequence:abi,ABI を含む単語,2053,"abib, abichite, abidal, abidance, abidances, abidden, abide, abided, abider, abiders, abides, abidi"
contains_sequence,contains_sequence:thi,THI を含む単語,2050,"absinthial, absinthian, absinthiate, absinthiated, absinthiating, absinthic, absinthiin, absinthin, absinthine, absinthism, absinthismic, absinthium"
contains_sequence,contains_sequence:ond,OND を含む単語,2049,"abondance, abscond, absconded, abscondedly, abscondence, absconder, absconders, absconding, absconds, achondrite, achondritic, achondroplasia"
contains_sequence,contains_sequence:rti,RTI を含む単語,2049,"abarticular, abarticulation, aborticide, abortient, abortifacient, abortin, aborting, abortion, abortional, abortionist, abortionists, abortions"
contains_sequence,contains_sequence:ious,IOUS を含む単語,2048,"ablatitious, abranchious, abstemious, abstemiously, abstemiousness, abstentious, abstractitious, abusious, acetarious, acinacifolious, acinacious, acinarious"
contains_sequence,contains_sequence:tar,TAR を含む単語,2043,"abastard, abastardize, accidentary, accidentarily, acetary, acetarious, acetars, acetarsone, acinetaria, acinetarian, acrotarsial, acrotarsium"
contains_sequence,contains_sequence:ain,AIN を含む単語,2040,"abstain, abstained, abstainer, abstainers, abstaining, abstainment, abstains, abthain, abthainry, abthainrie, acquaint, acquaintance"
contains_sequence,contains_sequence:inc,INC を含む単語,2038,"alivincular, altincar, altininck, anilinctus, anticoincidence, antiprinciple, apinch, apocinchonine, aquincubital, aquincubitalism, archprince, autoincrement"
contains_sequence,contains_sequence:ingl,INGL を含む単語,2038,"abidingly, aboundingly, absorbingly, acceleratingly, acceptingly, accommodatingly, accordingly, accusingly, achingly, acquiescingly, admiringly, admonishingly"
contains_sequence,contains_sequence:ack,ACK を含む単語,2035,"aback, ablewhackets, ack, ackee, ackees, ackey, ackeys, acker, ackman, ackmen, acknew, acknow"
contains_sequence,contains_sequence:ilit,ILIT を含む単語,2035,"abilitable, ability, abilities, abominability, absorbability, accendibility, acceptability, accessability, accessibility, accountability, achievability, acquirability"
contains_sequence,contains_sequence:yr,YR を含む単語,2032,"absyrtus, acetopyrin, acetopyrine, achyranthes, achyrodes, acyrology, acyrological, acopyrin, acopyrine, adenylpyrophosphate, aegyrite, agyrate"
contains_sequence,contains_sequence:ole,OLE を含む単語,2031,"abolete, absinthole, absolent, accolent, acetylcarbazole, acrolein, acroleins, acropoleis, adinole, adolesce, adolesced, adolescence"
contains_sequence,contains_sequence:ker,KER を含む単語,2029,"acker, aflicker, afterthinker, airmarker, aker, akerite, alkermes, alpenstocker, angiokeratoma, anker, ankerhold, ankerite"
contains_sequence,contains_sequence:llo,LLO を含む単語,2029,"acarpellous, achillobursitis, achillodynia, achlorophyllous, actinobacillosis, actinobacillotic, adenophyllous, agalloch, agallochs, agallochum, agallop, albarello"
contains_sequence,contains_sequence:upe,UPE を含む単語,2024,"acoupe, anterosuperior, antesuperior, antisupernatural, antisupernaturalism, antisupernaturalist, antisupernaturalistic, attroupement, beaupere, beaupers, cantaloupe, cantaloupes"
contains_sequence,contains_sequence:edi,EDI を含む単語,2012,"acceding, accredit, accreditable, accreditate, accreditation, accreditations, accredited, accreditee, accrediting, accreditment, accredits, acedia"
contains_sequence,contains_sequence:ines,INES を含む単語,2003,"aborigines, acarines, accessariness, accessoriness, acetylcholinesterase, achinese, achiness, achinesses, acridines, adenines, adiadochokinesia, adiadochokinesis"
contains_sequence,contains_sequence:eta,ETA を含む単語,2002,"abietate, accretal, acemetae, aceta, acetable, acetabula, acetabular, acetabularia, acetabuliferous, acetabuliform, acetabulous, acetabulum"
edge_min_length,edge:start:p:min:10,Pで始まる10文字以上の単語,19596,"pabulation, pabulatory, pacemakers, pacemaking, pacesetter, pachyacria, pachyaemia, pachyderma, pachyderms, pachyhemia, pachylosis, pachymenia"
edge_min_length,edge:start:c:min:9,Cで始まる9文字以上の単語,19328,"cabaletta, cabalisms, cabalists, caballero, caballine, caballing, cabbaging, cabbalahs, cabbalism, cabbalist, cabbalize, cabdriver"
edge_min_length,edge:end:n:min:8,Nで終わる8文字以上の単語,18938,"abaction, abderian, aberdeen, abhorson, ablastin, ablation, ablution, abluvion, abortion, abrasion, abutilon, acacetin"
edge_min_length,edge:start:a:min:8,Aで始まる8文字以上の単語,18625,"aardvark, aardwolf, aaronite, aasvogel, abacisci, abaction, abaculus, abacuses, abadengo, abaissed, abalones, abampere"
edge_min_length,edge:end:d:min:9,Dで終わる9文字以上の単語,17802,"abandoned, abattised, abdicated, aberrated, abnegated, abolished, abovesaid, abreacted, abrogated, abscessed, absconded, abstained"
edge_min_length,edge:start:u:min:9,Uで始まる9文字以上の単語,17782,"uberously, ubication, ubiquious, udderless, udderlike, udometers, udometric, ueueteotl, ufologies, ufologist, ugglesome, uglifiers"
edge_min_length,edge:start:s:min:10,Sで始まる10文字以上の単語,16642,"sabadinine, sabaeanism, sabaigrass, sabalaceae, sabathikos, sabbathaic, sabbathism, sabbathize, sabbatical, sabdariffa, sabellaria, sabellidae"
edge_min_length,edge:end:g:min:8,Gで終わる8文字以上の単語,16233,"abashing, abducing, abetting, abjuring, ablating, aborning, aborting, abrading, abrasing, abutting, acceding, accoying"
edge_min_length,edge:end:n:min:9,Nで終わる9文字以上の単語,15583,"abalation, abduction, abelonian, abjection, abkhasian, abolition, abreption, abruption, abscision, abscissin, absinthin, academian"
edge_min_length,edge:start:a:min:9,Aで始まる9文字以上の単語,15276,"aardvarks, aaronical, aaronitic, aasvogels, abacinate, abaciscus, abactinal, abaisance, abalation, abamperes, abandoned, abandonee"
edge_min_length,edge:start:u:min:10,Uで始まる10文字以上の単語,14920,"ubiquarian, ubiquitary, ubiquities, ubiquitism, ubiquitist, ubiquitous, udographic, udolphoish, udometries, udomograph, uglinesses, ugsomeness"
edge_min_length,edge:start:m:min:8,Mで始まる8文字以上の単語,14634,"macaasim, macadams, macaglia, macanese, macaques, macarani, macareus, macarism, macarize, macaroni, macaroon, macassar"
edge_min_length,edge:start:c:min:10,Cで始まる10文字以上の単語,14520,"cabalassou, cabalistic, caballeria, caballeros, cabaretier, cabdriving, cabineting, cabinetted, cablegrams, cabotinage, cabriolets, cacanthrax"
edge_min_length,edge:end:t:min:8,Tで終わる8文字以上の単語,14423,"abdicant, abducent, aberrant, abetment, abradant, absolent, absonant, abstract, abstrict, abulyeit, abundant, abutment"
edge_min_length,edge:end:l:min:8,Lで終わる8文字以上の単語,13902,"aasvogel, abapical, abastral, abbatial, abnerval, abneural, abnormal, abomasal, abrastol, abumbral, abuseful, acalycal"
edge_min_length,edge:start:d:min:8,Dで始まる8文字以上の単語,13781,"dabblers, dabbling, dabchick, dabsters, dackered, dacoited, dacryoma, dacryops, dactylar, dactylic, dactylis, dactylus"
edge_min_length,edge:end:g:min:9,Gで終わる9文字以上の単語,13582,"abducting, abhorring, abjudging, abounding, abridging, abscising, abseiling, absenting, absolving, absorbing, abuilding, accenting"
edge_min_length,edge:end:r:min:8,Rで終わる8文字以上の単語,13517,"abatjour, abattoir, abductor, abhorrer, abounder, abridger, abrupter, absenter, absolver, absorber, absurder, accensor"
edge_min_length,edge:start:t:min:8,Tで始まる8文字以上の単語,12974,"taalbond, tabacism, tabagism, tabanids, tabanuco, tabarded, tabarets, tabashir, tabbarea, tabbying, tabbinet, tabbises"
edge_min_length,edge:end:d:min:10,Dで終わる10文字以上の単語,12554,"abbeystead, ablactated, abominated, aboveboard, abstracted, abstricted, academised, academized, acalephoid, acanthopod, accidented, acclimated"
edge_min_length,edge:end:n:min:10,Nで終わる10文字以上の単語,12397,"abannition, abaptiston, abdication, aberdonian, aberration, abyssinian, abjunction, abjuration, ablegation, ablepharon, abnegation, abranchian"
edge_min_length,edge:start:r:min:8,Rで始まる8文字以上の単語,11992,"raadzaal, rabatine, rabatted, rabbanim, rabbeted, rabbinic, rabbited, rabbiter, rabbitoh, rabbitry, rabblers, rabbling"
edge_min_length,edge:end:c:min:8,Cで終わる8文字以上の単語,11916,"abbotric, academic, acardiac, acemetic, acentric, acetylic, acetonic, aceturic, achromic, acidific, acidotic, aciduric"
edge_min_length,edge:start:m:min:9,Mで始まる9文字以上の単語,11886,"maamselle, mabellona, macabrely, macadamer, macadamia, macaranga, macarized, macaronic, macaronis, macaroons, macartney, maccabaws"
edge_min_length,edge:end:l:min:9,Lで終わる9文字以上の単語,11800,"aaronical, abactinal, abbatical, abdominal, abiotical, ablatival, absinthol, academial, acanthial, accentual, accounsel, acetaldol"
edge_min_length,edge:start:a:min:10,Aで始まる10文字以上の単語,11589,"aardwolves, abacterial, abalienate, abandoners, abandoning, abannition, abaptiston, abaptistum, abasedness, abasements, abashments, abatements"
edge_min_length,edge:start:b:min:8,Bで始まる8文字以上の単語,11567,"baahling, baalisms, baalshem, baaskaap, babaylan, babajaga, babakoto, babassus, babbitts, babblers, babbling, babblish"
edge_min_length,edge:start:n:min:8,Nで始まる8文字以上の単語,11343,"nabalism, nabalite, nabatean, nabcheat, nabobery, nabobess, nabobish, nabobism, nacarine, nacelles, nachtmml, nacreous"
edge_min_length,edge:start:d:min:9,Dで始まる9文字以上の単語,11149,"dabblings, dabchicks, dachshund, dackering, dacoitage, dacoities, dacoiting, dacrydium, dacryolin, dacryuria, dactylate, dactylics"
edge_min_length,edge:start:i:min:8,Iで始まる8文字以上の単語,11114,"iambical, iambuses, ianthina, ianthine, iapygian, iarovize, iatrical, iberians, ibididae, ibidinae, ibisbill, ibsenian"
edge_min_length,edge:end:t:min:9,Tで終わる9文字以上の単語,11110,"abasement, abashment, abatement, abhorrent, abiliment, abococket, abodement, abortient, abruptest, absolvent, absorbant, absorbent"
edge_min_length,edge:start:e:min:8,Eで始まる8文字以上の単語,10892,"eaceworm, eagerest, eanlings, earaches, eardrops, eardrums, earflaps, earjewel, earldoms, earlduck, earlesss, earliest"
edge_min_length,edge:end:c:min:9,Cで終わる9文字以上の単語,10594,"aaronitic, abenteric, abietinic, abrahamic, abrazitic, absinthic, acatholic, aceologic, acholuric, acoemetic, acoluthic, acridinic"
edge_min_length,edge:end:g:min:10,Gで終わる10文字以上の単語,10504,"abandoning, abdicating, aberrating, abnegating, abolishing, abreacting, abrogating, abscessing, absconding, abstaining, absterging, acclaiming"
edge_min_length,edge:start:n:min:9,Nで始まる9文字以上の単語,10345,"naassenes, nabalitic, nabataean, nabathean, nabathite, nabobical, nabobisms, nabobship, nabothian, nachitoch, naethings, naggingly"
edge_min_length,edge:start:h:min:8,Hで始まる8文字以上の単語,10292,"habakkuk, habanera, habdalah, habendum, habenula, habilant, hability, habitans, habitant, habitate, habitats, habiting"
edge_min_length,edge:end:r:min:9,Rで終わる9文字以上の単語,10209,"abandoner, abdicator, aberrator, abnegator, abolisher, abreuvoir, abrogator, absconder, absoluter, abstainer, abstruser, acapsular"
edge_min_length,edge:start:t:min:9,Tで始まる9文字以上の単語,10197,"tabacosis, tabanidae, tabasheer, tabatiere, tabellion, tabescent, tabetless, tabidness, tabifical, tablature, tablefuls, tableland"
edge_min_length,edge:start:o:min:8,Oで始まる8文字以上の単語,10134,"oafishly, oakberry, oarlocks, oatcakes, oatmeals, obbenite, obduracy, obdurate, obeahism, obedient, obeyable, obeyance"
edge_min_length,edge:end:a:min:8,Aで終わる8文字以上の単語,10024,"abbogada, abdomina, abelicea, abhinaya, abhiseka, ablepsia, abrachia, abrocoma, absaroka, abscissa, absconsa, absentia"
edge_min_length,edge:start:i:min:9,Iで始まる9文字以上の単語,9862,"iarovized, iatrology, ibuprofen, iceblinks, iceboater, icefishes, icehouses, icekhanas, icelander, icelandic, iceskated, ichneumia"
edge_min_length,edge:end:l:min:10,Lで終わる10文字以上の単語,9765,"abacterial, ableptical, aboriginal, abortional, abranchial, absinthial, abterminal, academical, acanonical, acaricidal, accidental, accipitral"
edge_min_length,edge:start:r:min:9,Rで始まる9文字以上の単語,9433,"rabatting, rabbanist, rabbanite, rabbeting, rabbinate, rabbindom, rabbinica, rabbinism, rabbinist, rabbinite, rabbinize, rabbiship"
edge_min_length,edge:start:n:min:10,Nで始まる10文字以上の単語,9098,"nabathaean, naboberies, nabobesses, nabobishly, nachschlag, nagatelite, nahuatleca, naiadaceae, naivetivet, nalorphine, namability, namelessly"
edge_min_length,edge:end:c:min:10,Cで終わる10文字以上の単語,8965,"ablastemic, acanthotic, acarotoxic, aceconitic, acetacetic, acetylenic, acetolytic, acetonemic, acherontic, achromatic, acidogenic, acosmistic"
edge_min_length,edge:start:m:min:10,Mで始まる10文字以上の単語,8862,"mabinogion, macadamise, macadamite, macadamize, macarizing, macaronics, macaronies, macaronism, macaviator, maccabaeus, macebearer, macedonian"
edge_min_length,edge:start:e:min:9,Eで始まる9文字以上の単語,8856,"eachwhere, eagerness, eaglehawk, eaglelike, eaglewood, ealderman, ealdorman, ealdormen, earcockle, earflower, earliness, earlywood"
edge_min_length,edge:end:s:exact:7,Sで終わる7文字の単語,8616,"abantes, abasers, abashes, abasias, abaters, abators, abattis, abduces, abducts, abiders, abigeus, abioses"
edge_min_length,edge:start:h:min:9,Hで始まる9文字以上の単語,8521,"habaneras, habdalahs, habenaria, habenulae, habenular, haberdash, haberdine, habergeon, habilable, habitable, habitably, habitacle"
edge_min_length,edge:start:o:min:9,Oで始まる9文字以上の単語,8390,"oakenshaw, oakmosses, oaktongue, oarfishes, oarialgia, oariocele, oariotomy, oarswoman, oarswomen, oasthouse, oatenmeal, obbligati"
edge_min_length,edge:start:d:min:10,Dで始まる10文字以上の単語,8328,"dabblingly, dacelonine, dachshound, dachshunde, dachshunds, dacyorrhea, dacryocele, dacryocyst, dacryolite, dacryolith, dactylitic, dactylitis"
edge_min_length,edge:start:b:min:9,Bで始まる9文字以上の単語,8259,"baaskaaps, babacoote, babbishly, babbitted, babbitter, babbittry, babblings, babyhoods, babyhouse, babyishly, babillard, babylonia"
edge_min_length,edge:end:m:min:8,Mで終わる8文字以上の単語,8239,"abomasum, absurdum, accustom, acetoxim, achenium, aciculum, acneform, aconitum, acontium, acosmism, acridium, acrydium"
edge_min_length,edge:start:i:min:10,Iで始まる10文字以上の単語,8216,"iamatology, iambelegus, iambically, ianthinite, iarovizing, iatrogenic, icarianism, iceboating, icebreaker, icelanders, icelandian, iceskating"
edge_min_length,edge:end:t:min:10,Tで終わる10文字以上の単語,7896,"abiogenist, abirritant, abjurement, abonnement, aborsement, abridgment, absentment, absolutest, absolutist, abstergent, abstrahent, abstrusest"
edge_min_length,edge:start:f:min:8,Fで始まる8文字以上の単語,7856,"fabaceae, fabiform, fabledom, fableist, fabliaux, fabrique, fabronia, fabulate, fabulist, fabulize, fabulous, faburden"
edge_min_length,edge:end:a:min:9,Aで終わる9文字以上の単語,7805,"abyssinia, acalculia, acanthoma, acappella, accademia, acensuada, acephalia, acetabula, achalasia, achenodia, acholuria, achordata"
edge_min_length,edge:start:t:min:10,Tで始まる10文字以上の単語,7461,"tabaniform, tabardillo, tabellaria, tabernacle, tabescence, tabetiform, tablecloth, tablelands, tablemaker, tablemount, tablespoon, tabletting"
edge_min_length,edge:end:r:min:10,Rで終わる10文字以上の単語,7243,"abominator, absolvitor, abstracter, abstractor, accersitor, accipenser, acclamator, accoucheur, acensuador, acequiador, acetabular, acetylator"
edge_min_length,edge:start:r:min:10,Rで始まる10文字以上の単語,6850,"rabbinates, rabbinical, rabbinitic, rabbinship, rabbitfish, rabbitlike, rabbitries, rabbitroot, rabbitskin, rabbitweed, rabbitwise, rabbitwood"
edge_min_length,edge:start:g:min:8,Gで始まる8文字以上の単語,6827,"gabbards, gabbarts, gabbiest, gabblers, gabbling, gabbroic, gabbroid, gabelled, gabeller, gabelles, gabendum, gabfests"
edge_min_length,edge:end:m:min:9,Mで終わる9文字以上の単語,6768,"abrotanum, absurdism, academism, acariform, accubitum, acervatim, achronism, aciniform, acneiform, actualism, adamitism, adeniform"
edge_min_length,edge:start:e:min:10,Eで始まる10文字以上の単語,6600,"eaglestone, eardropper, earmarking, earnestful, earthboard, earthbound, earthdrake, earthiness, earthliest, earthlight, earthlings, earthmaker"
edge_min_length,edge:start:h:min:10,Hで始まる10文字以上の単語,6565,"habilatory, habilement, habiliment, habilitate, habitacule, habitation, habitative, habitually, habituated, habituates, habronemic, haciendado"
edge_min_length,edge:start:o:min:10,Oで始まる10文字以上の単語,6498,"oafishness, oariopathy, oathworthy, obambulate, obbligatos, obduracies, obdurately, obdurating, obduration, obediences, obediently, obeisances"
edge_min_length,edge:start:l:min:8,Lで始まる8文字以上の単語,6261,"laagered, labadist, labarums, labbella, labdanum, labefact, labefied, labelers, labeling, labelled, labeller, labellum"
edge_min_length,edge:end:e:exact:7,Eで終わる7文字の単語,6077,"abacate, abadite, abaisse, abalone, abatage, abattue, abature, abaxile, abbatie, abelite, abience, abilene"
edge_min_length,edge:end:a:min:10,Aで終わる10文字以上の単語,5776,"abecedaria, ablepharia, abulomania, abundantia, acantharia, acanthodea, acatharsia, acephalina, acetylurea, acetonemia, acetonuria, achromasia"
edge_min_length,edge:start:f:min:9,Fで始まる9文字以上の単語,5629,"fabaceous, fabianism, fabianist, fableland, fabricant, fabricate, fabrikoid, fabulists, facebread, facecloth, facelifts, facellite"
edge_min_length,edge:start:b:min:10,Bで始まる10文字以上の単語,5338,"baalitical, babaylanes, babbittess, babbittian, babbitting, babbittism, babblative, babblement, babblesome, babblingly, babblishly, babesiasis"
edge_min_length,edge:end:m:min:10,Mで終わる10文字以上の単語,5113,"abaptistum, absinthism, absinthium, absolutism, acephalism, acetabulum, achenodium, acquisitum, acridinium, acridonium, acrobatism, acrologism"
edge_min_length,edge:end:s:exact:6,Sで終わる6文字の単語,5064,"aaliis, abacas, abacus, abakas, abamps, abaris, abases, abates, abatis, abbeys, abbess, abbots"
edge_min_length,edge:start:g:min:9,Gで始まる9文字以上の単語,5025,"gabardine, gabbiness, gaberdine, gabionade, gabionage, gablelike, gablewise, gabriella, gadabouts, gaddingly, gadgeteer, gadolinia"
edge_min_length,edge:start:l:min:9,Lで始まる9文字以上の単語,4618,"laagering, labdacism, labdanums, labefying, labellate, labellers, labelling, labelloid, labialise, labialism, labiality, labialize"
edge_min_length,edge:start:s:exact:7,Sで始まる7文字の単語,4537,"sabadin, sabaean, sabayon, sabaism, sabaist, sabakha, sabalos, sabanut, sabaoth, sabaton, sabbath, sabbats"
edge_min_length,edge:end:e:exact:6,Eで終わる6文字の単語,4300,"abbaye, abbate, abduce, abedge, abegge, abesse, abjure, ablare, ablate, ablaze, ablude, ablute"
edge_min_length,edge:end:d:exact:7,Dで終わる7文字の単語,3820,"abaised, abashed, abbasid, abduced, abetted, abfarad, abjured, ablated, abluted, aborted, abraded, abrased"
edge_min_length,edge:start:w:min:8,Wで始まる8文字以上の単語,3801,"wabblers, wabblier, wabbling, wacadash, wachuset, wackiest, waddying, waddings, waddlers, waddling, wadeable, wadingly"
edge_min_length,edge:start:c:exact:7,Cで始まる7文字の単語,3731,"caaming, caapeba, cabalas, cabalic, caballo, cabanas, cabaret, cabbage, cabbagy, cabbala, cabbies, cabbing"
edge_min_length,edge:start:f:min:10,Fで始まる10文字以上の単語,3695,"fablemaker, fabricable, fabricated, fabricates, fabricator, fabulosity, fabulously, faceharden, facemaking, facesaving, faceteness, facileness"
edge_min_length,edge:start:v:min:8,Vで始まる8文字以上の単語,3683,"vaagmaer, vaalpens, vacabond, vacantia, vacantly, vacantry, vacating, vacation, vaccaria, vaccenic, vaccinal, vaccinas"
edge_min_length,edge:end:h:min:8,Hで終わる8文字以上の単語,3506,"accroach, achamoth, acrolith, acronych, actorish, admonish, aerolith, affamish, agalloch, airbrush, aircoach, airgraph"
edge_min_length,edge:start:g:min:10,Gで始まる10文字以上の単語,3405,"gabardines, gabblement, gabbroitic, gabelleman, gaberdines, gablatores, gableboard, gableended, gadgeteers, gadgetries, gadolinite, gadolinium"
edge_min_length,edge:end:r:exact:7,Rで終わる7文字の単語,3332,"abactor, abaiser, abetter, abettor, abiezer, abjurer, ablator, aborter, abrader, abraser, abutter, acceder"
edge_min_length,edge:start:s:exact:6,Sで始まる6文字の単語,3192,"saanen, sabalo, sabana, sabbat, sabbed, sabeca, sabers, sabian, sabicu, sabina, sabine, sabing"
edge_min_length,edge:start:l:min:10,Lで始まる10文字以上の単語,3157,"labialised, labialized, labilities, labilizing, labiograph, labiomancy, labionasal, labiovelar, labyrinths, laboratory, laboringly, laboristic"
edge_min_length,edge:end:s:exact:5,Sで終わる5文字の単語,3148,"abbas, abbes, abets, abies, abyes, abyss, ables, abris, abrus, absis, abuts, accts"
edge_min_length,edge:start:p:exact:7,Pで始まる7文字の単語,3098,"pabalum, pabouch, pabular, pabulum, pacable, paceway, pachyma, pachisi, pachons, pachuco, pacific, pacinko"
edge_min_length,edge:start:b:exact:7,Bで始まる7文字の単語,2953,"baalath, baalish, baalism, baalist, baalite, baalize, baaskap, babasco, babassu, babbage, babbitt, babbled"
edge_min_length,edge:end:n:exact:7,Nで終わる7文字の単語,2931,"abaddon, abandon, abassin, abdomen, abelian, abidden, abietin, abiston, abortin, abrotin, abstain, abthain"
edge_min_length,edge:start:a:exact:7,Aで始まる7文字の単語,2875,"aaronic, aarrghh, ababdeh, abacate, abacaxi, abacist, abactor, abaculi, abaddon, abadejo, abadite, abaised"
edge_min_length,edge:start:v:min:9,Vで始まる9文字以上の単語,2813,"vacancies, vacatable, vacations, vaccicide, vaccinate, vaccinial, vaccinias, vaccinist, vaccinium, vaccinoid, vachellia, vacillant"
edge_min_length,edge:end:y:exact:7,Yで終わる7文字の単語,2738,"abbotcy, abhenry, ability, ablepsy, academy, acatery, acerbly, acetary, acetify, acidify, acidity, acyloxy"
edge_min_length,edge:end:r:exact:6,Rで終わる6文字の単語,2606,"abaser, abater, abator, abider, abuser, acamar, acater, acheer, achier, achter, acider, acinar"
edge_min_length,edge:end:t:exact:7,Tで終わる7文字の単語,2589,"abacist, abeyant, abigeat, abiuret, abjoint, abjunct, abluent, abought, abreact, abreast, abricot, absorpt"
edge_min_length,edge:start:w:min:9,Wで始まる9文字以上の単語,2550,"wabbliest, wackiness, wadcutter, waddywood, wadmaking, wadsetted, wadsetter, waenesses, waferlike, waferwork, waganging, wagenboom"
edge_min_length,edge:start:c:exact:6,Cで始まる6文字の単語,2533,"cabaan, caback, cabaho, cabala, caball, cabals, cabana, cabane, cabasa, cabbed, cabber, cabbie"
edge_min_length,edge:end:d:exact:6,Dで終わる6文字の単語,2495,"abased, abated, abided, ablend, aboard, aboded, aborad, abound, abraid, abreed, abreid, abroad"
edge_min_length,edge:start:t:exact:7,Tで始まる7文字の単語,2445,"tabacco, tabacin, tabacum, tabagie, tabanid, tabanus, tabards, tabaret, tabasco, tabaxir, tabbied, tabbies"
edge_min_length,edge:end:h:min:9,Hで終わる9文字以上の単語,2433,"adderfish, adigranth, aerograph, aftermath, afterwash, ayatollah, alembroth, alkaphrah, alleluiah, allograph, allomorph, altigraph"
edge_min_length,edge:end:a:exact:7,Aで終わる7文字の単語,2398,"abcissa, abdaria, abomasa, aboulia, abronia, abrosia, abuleia, acantha, acapnia, acardia, acarida, acarina"
edge_min_length,edge:end:n:exact:6,Nで終わる6文字の単語,2318,"abaton, abipon, acacin, acerin, acetin, achkan, ackman, ackmen, ackton, aconin, acopon, actian"
edge_min_length,edge:end:y:exact:6,Yで終わる6文字の単語,2314,"abacay, abbacy, abkary, accloy, accupy, acidly, acracy, acrasy, acrisy, acrity, actify, actory"
edge_min_length,edge:start:m:exact:7,Mで始まる7文字の単語,2240,"maarten, macaber, macaboy, macabre, macacos, macacus, macadam, macague, macaque, macaron, macauco, macbeth"
edge_min_length,edge:start:b:exact:6,Bで始まる6文字の単語,2173,"baaing, baalim, babasu, babbie, babbit, babble, babbly, babels, babery, babhan, babied, babies"
edge_min_length,edge:start:d:exact:7,Dで始まる7文字の単語,2130,"daalder, dabbers, dabbing, dabbled, dabbler, dabbles, dabitis, dabster, dacitic, dackers, dacoity, dacoits"
edge_min_length,edge:start:r:exact:7,Rで始まる7文字の単語,2130,"rabanna, rabatos, rabatte, rabbets, rabbies, rabbins, rabbish, rabbity, rabbits, rabbled, rabbler, rabbles"
edge_min_length,edge:start:a:exact:6,Aで始まる6文字の単語,2084,"aahing, aaliis, aarrgh, ababua, abacay, abacas, abacli, abacot, abacus, abadia, abayah, abakas"
edge_min_length,edge:end:g:exact:7,Gで終わる7文字の単語,2032,"abasing, abating, abiding, aboding, abusing, addling, adeling, adoring, afacing, affying, agelong, agreing"
edge_min_length,edge:start:v:min:10,Vで始まる10文字以上の単語,1971,"vacantness, vacational, vacationed, vacationer, vaccinable, vaccinated, vaccinates, vaccinator, vaccinella, vaccinifer, vacciniola, vacillancy"
edge_min_length,edge:end:a:exact:6,Aで終わる6文字の単語,1966,"ababua, abadia, abanga, abasia, abatua, abelia, aberia, abilla, abyssa, abobra, abolla, abroma"
edge_min_length,edge:end:t:exact:6,Tで終わる6文字の単語,1926,"abacot, abanet, abbest, abbott, abdest, abduct, abient, abject, ablaut, ablest, abrupt, absent"
edge_min_length,edge:start:p:exact:6,Pで始まる6文字の単語,1922,"pabble, pablum, pacaya, pacane, pacate, paccha, pacers, pachak, pachas, pacify, pacing, packed"
edge_min_length,edge:end:e:exact:5,Eで終わる5文字の単語,1873,"abase, abate, abaue, abave, abaze, abbie, abede, abele, abide, abime, abode, abote"
edge_min_length,edge:start:t:exact:6,Tで始まる6文字の単語,1845,"taband, tabard, tabbed, tabber, tabbis, tabefy, tabers, tabira, tablas, tabled, tabler, tables"
edge_min_length,edge:start:s:exact:5,Sで始まる5文字の単語,1813,"sabal, saban, sabby, sabed, saber, sabes, sabia, sabik, sabin, sabir, sable, sably"
edge_min_length,edge:start:k:min:8,Kで始まる8文字以上の単語,1777,"kababish, kabassou, kabbalah, kabbalas, kabeljou, kabistan, kachinas, kadarite, kadikane, kadischi, kadishim, kaferita"
edge_min_length,edge:end:l:exact:7,Lで終わる7文字の単語,1773,"abaxial, abettal, abigail, abysmal, abyssal, abuttal, acaudal, accrual, accueil, accusal, acephal, acerdol"
edge_min_length,edge:start:f:exact:7,Fで始まる7文字の単語,1742,"fabella, fablers, fabliau, fabling, fabraea, fabrics, fabrile, fabular, facadal, facaded, facades, facebar"
edge_min_length,edge:end:k:min:8,Kで終わる8文字以上の単語,1726,"aardvark, abelmosk, abelmusk, abricock, airbrick, aircheck, akiyenik, aligreek, alitrunk, almsfolk, angekkok, antemask"
edge_min_length,edge:end:y:exact:5,Yで終わる5文字の単語,1686,"abbey, abody, abray, absey, accoy, acedy, acidy, ackey, adagy, adaty, adlay, adoxy"
edge_min_length,edge:start:g:exact:7,Gで始まる7文字の単語,1654,"gabarit, gabback, gabbais, gabbard, gabbart, gabbers, gabbier, gabbing, gabbled, gabbler, gabbles, gabbros"
edge_min_length,edge:end:p:min:8,Pで終わる8文字以上の単語,1585,"agitprop, airstrip, amidship, amirship, antiship, antislip, anviltop, ascocarp, attercop, auntship, autocamp, autocarp"
edge_min_length,edge:start:m:exact:6,Mで始まる6文字の単語,1567,"mabble, mabela, mabyer, mabolo, mabuti, macabi, macaca, macaco, macana, macaws, maccus, macers"
edge_min_length,edge:start:r:exact:6,Rで始まる6文字の単語,1566,"raanan, raasch, raband, rabato, rabban, rabbet, rabbin, rabbis, rabbit, rabble, rabfak, rabies"
edge_min_length,edge:start:e:exact:7,Eで始まる7文字の単語,1557,"eagerer, eagerly, eagless, eaglets, eagling, eagrass, eanling, earable, earache, earbash, earclip, eardrop"
edge_min_length,edge:start:w:min:10,Wで始まる10文字以上の単語,1516,"wabbliness, wabblingly, waddlesome, waddlingly, wadsetting, wafermaker, waferwoman, wageworker, wagglingly, waggonable, waggonette, waggonload"
edge_min_length,edge:start:d:exact:6,Dで始まる6文字の単語,1507,"dabbed, dabber, dabble, dablet, daboia, daboya, dacelo, dachas, dacian, dacite, dacker, dacoit"
edge_min_length,edge:end:h:min:10,Hで終わる10文字以上の単語,1504,"abyssolith, accomplish, adramelech, afterbirth, afterdeath, afterhatch, aftertouch, afterwrath, alemannish, altazimuth, amateurish, ammonitish"
edge_min_length,edge:start:l:exact:7,Lで始まる7文字の単語,1473,"laagers, labaara, labaria, labarum, labeled, labeler, labella, labials, labiate, labibia, labiose, labored"
edge_min_length,edge:end:l:exact:6,Lで終わる6文字の単語,1467,"abdiel, abidal, aboral, abseil, absoil, acarol, accoil, accoll, acetal, acetyl, acetol, achill"
edge_min_length,edge:start:h:exact:7,Hで始まる7文字の単語,1435,"habaera, habenal, habenar, habille, habitan, habitat, habited, habitue, habitus, habutae, habutai, hachure"
edge_min_length,edge:start:u:exact:7,Uで始まる7文字の単語,1362,"uaraycu, uberant, uberous, ubiquit, ucayale, udaller, udalman, uddered, ufology, ugandan, ugarono, ugliest"
edge_min_length,edge:start:j:min:8,Jで始まる8文字以上の単語,1352,"jabalina, jabarite, jabbered, jabberer, jaborine, jacaltec, jacamars, jacconet, jacconot, jacinthe, jacinths, jacitara"
edge_min_length,edge:end:a:exact:5,Aで終わる5文字の単語,1282,"abaca, abada, abaka, abama, aboma, abuna, abura, abuta, acana, acara, accra, aceta"
edge_min_length,edge:start:q:min:8,Qで始まる8文字以上の単語,1276,"qabbalah, qadarite, qaimaqam, qindarka, qoheleth, quaalude, quackery, quackier, quacking, quackish, quackism, quadding"
edge_min_length,edge:start:g:exact:6,Gで始まる6文字の単語,1266,"gaatch, gabari, gabbai, gabbed, gabber, gabble, gabbro, gabert, gabgab, gabies, gabion, gabled"
edge_min_length,edge:end:o:min:8,Oで終わる8文字以上の単語,1259,"abadengo, abarambo, abruptio, acapulco, alagarto, alefzero, alfresco, alichino, aljamado, almacigo, almendro, almuerzo"
edge_min_length,edge:end:p:min:9,Pで終わる9文字以上の単語,1247,"abbotship, actorship, adeptship, afterclap, aftercrop, afterdamp, afterhelp, aftership, agentship, alienship, angelship, angiocarp"
edge_min_length,edge:end:i:min:8,Iで終わる8文字以上の単語,1227,"abacisci, accompli, acephali, acervuli, achakzai, achomawi, acoelomi, acoemeti, adelphoi, aedoeagi, ajonjoli, alamanni"
edge_min_length,edge:start:f:exact:6,Fで始まる6文字の単語,1213,"faailk, fabian, fabled, fabler, fables, fabric, fabula, facade, facers, facete, facets, faceup"
edge_min_length,edge:start:c:exact:5,Cで始まる5文字の単語,1197,"caaba, caama, cabaa, cabal, caban, cabas, cabby, cabda, caber, cabin, cabio, cable"
edge_min_length,edge:start:o:exact:7,Oで始まる7文字の単語,1196,"oakesia, oakland, oaklike, oakling, oakmoss, oakwood, oarcock, oarfish, oarhole, oaritic, oaritis, oarless"
edge_min_length,edge:start:a:exact:5,Aで始まる5文字の単語,1174,"aahed, aalii, aargh, aaron, abaca, abaci, aback, abada, abaff, abaft, abaka, abama"
edge_min_length,edge:start:w:exact:7,Wで始まる7文字の単語,1144,"wabbled, wabbler, wabbles, wabster, wabunga, wacapou, wachaga, wackier, wackily, wadable, waddent, wadders"
edge_min_length,edge:start:b:exact:5,Bで始まる5文字の単語,1141,"baaed, baals, babai, babas, babby, babel, babes, babis, babka, bable, baboo, babua"
edge_min_length,edge:start:l:exact:6,Lで始まる6文字の単語,1134,"laager, labara, labber, labefy, labels, labial, labile, labite, labium, lablab, labors, labour"
edge_min_length,edge:start:k:min:9,Kで始まる9文字以上の単語,1131,"kabardian, kabbalahs, kabeljous, kabuzuchi, kaddishes, kaddishim, kaffiyehs, kaffraria, kahikatea, kaibartha, kaikawaka, kailyards"
edge_min_length,edge:end:t:exact:5,Tで終わる5文字の単語,1090,"abaft, abbot, abdat, ablet, abnet, abort, about, abret, absit, acast, acost, adapt"
edge_min_length,edge:start:h:exact:6,Hで始まる6文字の単語,1017,"habble, habbub, habeas, habena, habere, habile, habiri, habiru, habits, habnab, haboob, haboub"
nth_letter,nth:4:n,4文字目がNの単語,19510,"aband, abandon, abandonable, abandoned, abandonedly, abandonee, abandoner, abandoners, abandoning, abandonment, abandonments, abandons"
nth_letter,nth:3:c,3文字目がCの単語,19453,"abc, abcess, abcissa, abcoulomb, acc, acca, accable, accademia, accadian, acce, accede, acceded"
nth_letter,nth:4:l,4文字目がLの単語,19215,"abalation, abalienate, abalienated, abalienating, abalienation, abalone, abalones, abel, abele, abeles, abelia, abelian"
nth_letter,nth:4:c,4文字目がCの単語,17630,"abac, abaca, abacay, abacas, abacate, abacaxi, abaci, abacinate, abacination, abacisci, abaciscus, abacist"
nth_letter,nth:4:s,4文字目がSの単語,17322,"aahs, aals, abas, abase, abased, abasedly, abasedness, abasement, abasements, abaser, abasers, abases"
nth_letter,nth:3:p,3文字目がPの単語,17157,"abp, acpt, adp, adpao, adposition, adpress, adpromission, adpromissor, aepyceros, aepyornis, aepyornithidae, aepyornithiformes"
nth_letter,nth:3:m,3文字目がMの単語,15918,"aam, abmho, abmhos, abmodality, abmodalities, acmaea, acmaeidae, acmaesthesia, acmatic, acme, acmes, acmesthesia"
nth_letter,nth:2:h,2文字目がHの単語,15452,"aha, ahaaina, ahab, ahamkara, ahankara, ahantchuyuk, ahartalav, ahaunch, ahchoo, ahead, aheap, ahey"
nth_letter,nth:2:l,2文字目がLの単語,14890,"ala, alabama, alabaman, alabamian, alabamians, alabamide, alabamine, alabandine, alabandite, alabarch, alabaster, alabastoi"
nth_letter,nth:4:p,4文字目がPの単語,13889,"abapical, abaptiston, abaptistum, abepithymia, abipon, acapnia, acapnial, acapnias, acappella, acapsular, acapu, acapulco"
nth_letter,nth:4:u,4文字目がUの単語,13595,"aaru, abaue, abduce, abduced, abducens, abducent, abducentes, abduces, abducing, abduct, abducted, abducting"
nth_letter,nth:3:u,3文字目がUの単語,12903,"abu, abubble, abucco, abuilding, abuleia, abulia, abulias, abulic, abulyeit, abulomania, abumbral, abumbrellar"
nth_letter,nth:4:d,4文字目がDの単語,12887,"aardvark, aardvarks, aardwolf, aardwolves, abada, abaddon, abadejo, abadengo, abadia, abadite, abed, abede"
nth_letter,nth:3:d,3文字目がDの単語,12269,"abd, abdal, abdali, abdaria, abdat, abderian, abderite, abdest, abdicable, abdicant, abdicate, abdicated"
nth_letter,nth:4:m,4文字目がMの単語,11815,"abama, abamp, abampere, abamperes, abamps, abime, aboma, abomas, abomasa, abomasal, abomasi, abomasum"
nth_letter,nth:4:h,4文字目がHの単語,10767,"abkhas, abkhasian, abmho, abmhos, abohm, abohms, abshenry, abthain, abthainry, abthainrie, abthanage, adsheart"
nth_letter,nth:3:b,3文字目がBの単語,10576,"abb, abba, abbacy, abbacies, abbacomes, abbadide, abbaye, abbandono, abbas, abbasi, abbasid, abbassi"
nth_letter,nth:2:y,2文字目がYの単語,9262,"ayacahuite, ayah, ayahausca, ayahs, ayahuasca, ayahuca, ayapana, ayatollah, ayatollahs, aydendron, aye, ayegreen"
nth_letter,nth:4:g,4文字目がGの単語,9085,"aargh, abegge, abigail, abigails, abigailship, abigeat, abigei, abigeus, abogado, abogados, actg, adage"
nth_letter,nth:3:g,3文字目がGの単語,9051,"adglutinate, aegagri, aegagropila, aegagropilae, aegagropile, aegagropiles, aegagrus, aegean, aegemony, aeger, aegerian, aegeriid"
nth_letter,nth:2:p,2文字目がPの単語,7775,"apa, apabhramsa, apace, apache, apaches, apachette, apachism, apachite, apadana, apaesthesia, apaesthetic, apaesthetize"
nth_letter,nth:4:b,4文字目がBの単語,7349,"ababdeh, ababua, abib, abobra, abubble, acubens, adib, adibasi, adobe, adobes, adobo, adobos"
nth_letter,nth:2:t,2文字目がTの単語,7073,"ata, atabal, atabals, atabeg, atabek, atabrine, atacaman, atacamenan, atacamenian, atacameno, atacamite, atactic"
nth_letter,nth:2:c,2文字目がCの単語,6830,"acacatechin, acacatechol, acacetin, acacia, acacian, acacias, acaciin, acacin, acacine, acad, academe, academes"
nth_letter,nth:4:k,4文字目がKの単語,6021,"abaka, abakas, achkan, afikomen, aitkenite, akeki, alaki, aleknight, alike, alikeness, alikewise, alikuluf"
nth_letter,nth:2:m,2文字目がMの単語,5599,"ama, amaas, amabel, amabile, amability, amable, amacratic, amacrinal, amacrine, amadan, amadavat, amadavats"
nth_letter,nth:2:s,2文字目がSの単語,5341,"asa, asaddle, asafetida, asafoetida, asahel, asak, asale, asamblea, asana, asap, asaph, asaphia"
nth_letter,nth:3:f,3文字目がFの単語,5337,"abfarad, abfarads, adfected, adffroze, adffrozen, adfiliate, adfix, adfluxion, adfreeze, adfreezing, adfroze, adfrozen"
nth_letter,nth:4:f,4文字目がFの単語,5171,"abaff, abaft, absfarad, aciform, adffroze, adffrozen, afifi, ahnfeltia, aidful, aimful, aimfully, airfare"
nth_letter,nth:2:v,2文字目がVの単語,4944,"ava, avadana, avadavat, avadavats, avadhuta, avahi, avail, availabile, availability, availabilities, available, availableness"
nth_letter,nth:3:h,3文字目がHの単語,4731,"aah, aahed, aahing, aahs, abhenry, abhenries, abhenrys, abhinaya, abhiseka, abhominable, abhor, abhorred"
nth_letter,nth:3:y,3文字目がYの単語,4670,"aby, abye, abyes, abying, abys, abysm, abysmal, abysmally, abysms, abyss, abyssa, abyssal"
nth_letter,nth:3:v,3文字目がVの単語,4600,"abv, abvolt, abvolts, adv, advaita, advance, advanceable, advanced, advancedness, advancement, advancements, advancer"
nth_letter,nth:4:v,4文字目がVの単語,4273,"aasvogel, aasvogels, abave, abevacuation, above, aboveboard, abovedeck, aboveground, abovementioned, aboveproof, aboves, abovesaid"
nth_letter,nth:4:y,4文字目がYの単語,4255,"abay, abayah, abby, abey, abeyance, abeyances, abeyancy, abeyancies, abeyant, ably, absyrtus, achy"
nth_letter,nth:3:w,3文字目がWの単語,3106,"abwab, abwatt, abwatts, adward, adwesch, afwillite, ahwal, aiwain, aiwan, aywhere, akwapim, alw"
nth_letter,nth:2:x,2文字目がXの単語,3063,"axal, axanthopsia, axbreaker, axe, axebreaker, axed, axel, axels, axeman, axemaster, axemen, axenic"
nth_letter,nth:4:w,4文字目がWの単語,2856,"abow, adaw, adawe, adawlut, adawn, adown, aftward, aftwards, agawam, aiawong, ailweed, aimworthiness"
nth_letter,nth:2:d,2文字目がDの単語,2321,"ada, adactyl, adactylia, adactylism, adactylous, adad, adage, adages, adagy, adagial, adagietto, adagiettos"
nth_letter,nth:2:b,2文字目がBの単語,2050,"aba, ababdeh, ababua, abac, abaca, abacay, abacas, abacate, abacaxi, abaci, abacinate, abacination"
nth_letter,nth:3:k,3文字目がKの単語,1947,"abkar, abkari, abkary, abkhas, abkhasian, ack, ackee, ackees, ackey, ackeys, acker, ackman"
nth_letter,nth:3:x,3文字目がXの単語,1733,"acxoyatl, aix, anxiety, anxieties, anxietude, anxiolytic, anxious, anxiously, anxiousness, apx, arx, aux"
nth_letter,nth:2:w,2文字目がWの単語,1557,"awa, awabakal, awabi, awacs, awadhi, awaft, awag, away, awayness, awaynesses, aways, await"
nth_letter,nth:4:z,4文字目がZの単語,1555,"abaze, abuzz, adazzle, adoze, agaz, agaze, agazed, akazga, akazgin, akazgine, alazor, alezan"
nth_letter,nth:2:g,2文字目がGの単語,1218,"aga, agabanee, agacant, agacante, agacella, agacerie, agaces, agad, agada, agade, agadic, agag"
nth_letter,nth:3:z,3文字目がZの単語,1195,"adz, adze, adzer, adzes, adzooks, afzelia, aizle, aizoaceae, aizoaceous, aizoon, alzheimer, amzel"
nth_letter,nth:4:x,4文字目がXの単語,1098,"abaxial, abaxile, abox, adaxial, adoxa, adoxaceae, adoxaceous, adoxy, adoxies, adoxography, ajax, alex"
nth_letter,nth:2:f,2文字目がFの単語,1004,"aface, afaced, afacing, afaint, afar, afara, afars, afb, afd, afdecho, afear, afeard"
start_end,start_end:s:s,Sで始まりSで終わる単語,8129,"sabaigrass, sabalos, sabathikos, sabatons, sabazios, sabbathless, sabbaths, sabbaticalness, sabbaticals, sabbats, sabers, sabes"
start_end,start_end:c:s,Cで始まりSで終わる単語,7148,"cabalas, cabalisms, cabalists, caballeros, caballos, cabals, cabanas, cabarets, cabas, cabbageheadedness, cabbages, cabbalahs"
start_end,start_end:p:s,Pで始まりSで終わる単語,6575,"paaraphimosis, paas, pabulous, pabulums, pacas, pacemakers, pacers, paces, pacesetters, pachadoms, pachalics, pachas"
start_end,start_end:u:d,Uで始まりDで終わる単語,5487,"ubound, uddered, uglified, ugroid, ulcerated, ulcered, ullaged, ulnad, uloborid, uloid, ulstered, ultimated"
start_end,start_end:s:e,Sで始まりEで終わる単語,5421,"sabadine, sabadinine, sabalaceae, sabalote, sabbathize, sabbathlike, sabbatine, sabbatize, sabe, sabellianize, sabellidae, saberlike"
start_end,start_end:a:s,Aで始まりSで終わる単語,5266,"aahs, aaliis, aals, aardvarks, aardwolves, aas, aasvogels, abacas, abaciscus, abaculus, abacus, abacuses"
start_end,start_end:p:e,Pで始まりEで終わる単語,5265,"pabble, pacable, pacane, pacate, pacative, pace, pacemake, pachydermatocele, pachyglossate, pachytene, pachnolite, pacifiable"
start_end,start_end:c:e,Cで始まりEで終わる単語,5192,"caballine, cabane, cabbage, cabbagelike, cabbalize, cabbie, cabble, cabellerote, cabezone, cabinetmake, cabinlike, cable"
start_end,start_end:s:y,Sで始まりYで終わる単語,4121,"sabbatary, sabbathly, sabbatically, sabby, sably, sabulosity, saccarify, saccharify, saccharimetry, saccharinely, saccharinity, saccharometry"
start_end,start_end:m:s,Mで始まりSで終わる単語,4120,"maars, macabreness, macacos, macacus, macadamizes, macadams, macaques, macareus, macaronics, macaronies, macaronis, macaroons"
start_end,start_end:a:e,Aで始まりEで終わる単語,4087,"aaronite, abacate, abacinate, abadite, abaisance, abaisse, abalienate, abalone, abampere, abandonable, abandonee, abase"
start_end,start_end:b:s,Bで始まりSで終わる単語,4007,"baalisms, baals, baas, baaskaaps, babaylanes, babas, babassus, babbittess, babbitts, babblers, babbles, babblings"
start_end,start_end:t:s,Tで始まりSで終わる単語,3932,"tabacosis, tabanids, tabanus, tabards, tabarets, tabbies, tabbis, tabbises, tabernacles, tabers, tabes, tabetics"
start_end,start_end:d:s,Dで始まりSで終わる単語,3882,"dabbers, dabblers, dabbles, dabblingness, dabblings, dabchicks, dabitis, dabs, dabsters, daces, dachas, dachs"
start_end,start_end:u:y,Uで始まりYで終わる単語,3699,"uberously, uberty, ubiety, ubiquitary, ubiquity, ubiquitously, udometry, ufology, ugly, uglify, uglily, ugsomely"
start_end,start_end:u:e,Uで始まりEで終わる単語,3562,"uaupe, ubbenite, ubbonite, ubique, ucayale, uchee, udderlike, ugglesome, uglisome, ugrianize, ugsome, uintahite"
start_end,start_end:p:y,Pで始まりYで終わる単語,3504,"pabulary, pabulatory, pacay, pacately, paceway, pachycephaly, pachydactyly, pachydermatously, pacify, pacifically, pacificatory, pacificistically"
start_end,start_end:r:s,Rで始まりSで終わる単語,3440,"rabatos, rabbets, rabbies, rabbinates, rabbins, rabbis, rabbitberries, rabbiters, rabbitfishes, rabbitries, rabbits, rabblers"
start_end,start_end:u:s,Uで始まりSで終わる単語,3192,"ualis, uberous, uberousness, uberties, ubieties, ubiquious, ubiquitaries, ubiquitariness, ubiquities, ubiquitous, ubiquitousness, uckers"
start_end,start_end:d:e,Dで始まりEで終わる単語,3191,"dabble, dace, daceloninae, dacelonine, dachshunde, dacite, dacoitage, dacryagogue, dacryocele, dacryocystocele, dacryocystotome, dacryolite"
start_end,start_end:m:e,Mで始まりEで終わる単語,3049,"maamselle, mabble, macabre, macabresque, macadamise, macadamite, macadamize, macague, macanese, macaque, macarize, macassarese"
start_end,start_end:s:d,Sで始まりDで終わる単語,3044,"saad, sabbed, sabed, sabellid, sabelloid, sabered, sabotaged, saboted, sabred, sacbrood, saccated, saccharated"
start_end,start_end:e:s,Eで始まりSで終わる単語,2927,"eadios, eagerness, eagers, eagles, eagless, eaglets, eagrass, eagres, eanlings, earaches, eardrops, eardrums"
start_end,start_end:h:s,Hで始まりSで終わる単語,2919,"haafs, haars, habaneras, habdalahs, habeas, haberdasheress, haberdasheries, haberdashers, habiliments, habitableness, habitancies, habitans"
start_end,start_end:t:e,Tで始まりEで終わる単語,2911,"tabagie, tabanidae, tabatiere, tabellariaceae, tabernacle, tabernae, tabernariae, tabescence, tabitude, tablature, table, tableclothwise"
start_end,start_end:c:y,Cで始まりYで終わる単語,2833,"cabalistically, cabbagy, cabbalistically, cabby, cabinetry, cableway, cachexy, cachinnatory, cacochymy, cacodoxy, cacoeconomy, cacoepy"
start_end,start_end:f:s,Fで始まりSで終わる単語,2745,"fabaceous, fabes, fablers, fables, fabricates, fabrications, fabricators, fabricatress, fabrics, fabulists, fabulous, fabulousness"
start_end,start_end:r:e,Rで始まりEで終わる単語,2738,"rabatine, rabatte, rabbanite, rabbinate, rabbinite, rabbinize, rabbiteye, rabbitlike, rabbitwise, rabble, rabblelike, rabblesome"
start_end,start_end:b:e,Bで始まりEで終わる単語,2669,"baalite, baalize, babacoote, babbage, babbie, babblative, babble, babblesome, babe, babelike, babelize, babiche"
start_end,start_end:s:r,Sで始まりRで終わる単語,2634,"sabbathbreaker, sabbathkeeper, saber, sabir, saboteur, sabotier, sabreur, saccarimeter, saccharifier, saccharimeter, saccharoceptor, saccharometer"
start_end,start_end:p:n,Pで始まりNで終わる単語,2599,"pabulation, pacation, pacchionian, pachyblepharon, pachysaurian, pachomian, pacification, pacinian, packman, packmen, packtrain, paction"
start_end,start_end:o:s,Oで始まりSで終わる単語,2553,"oafishness, oafs, oakmoss, oakmosses, oaks, oakums, oannes, oarfishes, oaritis, oarless, oarlocks, oars"
start_end,start_end:i:e,Iで始まりEで終わる単語,2535,"iambe, iambize, ianthine, ianthinite, iare, iarovize, ibadite, iberite, ibididae, ibidinae, ibidine, ibsenite"
start_end,start_end:s:n,Sで始まりNで終わる単語,2524,"saan, saanen, saarbrucken, sabadin, sabaean, sabayon, saban, sabaton, sabazian, sabbatarian, sabbatean, sabbathaian"
start_end,start_end:i:s,Iで始まりSで終わる単語,2474,"iacchos, iacchus, iambelegus, iambics, iambs, iambus, iambuses, ianus, iapetus, iapyges, iatraliptics, iatromathematics"
start_end,start_end:g:s,Gで始まりSで終わる単語,2463,"gabardines, gabbais, gabbards, gabbarts, gabbers, gabbiness, gabblers, gabbles, gabbros, gabelles, gaberdines, gabfests"
start_end,start_end:n:y,Nで始まりYで終わる単語,2407,"nabby, nabobery, nabobically, nabobishly, nabobry, nacry, naebody, naggy, naggingly, naggly, nay, naifly"
start_end,start_end:l:s,Lで始まりSで終わる単語,2399,"laagers, labarums, labdacismus, labdanums, labelers, labellers, labels, labialismus, labials, labiates, labiatiflorous, labidophorous"
start_end,start_end:e:e,Eで始まりEで終わる単語,2390,"eachwhere, eagle, eaglelike, eaglestone, eagre, earable, earache, earcockle, earhole, earle, earlike, earlobe"
start_end,start_end:p:l,Pで始まりLで終わる単語,2372,"paal, pachycephal, pachydactyl, pachydermal, pachydermial, pachyglossal, pacifical, packall, packwall, pactional, paddleball, paddockstool"
start_end,start_end:n:s,Nで始まりSで終わる単語,2354,"naassenes, nabalus, nabis, nablas, nablus, naboberies, nabobess, nabobesses, nabobisms, nabobrynabobs, nabobs, nabs"
start_end,start_end:c:n,Cで始まりNで終わる単語,2304,"cabaan, caban, cabbagetown, cabezon, cabin, cabirean, cabirian, cableman, cablemen, cabman, cabmen, cabochon"
start_end,start_end:p:d,Pで始まりDで終わる単語,2275,"paceboard, paced, pachydermatoid, pachydermoid, pachypod, pacificated, pacified, packaged, packboard, packed, packeted, packthread"
start_end,start_end:c:d,Cで始まりDで終わる単語,2207,"caballed, cabbaged, cabbagehead, cabbageheaded, cabbagewood, cabbed, cabbled, cabined, cabineted, cabinetted, cabled, cablelaid"
start_end,start_end:s:t,Sで始まりTで終わる単語,2195,"sabaist, sabanut, sabbat, sabbathaist, sabbatist, sabot, sacalait, sacbut, sacerdotalist, sachet, sackbut, sackbutt"
start_end,start_end:n:e,Nで始まりEで終わる単語,2155,"nabalite, nabathite, nable, nacarine, nace, nacelle, nache, nacre, nacrine, nacrite, nadorite, nae"
start_end,start_end:a:y,Aで始まりYで終わる単語,2139,"abacay, abactinally, abay, abandonedly, abasedly, abashedly, abashlessly, abbacy, abbey, abby, abbotcy, abbreviately"
start_end,start_end:p:c,Pで始まりCで終わる単語,2086,"pac, pachalic, pachycephalic, pachydermic, pachyhaemic, pachyhymenic, pachymenic, pachymeningitic, pachyntic, pachypleuritic, pacific, pacificistic"
start_end,start_end:s:l,Sで始まりLで終わる単語,2048,"sabal, sabbatical, saberbill, sabrebill, saburral, saccharimetrical, saccharoidal, saccharometrical, sacerdotal, sacerdotical, sacheverell, sackful"
start_end,start_end:a:n,Aで始まりNで終わる単語,1996,"aaron, abacination, abaction, abaddon, abalation, abalienation, abandon, abannition, abaptiston, abarticulation, abassin, abaton"
start_end,start_end:u:g,Uで始まりGで終わる単語,1989,"uang, uglifying, uhtensang, uhtsong, ulcerating, ulcering, ulling, ulstering, ultimating, ultrabelieving, ultracentrifuging, ultrayoung"
start_end,start_end:s:g,Sで始まりGで終わる単語,1979,"sabbathbreaking, sabbathkeeping, sabbing, sabeing, sabering, saberleg, saberwing, sabing, sabotaging, sabring, saccharifying, saccharizing"
start_end,start_end:c:r,Cで始まりRで終わる単語,1970,"caballer, cabaretier, cabber, cabbler, cabdriver, caber, cabinetmaker, cabinetworker, cabler, caboceer, cachinnator, cackler"
start_end,start_end:p:t,Pで始まりTで終わる単語,1934,"paccanarist, pachyodont, pacht, pacificist, pacifist, packet, packrat, pacolet, pacquet, pact, paddleboat, paddlefoot"
start_end,start_end:a:a,Aで始まりAで終わる単語,1903,"aaa, aba, ababua, abaca, abada, abadia, abaka, abama, abanga, abasia, abatua, abba"
start_end,start_end:i:y,Iで始まりYで終わる単語,1860,"iamatology, iambically, iatrochemically, iatrochemistry, iatrogenically, iatrogenicity, iatrology, ichneumonology, ichnography, ichnographically, ichnolithology, ichnology"
start_end,start_end:h:e,Hで始まりEで終わる単語,1856,"habbe, habble, habe, habenulae, haberdine, habere, habilable, habile, habilitate, habille, habitable, habitacle"
start_end,start_end:o:e,Oで始まりEで終わる単語,1834,"oaklike, oaktongue, oarage, oarhole, oariocele, oarlike, oasthouse, oatcake, oatlike, obambulate, obarne, obbenite"
start_end,start_end:r:d,Rで始まりDで終わる単語,1794,"raad, raband, rabatted, rabbeted, rabbited, rabbithearted, rabbitweed, rabbitwood, rabbled, rabid, racebrood, racecard"
start_end,start_end:p:a,Pで始まりAで終わる単語,1790,"paba, paca, pacaguara, pacaya, paccha, pacha, pachanga, pachyacria, pachyaemia, pachycephalia, pachychilia, pachychymia"
start_end,start_end:f:e,Fで始まりEで終わる単語,1781,"faade, fabaceae, fable, fabricable, fabricate, fabricative, fabricature, fabrile, fabrique, fabroniaceae, fabulate, fabulize"
start_end,start_end:p:r,Pで始まりRで終わる単語,1780,"paar, paawkier, pabular, pacemaker, pacer, pacesetter, pachymeter, pachometer, pacificator, pacifier, packager, packbuilder"
start_end,start_end:d:y,Dで始まりYで終わる単語,1732,"dabby, dabblingly, dacoity, dacryocystorhinostomy, dacryocystosyringotomy, dacryocystotomy, dactylically, dactylioglyphy, dactyliography, dactyliology, dactyliomancy, dactylography"
start_end,start_end:c:a,Cで始まりAで終わる単語,1730,"caaba, caama, caapeba, caatinga, caba, cabaa, cabala, cabaletta, caballeria, cabana, cabasa, cabbala"
start_end,start_end:b:d,Bで始まりDで終わる単語,1716,"baaed, babbitted, babbled, babehood, babied, babyfied, babyhood, babillard, babished, baburd, baccated, baccharoid"
start_end,start_end:c:t,Cで始まりTで終わる単語,1705,"cabalist, cabaret, cabasset, cabbalist, cabernet, cabinet, cablecast, cablet, cabot, cabret, cabriolet, cabrit"
start_end,start_end:t:y,Tで始まりYで終わる単語,1636,"tabby, tabefy, tabidly, tableclothy, tableity, tabletary, tabulary, tabularly, tabulatory, tacheography, tacheometry, tachygraphy"
start_end,start_end:a:c,Aで始まりCで終わる単語,1624,"aaronic, aaronitic, abac, abanic, abasic, abatic, abbotric, abc, abdominocardiac, abdominocystic, abdominothoracic, abenteric"
start_end,start_end:m:y,Mで始まりYで終わる単語,1593,"macaboy, macabrely, macaronically, macartney, maccaboy, maccoboy, machiavellianly, machinability, machinely, machinery, machinify, macilency"
start_end,start_end:g:e,Gで始まりEで終わる単語,1587,"gabardine, gabble, gabe, gabelle, gaberdine, gaberloonie, gaberlunzie, gabionade, gabionage, gable, gablelike, gablewise"
start_end,start_end:d:d,Dで始まりDで終わる単語,1555,"dabbed, dabbled, dachshound, dachshund, dackered, dacoited, dacryd, dactyloid, dactylozooid, dad, dadburned, daddled"
start_end,start_end:r:g,Rで始まりGで終わる単語,1538,"rabatting, rabbeting, rabbiting, rabbling, racegoing, racemizing, racing, rackateering, racketeering, racketing, racking, radding"
start_end,start_end:d:n,Dで始まりNで終わる単語,1498,"dacian, dacryolin, dacryon, dacron, dactylion, dadoxylon, daedalean, daedalian, daekon, daemon, daemonian, dagestan"
start_end,start_end:p:g,Pで始まりGで終わる単語,1486,"paaneleinrg, pacemaking, pacesetting, pacificating, pacifying, pacing, packaging, packeting, packing, packmaking, packtong, padang"
start_end,start_end:a:t,Aで始まりTで終わる単語,1465,"abacist, abacot, abaft, abandonment, abanet, abasement, abashment, abatement, abbest, abbot, abbott, abbroachment"
start_end,start_end:w:s,Wで始まりSで終わる単語,1461,"wabblers, wabbles, wabbliness, wabs, wackes, wackiness, wacks, wacs, wadders, waddies, waddings, waddlers"
start_end,start_end:c:l,Cで始まりLで終わる単語,1458,"cabal, cabalistical, caball, cabbalistical, cabful, cachectical, cachespell, cackerel, cacochymical, cacodaemonial, cacodemonial, cacodyl"
start_end,start_end:m:n,Mで始まりNで終わる単語,1450,"maarten, mabinogion, macadamization, macan, macaron, macaroon, maccabean, macedon, macedonian, maceman, maceration, machan"
start_end,start_end:l:e,Lで始まりEで終わる単語,1445,"labellate, labialise, labialize, labiatae, labiate, labiduridae, labile, labilize, labiopalatalize, labiopalatine, labiose, labiovelarise"
start_end,start_end:c:g,Cで始まりGで終わる単語,1435,"caaming, caballing, cabbaging, cabbing, cabbling, cabdriving, cabineting, cabinetmaking, cabinetworking, cabining, cabling, cacheting"
start_end,start_end:s:a,Sで始まりAで終わる単語,1435,"saa, saba, sabadilla, sabakha, sabana, sabbatia, sabbeka, sabbitha, sabdariffa, sabeca, sabella, sabellaria"
start_end,start_end:t:n,Tで始まりNで終わる単語,1434,"tabacin, tabefaction, tabellion, tableman, tablespoon, taborin, tabourin, tabularisation, tabularization, tabulation, tacan, tacanan"
start_end,start_end:m:d,Mで始まりDで終わる単語,1413,"maad, macadamized, macarized, macclesfield, maced, macehead, macerated, machecoled, machicolated, machinated, machined, machinized"
start_end,start_end:o:y,Oで始まりYで終わる単語,1400,"oafishly, oakberry, oakboy, oaky, oary, oariopathy, oariotomy, oathay, oathworthy, oaty, obambulatory, obdiplostemony"
start_end,start_end:a:l,Aで始まりLで終わる単語,1360,"aal, aaronical, aasvogel, abacterial, abactinal, abapical, abastral, abaxial, abbatial, abbatical, abdal, abdiel"
start_end,start_end:p:m,Pで始まりMで終わる単語,1328,"pabalum, pablum, pabulum, pachadom, pachyderm, pacificism, pacifism, pactum, paddyism, padronism, paduanism, paeanism"
start_end,start_end:r:y,Rで始まりYで終わる単語,1328,"rabbinically, rabbitberry, rabbity, rabbitry, rabdomancy, rabidity, rabidly, raccoonberry, racemosely, racemously, raceway, rachiotomy"
start_end,start_end:r:n,Rで始まりNで終わる単語,1283,"raanan, rabban, rabbin, rabbitskin, rabelaisian, rabin, rablin, raccoon, racemation, racemization, rachycentron, rachidian"
start_end,start_end:o:d,Oで始まりDで終わる単語,1282,"oad, oakland, oakwood, oared, oarrowheaded, oarweed, oathed, oatland, oatseed, obcompressed, obdeltoid, obdurated"
start_end,start_end:b:r,Bで始まりRで終わる単語,1269,"baar, babbitter, babbler, babysitter, baccar, bacchar, bachelor, bacillar, backbar, backbear, backbencher, backbiter"
start_end,start_end:e:y,Eで始まりYで終わる単語,1253,"eably, eagerly, early, earnestly, earthy, earthily, earthly, earthshakingly, earwiggy, easefully, easy, easygoingly"
start_end,start_end:h:y,Hで始まりYで終わる単語,1252,"haberdashery, habilatory, habilimentary, hability, habitability, habitably, habitally, habitancy, habituality, habitually, hackberry, hackery"
start_end,start_end:a:d,Aで始まりDで終わる単語,1248,"aahed, abaised, abaissed, abalienated, aband, abandoned, abased, abashed, abastard, abated, abatised, abattised"
start_end,start_end:v:s,Vで始まりSで終わる単語,1234,"vaalpens, vacancies, vacantheartedness, vacantness, vacates, vacationers, vacationists, vacationless, vacations, vaccigenous, vaccinas, vaccinates"
start_end,start_end:b:y,Bで始まりYで終わる単語,1225,"babby, babbishly, babbittry, babbly, babblingly, babblishly, babery, baby, babyishly, babyolatry, babishly, baboonery"
start_end,start_end:t:d,Tで始まりDで終わる単語,1215,"taalbond, taband, tabanid, tabard, tabarded, tabbed, tabbied, tabered, tabernacled, tabid, tabled, tablehopped"
start_end,start_end:t:r,Tで始まりRで終わる単語,1214,"taar, tabasheer, tabashir, tabaxir, tabber, taber, taberdar, tabernacler, tabernacular, tablemaker, tabler, tablier"
start_end,start_end:d:g,Dで始まりGで終わる単語,1185,"dabbing, dabbling, dackering, dacoiting, dadayag, dadding, daddling, dading, dadoing, daffing, daffling, dag"
start_end,start_end:m:a,Mで始まりAで終わる単語,1184,"maana, maba, mabela, mabellona, macaca, macadamia, macaglia, macana, macaranga, macchia, macchinetta, macedonia"
start_end,start_end:s:c,Sで始まりCで終わる単語,1181,"sabbathaic, sabbatic, sac, saccadic, saccharic, saccharimetric, saccharinic, saccharobutyric, saccharochemotropic, saccharogenic, saccharohumic, saccharolactonic"
start_end,start_end:a:r,Aで始まりRで終わる単語,1178,"abactor, abaiser, abandoner, abarticular, abaser, abater, abatjour, abator, abattoir, abbr, abbreviator, abdicator"
start_end,start_end:r:t,Rで始まりTで終わる単語,1170,"rabat, rabattement, rabbanist, rabbet, rabbinist, rabbit, rabbitroot, rabblement, rabinet, rabot, racahout, raceabout"
start_end,start_end:d:r,Dで始まりRで終わる単語,1169,"daalder, dabber, dabbler, dabster, dacker, dactylar, dactyliographer, dactylographer, dadder, daer, daffier, daftar"
start_end,start_end:d:t,Dで始まりTで終わる単語,1169,"dablet, dacoit, dacryocyst, dactylioglyphist, dactylist, dadaist, daddynut, daedalist, daemonurgist, daffiest, daft, daftest"
start_end,start_end:b:n,Bで始まりNで終わる単語,1153,"babaylan, babbittian, babhan, babylon, babylonian, babion, baboen, baboon, bacauan, baccalaurean, bacchanalian, bacchanalization"
start_end,start_end:f:y,Fで始まりYで終わる単語,1106,"fabulosity, fabulously, facetely, facetiously, facy, facially, facilely, facily, facility, facingly, facty, facticity"
start_end,start_end:s:m,Sで始まりMで終わる単語,1104,"sabaeanism, sabaeism, sabaism, sabazianism, sabbatarianism, sabbathism, sabbatism, sabellianism, sabianism, saboraim, sabulum, saccharometabolism"
start_end,start_end:b:t,Bで始まりTで終わる単語,1100,"baalist, babbit, babbitt, babblement, babelet, babysat, babysit, babist, baboonroot, baboot, babouvist, babracot"
start_end,start_end:b:g,Bで始まりGで終わる単語,1085,"baahling, baaing, babbitting, babbling, babying, babysitting, baching, backaching, backbearing, backbiting, backbreaking, backdating"
start_end,start_end:m:r,Mで始まりRで終わる単語,1078,"maar, mabyer, macaber, macadamer, macadamizer, macassar, macaviator, macebearer, macer, macerater, macerator, machair"
start_end,start_end:r:r,Rで始まりRで終わる単語,1038,"rabbiter, rabbler, rabiator, racegoer, racer, racerunner, racetracker, rachiometer, racier, rackateer, racker, racketeer"
start_end,start_end:n:n,Nで始まりNで終わる単語,1027,"naaman, nabataean, nabatean, nabathaean, nabathean, nabothian, naggin, nagman, nagsman, nahuan, nahuatlan, nahuatlecan"
start_end,start_end:u:t,Uで始まりTで終わる単語,1027,"uberant, ubiquist, ubiquit, ubiquitist, ufologist, ugliest, ugt, uit, ult, ultrabenevolent, ultrabrilliant, ultraconcomitant"
start_end,start_end:m:t,Mで始まりTで終わる単語,1023,"maat, machairodont, machiavellist, machinament, machinist, machinoclast, macilent, macroanalyst, macroblast, macrocyst, macroconjugant, macrodont"
start_end,start_end:f:d,Fで始まりDで終わる単語,1022,"fabled, fableland, fabricated, fabrikoid, facaded, facebread, faced, faceted, facetted, faciend, facilitated, facsimiled"
start_end,start_end:o:g,Oで始まりGで終わる単語,1020,"oakling, oaring, obdurating, obeying, obelising, obelisking, obelizing, obfuscating, objectifying, objecting, objectivating, objectivizing"
start_end,start_end:u:l,Uで始まりLで終わる単語,1010,"ucal, udal, udderful, udell, ueueteotl, uinal, ull, ulnocarpal, ulnometacarpal, ulnoradial, ultimobranchial, ultracentrifugal"
start_end,start_end:e:n,Eで始まりNで終わる単語,1002,"ealderman, ealdorman, ealdormen, ean, earn, earthborn, earthen, earthian, earthkin, earthman, earthmen, earthquaken"
start_end,start_end:t:l,Tで始まりLで終わる単語,1000,"taal, tabel, tabifical, tableful, tablesful, tablespoonful, tablespoonsful, tachyglossal, tachygraphical, tachiol, tachysterol, tactful"